participant_id,first_name,last_name,gender,age,grade,region,district,school,language,family_type,round_1_score,passed_round_1
P00001,Дана,Бекенов,F,11,5,Жетысуская область,Северный район,Школа №5,kk,full,62.5,False
P00002,Шынгыс,Темирбеков,M,14,8,г. Алматы,Северный район,Школа №5,kk,full,52.9,False
P00003,Аяна,Маратов,F,17,11,Павлодарская область,Южный район,Школа №2,kk,full,64.7,False
P00004,Ержан,Сатпаев,M,15,9,Западно-Казахстанская область,Сельский район,Школа №4,kk,full,77.8,True
P00005,Ержан,Сатпаев,M,15,10,Жамбылская область,Заречный район,Школа №2,kk,single,45.5,False
P00006,Меруерт,Касенов,F,14,9,Кызылординская область,Северный район,Школа №2,kk,full,51.5,False
P00007,Артём,Новиков,M,12,6,Мангистауская область,Южный район,Школа №5,ru,single,72.7,True
P00008,Айдана,Кадыров,F,17,11,Мангистауская область,Южный район,Школа №5,kk,full,66.5,True
P00009,Ольга,Смирнова,F,16,9,Западно-Казахстанская область,Северный район,Школа №5,ru,full,48.0,False
P00010,Аружан,Тулегенов,F,12,6,Туркестанская область,Центральный район,Школа №1,kk,single,57.1,False
P00011,Жаныбек,Сатпаев,M,16,11,Северо-Казахстанская область,Западный район,Школа №5,kk,full,48.0,False
P00012,Дмитрий,Попов,M,10,4,Алматинская область,Южный район,Школа №4,ru,single,42.0,False
P00013,Алтынай,Касенов,F,12,6,Карагандинская область,Сельский район,Школа №5,kk,single,52.6,False
P00014,Полина,Иванова,F,17,11,г. Шымкент,Южный район,Школа №1,ru,full,26.3,False
P00015,Алихан,Сериков,M,16,10,Туркестанская область,Сельский район,Школа №5,kk,full,29.1,False
P00016,Сабина,Сатпаев,F,16,10,Павлодарская область,Северный район,Школа №2,kk,single,40.6,False
P00017,Сабина,Абилов,F,11,4,Алматинская область,Северный район,Школа №3,kk,full,39.8,False
P00018,Айдар,Бекенов,M,15,9,Актюбинская область,Центральный район,Школа №1,kk,full,59.7,False
P00019,Тимур,Сатпаев,M,11,6,Туркестанская область,Северный район,Школа №4,kk,full,41.4,False
P00020,Айдар,Касенов,M,15,10,Алматинская область,Центральный район,Школа №3,kk,full,33.8,False
P00021,Нурлан,Алиев,M,15,8,Западно-Казахстанская область,Восточный район,Школа №1,kk,full,77.0,True
P00022,Айгерим,Сериков,F,12,6,Жетысуская область,Северный район,Школа №4,kk,single,45.6,False
P00023,Жаныбек,Жумабеков,M,15,9,Северо-Казахстанская область,Южный район,Школа №5,kk,full,56.0,False
P00024,Никита,Морозов,M,16,9,Акмолинская область,Заречный район,Школа №1,ru,single,27.6,False
P00025,Сабина,Сериков,F,15,8,Восточно-Казахстанская область,Центральный район,Школа №2,kk,full,46.8,False
P00026,Малика,Касенов,F,12,6,г. Астана,Западный район,Школа №3,kk,full,56.7,False
P00027,Дмитрий,Новиков,M,15,8,Костанайская область,Сельский район,Школа №1,ru,single,31.7,False
P00028,Дамир,Алиев,M,13,7,Кызылординская область,Центральный район,Школа №3,kk,single,54.6,False
P00029,Сабина,Темирбеков,F,17,11,г. Алматы,Южный район,Школа №1,kk,full,46.0,False
P00030,Дарья,Соколова,F,12,6,Карагандинская область,Западный район,Школа №3,ru,full,50.6,False
P00031,Александр,Петров,M,13,7,Павлодарская область,Сельский район,Школа №1,ru,full,46.0,False
P00032,Михаил,Лебедев,M,15,9,г. Алматы,Центральный район,Школа №2,ru,full,82.8,True
P00033,Данияр,Кадыров,M,15,9,Акмолинская область,Южный район,Школа №2,kk,single,48.8,False
P00034,Эльмира,Маратов,F,16,11,Атырауская область,Северный район,Школа №2,kk,full,39.1,False
P00035,Мария,Кузнецова,F,13,8,Западно-Казахстанская область,Северный район,Школа №1,ru,single,61.3,False
P00036,Максим,Попов,M,12,6,Карагандинская область,Сельский район,Школа №2,ru,full,36.7,False
P00037,Дамир,Кадыров,M,12,7,Улытауская область,Восточный район,Школа №5,kk,full,58.1,False
P00038,Дана,Темирбеков,F,15,8,Алматинская область,Западный район,Школа №3,kk,full,25.6,False
P00039,Айдана,Маратов,F,16,10,Павлодарская область,Центральный район,Школа №5,kk,full,35.1,False
P00040,Иван,Волков,M,15,9,Костанайская область,Заречный район,Школа №3,ru,full,58.0,False
P00041,Балжан,Нурланов,F,15,9,Мангистауская область,Заречный район,Школа №2,kk,full,66.1,True
P00042,Балжан,Нурланов,F,14,8,г. Астана,Западный район,Школа №4,kk,full,57.6,False
P00043,Дарья,Петрова,F,13,7,Карагандинская область,Западный район,Школа №5,ru,full,53.3,False
P00044,Адильхан,Темирбеков,M,15,8,Жетысуская область,Восточный район,Школа №1,kk,full,50.5,False
P00045,Гульнара,Алиев,F,16,10,Абайская область,Сельский район,Школа №1,kk,full,32.8,False
P00046,Айдана,Тулегенов,F,17,10,Жетысуская область,Сельский район,Школа №2,kk,single,38.2,False
P00047,Ольга,Волкова,F,14,8,Улытауская область,Восточный район,Школа №5,ru,single,42.1,False
P00048,Бекжан,Касенов,M,15,9,Западно-Казахстанская область,Сельский район,Школа №4,kk,full,70.9,True
P00049,Динара,Кадыров,F,14,8,г. Алматы,Центральный район,Школа №2,kk,single,54.2,False
P00050,Темирлан,Абилов,M,15,8,Павлодарская область,Центральный район,Школа №4,kk,single,22.6,False
P00051,Никита,Лебедев,M,16,10,Туркестанская область,Центральный район,Школа №3,ru,full,59.9,False
P00052,Екатерина,Новикова,F,14,8,Жетысуская область,Южный район,Школа №1,ru,single,43.2,False
P00053,София,Морозова,F,11,5,Абайская область,Восточный район,Школа №1,ru,full,44.8,False
P00054,Жаныбек,Кадыров,M,13,7,Жамбылская область,Восточный район,Школа №4,kk,full,64.2,False
P00055,Темирлан,Темирбеков,M,16,10,Кызылординская область,Северный район,Школа №1,kk,full,70.5,True
P00056,Арман,Абилов,M,16,10,Алматинская область,Западный район,Школа №4,kk,full,69.0,True
P00057,Анна,Смирнова,F,15,9,Карагандинская область,Центральный район,Школа №3,ru,full,42.4,False
P00058,Гульнара,Сериков,F,17,10,Карагандинская область,Сельский район,Школа №1,kk,single,44.4,False
P00059,Ержан,Сериков,M,15,10,Улытауская область,Заречный район,Школа №4,kk,full,60.0,False
P00060,Максим,Смирнов,M,16,9,Павлодарская область,Северный район,Школа №3,ru,single,63.6,False
P00061,Никита,Соколов,M,13,7,Костанайская область,Сельский район,Школа №1,ru,full,47.8,False
P00062,Жаныбек,Кадыров,M,14,8,Абайская область,Восточный район,Школа №2,kk,single,46.2,False
P00063,Дмитрий,Морозов,M,13,7,Абайская область,Западный район,Школа №1,ru,full,38.4,False
P00064,Ольга,Новикова,F,16,10,Абайская область,Центральный район,Школа №4,ru,full,37.1,False
P00065,Ержан,Нурланов,M,13,7,г. Алматы,Южный район,Школа №4,kk,full,67.2,True
P00066,Сауле,Маратов,F,14,7,Восточно-Казахстанская область,Северный район,Школа №4,kk,single,69.3,True
P00067,Алтынай,Бекенов,F,11,4,Карагандинская область,Северный район,Школа №3,kk,full,53.9,False
P00068,Данияр,Маратов,M,10,5,Атырауская область,Заречный район,Школа №4,kk,full,70.1,True
P00069,Аян,Темирбеков,M,13,8,Западно-Казахстанская область,Сельский район,Школа №1,kk,full,60.4,False
P00070,Томирис,Жумабеков,F,16,9,Актюбинская область,Северный район,Школа №4,kk,full,45.3,False
P00071,Меруерт,Жумабеков,F,10,5,г. Астана,Восточный район,Школа №5,kk,single,54.4,False
P00072,Алихан,Алиев,M,10,4,Жетысуская область,Северный район,Школа №2,kk,full,78.1,True
P00073,Данияр,Маратов,M,16,10,Карагандинская область,Заречный район,Школа №1,kk,single,48.5,False
P00074,Екатерина,Лебедева,F,17,11,Алматинская область,Западный район,Школа №2,ru,full,78.5,True
P00075,Тимур,Жумабеков,M,16,10,Северо-Казахстанская область,Центральный район,Школа №3,kk,full,15.7,False
P00076,Айдана,Нурланов,F,13,6,Костанайская область,Западный район,Школа №1,kk,full,67.3,True
P00077,Дмитрий,Волков,M,15,9,Акмолинская область,Сельский район,Школа №4,ru,single,50.3,False
P00078,Рамазан,Сериков,M,15,9,Туркестанская область,Южный район,Школа №3,kk,full,50.5,False
P00079,Камила,Тулегенов,F,13,7,Акмолинская область,Восточный район,Школа №3,kk,single,50.4,False
P00080,Сауле,Абилов,F,15,9,Павлодарская область,Центральный район,Школа №3,kk,full,25.2,False
P00081,Сауле,Алиев,F,12,5,Карагандинская область,Восточный район,Школа №4,kk,single,45.7,False
P00082,Айгерим,Тулегенов,F,13,8,Павлодарская область,Центральный район,Школа №1,kk,full,60.4,False
P00083,Дмитрий,Морозов,M,14,7,Западно-Казахстанская область,Восточный район,Школа №4,ru,full,77.2,True
P00084,Арман,Сериков,M,14,7,Западно-Казахстанская область,Сельский район,Школа №4,kk,full,47.2,False
P00085,Никита,Волков,M,14,8,Туркестанская область,Сельский район,Школа №5,ru,full,42.9,False
P00086,Динара,Бекенов,F,10,4,Жетысуская область,Западный район,Школа №4,kk,single,41.5,False
P00087,Аружан,Абилов,F,12,7,Акмолинская область,Северный район,Школа №5,kk,single,62.7,False
P00088,Олжас,Темирбеков,M,11,5,Атырауская область,Восточный район,Школа №2,kk,full,59.9,False
P00089,Динара,Касенов,F,16,11,г. Алматы,Восточный район,Школа №4,kk,full,47.1,False
P00090,Дмитрий,Кузнецов,M,14,8,Актюбинская область,Восточный район,Школа №1,ru,single,56.7,False
P00091,Дмитрий,Попов,M,14,8,Кызылординская область,Восточный район,Школа №5,ru,full,56.5,False
P00092,Никита,Кузнецов,M,15,9,Туркестанская область,Западный район,Школа №4,ru,full,69.5,True
P00093,Дмитрий,Морозов,M,17,11,Восточно-Казахстанская область,Центральный район,Школа №3,ru,full,44.5,False
P00094,Данияр,Бекенов,M,14,8,Мангистауская область,Сельский район,Школа №2,kk,full,50.1,False
P00095,Камила,Жумабеков,F,17,11,Абайская область,Западный район,Школа №1,kk,single,43.1,False
P00096,Екатерина,Волкова,F,13,7,Кызылординская область,Северный район,Школа №5,ru,full,33.0,False
P00097,Дария,Абилов,F,11,5,Акмолинская область,Западный район,Школа №2,kk,full,59.4,False
P00098,Темирлан,Кадыров,M,13,7,Улытауская область,Западный район,Школа №2,kk,single,52.9,False
P00099,Андрей,Новиков,M,17,11,Актюбинская область,Северный район,Школа №2,ru,single,49.1,False
P00100,Камила,Темирбеков,F,15,9,Западно-Казахстанская область,Западный район,Школа №3,kk,full,51.5,False
P00101,Анна,Кузнецова,F,14,7,Туркестанская область,Центральный район,Школа №5,ru,full,33.8,False
P00102,Дмитрий,Лебедев,M,13,7,Алматинская область,Северный район,Школа №1,ru,full,48.7,False
P00103,Жаныбек,Абилов,M,14,8,Кызылординская область,Заречный район,Школа №5,kk,single,43.9,False
P00104,София,Лебедева,F,14,8,Западно-Казахстанская область,Центральный район,Школа №2,ru,single,37.0,False
P00105,Михаил,Попов,M,17,11,Акмолинская область,Восточный район,Школа №1,ru,full,52.6,False
P00106,Адильхан,Темирбеков,M,13,6,Костанайская область,Северный район,Школа №5,kk,full,61.1,False
P00107,Иван,Смирнов,M,18,11,г. Шымкент,Центральный район,Школа №2,ru,full,83.3,True
P00108,Александр,Смирнов,M,14,9,Абайская область,Южный район,Школа №2,ru,full,57.6,False
P00109,Михаил,Петров,M,14,9,Актюбинская область,Восточный район,Школа №3,ru,full,58.9,False
P00110,Санжар,Жумабеков,M,17,11,Северо-Казахстанская область,Заречный район,Школа №1,kk,full,53.9,False
P00111,Максим,Петров,M,12,5,Актюбинская область,Южный район,Школа №1,ru,full,26.2,False
P00112,Эльмира,Тулегенов,F,10,5,Карагандинская область,Восточный район,Школа №4,kk,single,48.6,False
P00113,Екатерина,Лебедева,F,13,8,Северо-Казахстанская область,Северный район,Школа №4,ru,full,55.9,False
P00114,Арман,Касенов,M,10,5,Туркестанская область,Центральный район,Школа №1,kk,single,85.9,True
P00115,Айдар,Сатпаев,M,14,8,г. Алматы,Западный район,Школа №1,kk,single,46.1,False
P00116,София,Соколова,F,12,6,Кызылординская область,Центральный район,Школа №2,ru,full,59.5,False
P00117,Иван,Петров,M,17,10,Западно-Казахстанская область,Западный район,Школа №4,ru,full,54.5,False
P00118,Дана,Темирбеков,F,17,11,Восточно-Казахстанская область,Южный район,Школа №3,kk,full,37.5,False
P00119,Камила,Сериков,F,12,5,Атырауская область,Заречный район,Школа №1,kk,full,72.1,True
P00120,Ержан,Жумабеков,M,10,5,Костанайская область,Сельский район,Школа №5,kk,full,66.3,True
P00121,Алина,Жумабеков,F,14,8,Северо-Казахстанская область,Заречный район,Школа №5,kk,full,66.9,True
P00122,Алтынай,Жумабеков,F,10,4,г. Астана,Восточный район,Школа №3,kk,single,35.4,False
P00123,Бауыржан,Алиев,M,14,8,Западно-Казахстанская область,Южный район,Школа №1,kk,full,76.0,True
P00124,Михаил,Морозов,M,14,8,Кызылординская область,Центральный район,Школа №1,ru,single,28.0,False
P00125,Томирис,Нурланов,F,17,11,Павлодарская область,Южный район,Школа №1,kk,single,57.8,False
P00126,Ксения,Петрова,F,16,9,Павлодарская область,Сельский район,Школа №4,ru,full,87.9,True
P00127,Екатерина,Попова,F,15,9,Восточно-Казахстанская область,Центральный район,Школа №1,ru,single,34.1,False
P00128,Артём,Кузнецов,M,14,9,Алматинская область,Северный район,Школа №2,ru,full,46.5,False
P00129,Томирис,Сатпаев,F,16,9,Северо-Казахстанская область,Заречный район,Школа №5,kk,full,56.5,False
P00130,Меруерт,Сериков,F,15,9,Туркестанская область,Восточный район,Школа №3,kk,full,47.4,False
P00131,Айдар,Кадыров,M,16,9,Карагандинская область,Центральный район,Школа №1,kk,full,31.7,False
P00132,Анастасия,Новикова,F,14,8,г. Астана,Заречный район,Школа №5,ru,single,50.0,False
P00133,Иван,Петров,M,16,10,Улытауская область,Заречный район,Школа №2,ru,full,39.1,False
P00134,Дария,Нурланов,F,11,5,Павлодарская область,Сельский район,Школа №5,kk,full,62.1,False
P00135,Дмитрий,Соколов,M,15,9,г. Шымкент,Сельский район,Школа №1,ru,single,35.2,False
P00136,Кирилл,Смирнов,M,15,9,г. Шымкент,Заречный район,Школа №3,ru,single,72.2,True
P00137,Полина,Петрова,F,13,7,Павлодарская область,Западный район,Школа №3,ru,full,43.3,False
P00138,Аружан,Алиев,F,16,9,Актюбинская область,Южный район,Школа №1,kk,single,44.2,False
P00139,Динара,Сатпаев,F,13,6,Атырауская область,Западный район,Школа №2,kk,single,61.2,False
P00140,Нурлан,Кадыров,M,13,7,Жетысуская область,Восточный район,Школа №4,kk,full,36.5,False
P00141,Балжан,Кадыров,F,17,10,г. Астана,Восточный район,Школа №3,kk,full,58.4,False
P00142,София,Смирнова,F,14,9,Западно-Казахстанская область,Центральный район,Школа №3,ru,single,68.6,True
P00143,Алина,Алиев,F,15,10,Западно-Казахстанская область,Восточный район,Школа №2,kk,single,24.9,False
P00144,Ержан,Темирбеков,M,12,7,Павлодарская область,Центральный район,Школа №3,kk,full,57.8,False
P00145,Иван,Смирнов,M,16,10,Атырауская область,Центральный район,Школа №4,ru,single,52.9,False
P00146,Алихан,Темирбеков,M,18,11,Западно-Казахстанская область,Северный район,Школа №5,kk,full,66.7,True
P00147,Данияр,Сериков,M,13,8,Акмолинская область,Северный район,Школа №5,kk,single,30.4,False
P00148,Сабина,Сатпаев,F,10,4,Жетысуская область,Заречный район,Школа №4,kk,full,35.2,False
P00149,Андрей,Морозов,M,16,9,Кызылординская область,Центральный район,Школа №5,ru,full,62.8,False
P00150,Жаныбек,Кадыров,M,12,7,Западно-Казахстанская область, Заречный район ,Школа №1,kk,single,53.5,False
P00151,Айдана,Кадыров,F,16,10,г. Алматы,Южный район,Школа №2,kk,single,52.8,False
P00152,Арман,Сериков,M,15,10,Северо-Казахстанская область,Центральный район,Школа №1,kk,full,60.2,False
P00153,Темирлан,Абилов,M,12,7,Западно-Казахстанская область,Центральный район,Школа №2,kk,single,38.8,False
P00154,Ержан,Нурланов,M,13,7,Мангистауская область,Заречный район,Школа №4,kk,full,58.5,False
P00155,Полина,Соколова,F,15,9,Актюбинская область,Заречный район,Школа №4,ru,full,59.4,False
P00156,Данияр,Жумабеков,M,16,10,Северо-Казахстанская область,Западный район,Школа №2,kk,full,44.3,False
P00157,София,Лебедева,F,11,5,Западно-Казахстанская область,Заречный район,Школа №1,ru,full,83.0,True
P00158,Анастасия,Смирнова,F,11,5,г. Шымкент,Заречный район,Школа №1,ru,single,56.1,False
P00159,Тимур,Темирбеков,M,13,8,г. Шымкент,Северный район,Школа №3,kk,full,37.1,False
P00160,Дана,Бекенов,F,16,9,Алматинская область,Центральный район,Школа №4,kk,full,64.8,False
P00161,Екатерина,Волкова,F,12,6,Карагандинская область,Заречный район,Школа №4,ru,single,34.4,False
P00162,Максим,Петров,M,15,9,Костанайская область,Заречный район,Школа №1,ru,single,60.8,False
P00163,Дарья,Попова,F,16,10,Улытауская область,Северный район,Школа №2,ru,single,66.4,True
P00164,Ержан,Абилов,M,11,5,г. Алматы,Северный район,Школа №1,kk,single,36.7,False
P00165,Малика,Сатпаев,F,15,8,Актюбинская область,Северный район,Школа №1,kk,full,69.5,True
P00166,София,Смирнова,F,17,10,Атырауская область,Восточный район,Школа №1,ru,full,61.2,False
P00167,Бекжан,Кадыров,M,13,6,Улытауская область,Южный район,Школа №3,kk,full,67.3,True
P00168,Алина,Тулегенов,F,13,6,Восточно-Казахстанская область,Западный район,Школа №2,kk,single,77.5,True
P00169,София,Иванова,F,13,7,Абайская область,Центральный район,Школа №5,ru,single,45.3,False
P00170,Рамазан,Касенов,M,14,8,г. Алматы,Южный район,Школа №3,kk,full,43.7,False
P00171,Олжас,Нурланов,M,12,6,Туркестанская область,Восточный район,Школа №5,kk,single,35.7,False
P00172,Дарья,Попова,F,14,8,Улытауская область,Западный район,Школа №2,ru,full,42.8,False
P00173,Жаныбек,Сатпаев,M,17,10,Павлодарская область,Северный район,Школа №2,kk,single,47.8,False
P00174,Санжар,Абилов,M,18,11,Туркестанская область,Южный район,Школа №1,kk,full,60.1,False
P00175,Айдар,Темирбеков,M,12,7,Карагандинская область,Восточный район,Школа №4,kk,single,53.2,False
P00176,Иван,Лебедев,M,15,9,Кызылординская область,Центральный район,Школа №5,ru,full,67.4,True
P00177,Темирлан,Жумабеков,M,17,11,г. Шымкент,Заречный район,Школа №2,kk,full,55.2,False
P00178,Жансая,Алиев,F,9,4,Жамбылская область,Западный район,Школа №5,kk,full,76.8,True
P00179,Олжас,Алиев,M,13,7,г. Шымкент,Западный район,Школа №5,kk,single,45.0,False
P00180,Динара,Тулегенов,F,12,7,Улытауская область,Западный район,Школа №5,kk,full,95.8,True
P00181,София,Соколова,F,14,9,Абайская область,Западный район,Школа №5,ru,full,64.4,False
P00182,Шынгыс,Нурланов,M,14,9,Атырауская область,Сельский район,Школа №1,kk,full,42.1,False
P00183,Нурлан,Маратов,M,16,11,Жамбылская область,Восточный район,Школа №5,kk,single,32.9,False
P00184,Наргиз,Тулегенов,F,17,11,Мангистауская область,Южный район,Школа №4,kk,full,62.2,False
P00185,Елена,Волкова,F,15,9,Туркестанская область,Северный район,Школа №3,ru,single,45.6,False
P00186,Екатерина,Новикова,F,14,7,Костанайская область,Восточный район,Школа №3,ru,full,65.7,False
P00187,Иван,Смирнов,M,13,7,Карагандинская область,Центральный район,Школа №1,ru,full,62.1,False
P00188,Сауле,Жумабеков,F,16,9,г. Алматы,Заречный район,Школа №1,kk,full,53.9,False
P00189,Владислав,Кузнецов,M,11,5,Акмолинская область,Центральный район,Школа №4,ru,full,42.3,False
P00190,Мария,Новикова,F,12,7,Туркестанская область,Заречный район,Школа №3,ru,single,26.3,False
P00191,Темирлан,Маратов,M,16,11,Акмолинская область,Северный район,Школа №2,kk,single,42.3,False
P00192,Данияр,Темирбеков,M,17,11,Абайская область,Южный район,Школа №1,kk,full,67.8,True
P00193,Наргиз,Алиев,F,13,7,Улытауская область,Восточный район,Школа №1,kk,full,58.2,False
P00194,Динара,Жумабеков,F,15,9,г. Астана,Заречный район,Школа №2,kk,single,30.3,False
P00195,Алтынай,Алиев,F,10,4,Атырауская область,Восточный район,Школа №2,kk,full,57.6,False
P00196,Елена,Волкова,F,15,10,г. Астана,Центральный район,Школа №3,ru,full,60.8,False
P00197,Санжар,Маратов,M,14,8,Карагандинская область,Заречный район,Школа №3,kk,full,41.7,False
P00198,Шынгыс,Кадыров,M,16,10,Павлодарская область,Заречный район,Школа №4,kk,single,51.3,False
P00199,Алина,Тулегенов,F,16,11,Северо-Казахстанская область,Западный район,Школа №1,kk,full,55.9,False
P00200,Томирис,Тулегенов,F,14,8,Атырауская область,Северный район,Школа №5,kk,single,31.9,False
P00201,Ольга,Иванова,F,16,9,Северо-Казахстанская область,Северный район,Школа №4,ru,full,60.4,False
P00202,Мария,Соколова,F,10,4,Абайская область,Заречный район,Школа №1,ru,single,57.4,False
P00203,Алина,Абилов,F,16,10,Акмолинская область,Южный район,Школа №2,kk,full,71.2,True
P00204,Камила,Нурланов,F,12,6,Актюбинская область,Заречный район,Школа №5,kk,full,70.8,True
P00205,Аружан,Маратов,F,17,11,Жетысуская область, Сельский район ,Школа №1,kk,full,34.3,False
P00206,Гульнара,Бекенов,F,16,11,Северо-Казахстанская область,Южный район,Школа №2,kk,full,40.9,False
P00207,Айгерим,Бекенов,F,13,8,Жамбылская область,Центральный район,Школа №1,kk,full,62.7,False
P00208,Темирлан,Бекенов,M,14,7,Акмолинская область,Северный район,Школа №3,kk,full,62.7,False
P00209,Ксения,Кузнецова,F,12,6,Карагандинская область,Северный район,Школа №5,ru,full,62.7,False
P00210,Аяна,Касенов,F,17,11,Павлодарская область,Западный район,Школа №3,kk,single,100.0,True
P00211,Арман,Жумабеков,M,13,7,Мангистауская область,Северный район,Школа №4,kk,full,63.6,False
P00212,Анастасия,Морозова,F,14,8,Павлодарская область,Восточный район,Школа №2,ru,full,72.0,True
P00213,Ксения,Петрова,F,14,7,г. Алматы,Заречный район,Школа №1,ru,full,69.3,True
P00214,Томирис,Маратов,F,12,7,г. Алматы,Северный район,Школа №3,kk,full,64.8,False
P00215,Максим,Кузнецов,M,15,9,г. Шымкент,Заречный район,Школа №2,ru,full,50.3,False
P00216,Дана,Кадыров,F,16,10,Улытауская область,Восточный район,Школа №4,kk,single,60.4,False
P00217,Тимур,Бекенов,M,15,9,Атырауская область,Центральный район,Школа №5,kk,full,43.4,False
P00218,Тимур,Бекенов,M,13,7,Туркестанская область,Западный район,Школа №3,kk,single,45.4,False
P00219,Аяна,Маратов,F,15,8,Кызылординская область,Северный район,Школа №5,kk,single,41.7,False
P00220,Алина,Касенов,F,16,10,Акмолинская область, Сельский район ,Школа №2,kk,full,56.2,False
P00221,Олжас,Кадыров,M,17,11,Акмолинская область,Западный район,Школа №5,kk,full,89.7,True
P00222,Айгерим,Тулегенов,F,15,9,Западно-Казахстанская область,Западный район,Школа №1,kk,single,21.0,False
P00223,Алтынай,Тулегенов,F,13,7,Атырауская область,Северный район,Школа №5,kk,full,65.3,False
P00224,Жаныбек,Абилов,M,12,7,г. Астана,Северный район,Школа №2,kk,full,30.8,False
P00225,Анна,Лебедева,F,15,9,Мангистауская область,Восточный район,Школа №1,ru,full,47.9,False
P00226,Динара,Сатпаев,F,13,6,Алматинская область,Западный район,Школа №2,kk,full,71.3,True
P00227,Дамир,Тулегенов,M,10,4,г. Астана,Заречный район,Школа №3,kk,full,56.0,False
P00228,Мария,Петрова,F,16,10,Карагандинская область,Северный район,Школа №5,ru,full,38.8,False
P00229,Аружан,Маратов,F,11,5,Актюбинская область,Западный район,Школа №3,kk,full,44.3,False
P00230,Шынгыс,Сатпаев,M,16,10,Мангистауская область,Сельский район,Школа №3,kk,full,65.2,False
P00231,Кирилл,Смирнов,M,13,7,г. Астана,Заречный район,Школа №5,ru,single,38.0,False
P00232,Арман,Маратов,M,10,4,Мангистауская область,Южный район,Школа №1,kk,full,58.2,False
P00233,Алина,Алиев,F,13,8,Павлодарская область,Восточный район,Школа №5,kk,full,55.7,False
P00234,Динара,Нурланов,F,17,10,Абайская область,Южный район,Школа №1,kk,single,39.2,False
P00235,Аяна,Касенов,F,13,7,Мангистауская область,Северный район,Школа №3,kk,full,87.2,True
P00236,Рамазан,Сериков,M,15,9,Кызылординская область,Южный район,Школа №4,kk,full,64.5,False
P00237,Жаныбек,Кадыров,M,14,8,г. Шымкент,Восточный район,Школа №3,kk,single,18.6,False
P00238,Дарья,Соколова,F,14,8,Костанайская область,Западный район,Школа №2,ru,single,51.8,False
P00239,Наргиз,Сатпаев,F,15,8,Жетысуская область,Южный район,Школа №4,kk,full,45.1,False
P00240,Сауле,Темирбеков,F,15,10,Северо-Казахстанская область,Заречный район,Школа №3,kk,single,61.8,False
P00241,Наргиз,Алиев,F,16,10,Карагандинская область,Северный район,Школа №2,kk,full,43.1,False
P00242,Камила,Тулегенов,F,10,4,Улытауская область,Сельский район,Школа №5,kk,single,47.3,False
P00243,Алина,Сериков,F,14,9,Жетысуская область,Заречный район,Школа №2,kk,full,62.6,False
P00244,Динара,Нурланов,F,16,9,Алматинская область,Центральный район,Школа №2,kk,full,68.0,True
P00245,Жансая,Нурланов,F,11,6,Северо-Казахстанская область,Сельский район,Школа №5,kk,full,37.0,False
P00246,Андрей,Петров,M,17,10,Атырауская область,Южный район,Школа №4,ru,full,50.0,False
P00247,Олжас,Кадыров,M,10,4,Актюбинская область,Южный район,Школа №1,kk,full,47.9,False
P00248,Гульнара,Тулегенов,F,14,8,Восточно-Казахстанская область,Западный район,Школа №5,kk,full,45.2,False
P00249,Нурлан,Нурланов,M,14,8,Абайская область,Заречный район,Школа №2,kk,full,81.5,True
P00250,Алина,Сатпаев,F,14,8,Алматинская область,Сельский район,Школа №2,kk,full,61.1,False
P00251,Михаил,Попов,M,11,5,г. Шымкент,Восточный район,Школа №5,ru,single,30.1,False
P00252,Елена,Волкова,F,11,5,г. Астана,Центральный район,Школа №3,ru,full,68.8,True
P00253,Жаныбек,Нурланов,M,13,6,г. Шымкент,Северный район,Школа №4,kk,full,86.8,True
P00254,Полина,Смирнова,F,17,10,Туркестанская область,Южный район,Школа №3,ru,full,70.5,True
P00255,Арман,Бекенов,M,14,8,Мангистауская область,Западный район,Школа №4,kk,full,32.2,False
P00256,Алина,Сатпаев,F,10,4,Абайская область,Сельский район,Школа №3,kk,full,47.7,False
P00257,Рамазан,Тулегенов,M,16,10,Улытауская область,Центральный район,Школа №3,kk,full,74.0,True
P00258,Ольга,Морозова,F,12,7,Жамбылская область,Восточный район,Школа №2,ru,full,44.4,False
P00259,Максим,Петров,M,17,10,Жетысуская область,Северный район,Школа №5,ru,full,61.7,False
P00260,Бауыржан,Бекенов,M,15,9,Акмолинская область,Западный район,Школа №3,kk,full,66.6,True
P00261,Дана,Тулегенов,F,17,11,Алматинская область,Северный район,Школа №4,kk,single,35.1,False
P00262,Владислав,Смирнов,M,15,8,Костанайская область,Сельский район,Школа №4,ru,full,54.1,False
P00263,Алина,Касенов,F,16,10,Актюбинская область,Восточный район,Школа №3,kk,full,6.4,False
P00264,Алина,Маратов,F,17,10,Северо-Казахстанская область,Заречный район,Школа №3,kk,full,39.6,False
P00265,Ольга,Соколова,F,16,9,Костанайская область,Сельский район,Школа №5,ru,single,45.2,False
P00266,Анастасия,Иванова,F,10,4,Алматинская область,Заречный район,Школа №4,ru,full,36.3,False
P00267,Владислав,Смирнов,M,11,5,Карагандинская область,Северный район,Школа №3,ru,full,79.5,True
P00268,Артём,Иванов,M,13,8,Мангистауская область,Заречный район,Школа №2,ru,single,27.5,False
P00269,Арман,Сатпаев,M,10,4,Жетысуская область,Западный район,Школа №1,kk,single,42.4,False
P00270,Аружан,Абилов,F,11,5,Актюбинская область,Северный район,Школа №1,kk,single,51.0,False
P00271,Артём,Смирнов,M,15,9,Актюбинская область,Западный район,Школа №5,ru,full,76.6,True
P00272,Кирилл,Волков,M,11,6,Северо-Казахстанская область,Сельский район,Школа №1,ru,full,33.5,False
P00273,Иван,Смирнов,M,16,9,Жетысуская область,Южный район,Школа №2,ru,single,66.4,True
P00274,Александр,Соколов,M,16,10,Жамбылская область,Западный район,Школа №2,ru,full,55.2,False
P00275,Екатерина,Новикова,F,10,5,Мангистауская область,Центральный район,Школа №5,ru,single,34.3,False
P00276,Томирис,Нурланов,F,16,11,Кызылординская область,Западный район,Школа №4,kk,full,61.9,False
P00277,Айдар,Темирбеков,M,16,10,Мангистауская область,Западный район,Школа №5,kk,single,52.0,False
P00278,Шынгыс,Алиев,M,17,11,Западно-Казахстанская область,Центральный район,Школа №5,kk,full,46.0,False
P00279,Алихан,Жумабеков,M,10,5,Павлодарская область,Заречный район,Школа №2,kk,single,50.0,False
P00280,Айдар,Жумабеков,M,16,10,Восточно-Казахстанская область, Центральный район ,Школа №2,kk,full,49.2,False
P00281,Дамир,Алиев,M,15,10,Кызылординская область,Северный район,Школа №3,kk,single,50.7,False
P00282,Дмитрий,Морозов,M,15,9,Актюбинская область,Южный район,Школа №5,ru,full,64.9,False
P00283,Тимур,Алиев,M,16,11,Кызылординская область,Северный район,Школа №1,kk,full,78.8,True
P00284,Айгерим,Бекенов,F,11,6,Акмолинская область,Восточный район,Школа №2,kk,full,36.4,False
P00285,Мария,Кузнецова,F,12,7,Костанайская область,Северный район,Школа №3,ru,full,87.0,True
P00286,Александр,Смирнов,M,16,11,Жетысуская область,Сельский район,Школа №1,ru,single,19.7,False
P00287,Елена,Попова,F,13,6,Актюбинская область,Западный район,Школа №3,ru,single,46.7,False
P00288,Жансая,Сатпаев,F,16,10,Туркестанская область,Сельский район,Школа №5,kk,full,63.8,False
P00289,Сауле,Кадыров,F,16,10,Абайская область, Южный район ,Школа №4,kk,full,59.2,False
P00290,Наргиз,Темирбеков,F,18,11,Атырауская область,Заречный район,Школа №1,kk,full,45.7,False
P00291,Алина,Сатпаев,F,12,5,Алматинская область,Западный район,Школа №4,kk,full,51.9,False
P00292,Дария,Жумабеков,F,13,7,Костанайская область,Сельский район,Школа №3,kk,full,47.6,False
P00293,Томирис,Сериков,F,12,7,Атырауская область,Центральный район,Школа №4,kk,full,46.2,False
P00294,Дария,Абилов,F,16,10,Западно-Казахстанская область,Сельский район,Школа №2,kk,single,61.7,False
P00295,Динара,Алиев,F,13,8,Актюбинская область,Заречный район,Школа №3,kk,full,60.4,False
P00296,Александр,Лебедев,M,10,5,Северо-Казахстанская область,Западный район,Школа №2,ru,single,38.6,False
P00297,Бекжан,Алиев,M,15,9,Жамбылская область,Сельский район,Школа №1,kk,single,62.5,False
P00298,Владислав,Новиков,M,11,5,Атырауская область,Центральный район,Школа №3,ru,full,59.6,False
P00299,Камила,Абилов,F,14,8,Абайская область,Восточный район,Школа №2,kk,full,67.2,True
P00300,Шынгыс,Сатпаев,M,15,8,г. Шымкент,Северный район,Школа №4,kk,full,64.4,False
P00301,Нурлан,Бекенов,M,16,10,Улытауская область,Северный район,Школа №5,kk,single,36.6,False
P00302,Рамазан,Кадыров,M,12,6,г. Астана,Западный район,Школа №3,kk,full,46.6,False
P00303,Дмитрий,Иванов,M,17,11,Туркестанская область,Западный район,Школа №5,ru,full,66.2,True
P00304,Айдана,Бекенов,F,14,8,г. Астана,Сельский район,Школа №4,kk,full,64.2,False
P00305,Ксения,Волкова,F,16,9,Абайская область,Заречный район,Школа №5,ru,single,48.7,False
P00306,Ольга,Морозова,F,12,5,Карагандинская область,Северный район,Школа №1,ru,full,56.8,False
P00307,Эльмира,Бекенов,F,11,5,Атырауская область,Южный район,Школа №3,kk,full,74.2,True
P00308,Полина,Попова,F,15,9,Актюбинская область,Южный район,Школа №4,ru,full,46.1,False
P00309,Нурлан,Касенов,M,17,10,Туркестанская область,Заречный район,Школа №5,kk,single,57.2,False
P00310,Аян,Нурланов,M,11,6,Карагандинская область,Заречный район,Школа №2,kk,single,46.0,False
P00311,Томирис,Темирбеков,F,13,6,Восточно-Казахстанская область,Западный район,Школа №5,kk,full,51.7,False
P00312,Алина,Бекенов,F,16,10,Кызылординская область,Южный район,Школа №1,kk,full,71.5,True
P00313,Алихан,Кадыров,M,10,4,Западно-Казахстанская область,Сельский район,Школа №1,kk,single,61.4,False
P00314,Ольга,Лебедева,F,17,10,Кызылординская область,Западный район,Школа №4,ru,full,67.2,True
P00315,Алина,Темирбеков,F,11,5,Карагандинская область,Центральный район,Школа №1,kk,single,68.6,True
P00316,Алихан,Кадыров,M,14,8,г. Шымкент,Западный район,Школа №1,kk,full,55.3,False
P00317,Ерасыл,Бекенов,M,13,7,Жамбылская область,Восточный район,Школа №5,kk,full,65.2,False
P00318,Темирлан,Абилов,M,12,5,Атырауская область,Центральный район,Школа №4,kk,full,50.3,False
P00319,Данияр,Сериков,M,14,8,Туркестанская область,Сельский район,Школа №4,kk,full,59.9,False
P00320,Камила,Кадыров,F,14,8,Восточно-Казахстанская область,Восточный район,Школа №4,kk,single,47.0,False
P00321,Алтынай,Сериков,F,11,6,Кызылординская область,Сельский район,Школа №5,kk,single,50.5,False
P00322,Сауле,Касенов,F,13,7,Туркестанская область,Западный район,Школа №4,kk,single,57.9,False
P00323,Сабина,Сатпаев,F,12,6,г. Шымкент,Северный район,Школа №4,kk,single,36.7,False
P00324,Малика,Сериков,F,16,10,Павлодарская область,Северный район,Школа №2,kk,full,86.4,True
P00325,Анна,Лебедева,F,14,9,г. Алматы,Восточный район,Школа №3,ru,single,33.9,False
P00326,Малика,Сериков,F,14,9,Павлодарская область,Северный район,Школа №5,kk,single,30.8,False
P00327,Дария,Тулегенов,F,15,9,Кызылординская область,Восточный район,Школа №4,kk,full,72.4,True
P00328,Шынгыс,Касенов,M,15,10,Мангистауская область,Центральный район,Школа №3,kk,single,60.9,False
P00329,Анастасия,Попова,F,15,10,Карагандинская область,Южный район,Школа №4,ru,single,58.4,False
P00330,Олжас,Кадыров,M,12,6,Западно-Казахстанская область,Заречный район,Школа №1,kk,single,58.4,False
P00331,Санжар,Кадыров,M,14,7,Акмолинская область,Западный район,Школа №1,kk,full,54.8,False
P00332,Томирис,Темирбеков,F,16,10,Восточно-Казахстанская область,Северный район,Школа №2,kk,full,41.5,False
P00333,Бауыржан,Жумабеков,M,14,9,Кызылординская область,Сельский район,Школа №4,kk,full,56.1,False
P00334,Олжас,Алиев,M,12,6,Туркестанская область,Западный район,Школа №3,kk,single,38.8,False
P00335,Камила,Темирбеков,F,16,10,Восточно-Казахстанская область,Сельский район,Школа №2,kk,full,69.6,True
P00336,Адильхан,Касенов,M,14,9,Абайская область,Восточный район,Школа №2,kk,full,52.8,False
P00337,Елена,Лебедева,F,12,6,Мангистауская область,Сельский район,Школа №3,ru,full,42.6,False
P00338,Алтынай,Темирбеков,F,16,9,Улытауская область,Заречный район,Школа №3,kk,full,50.2,False
P00339,Алихан,Кадыров,M,13,7,Западно-Казахстанская область,Заречный район,Школа №3,kk,full,61.2,False
P00340,Айдана,Сатпаев,F,16,10,Мангистауская область,Заречный район,Школа №2,kk,single,40.5,False
P00341,Жаныбек,Маратов,M,16,10,Акмолинская область,Западный район,Школа №5,kk,single,36.7,False
P00342,Рамазан,Касенов,M,17,10,Кызылординская область,Западный район,Школа №2,kk,full,58.7,False
P00343,Дамир,Маратов,M,15,9,г. Алматы,Сельский район,Школа №3,kk,full,58.7,False
P00344,Динара,Кадыров,F,15,8,Западно-Казахстанская область,Западный район,Школа №1,kk,full,47.4,False
P00345,Балжан,Тулегенов,F,12,7,Алматинская область,Сельский район,Школа №5,kk,single,41.9,False
P00346,Иван,Лебедев,M,16,10,г. Астана,Восточный район,Школа №2,ru,full,58.5,False
P00347,Айдана,Темирбеков,F,15,9,Северо-Казахстанская область,Южный район,Школа №2,kk,full,33.3,False
P00348,Эльмира,Нурланов,F,13,8,Павлодарская область,Восточный район,Школа №4,kk,full,33.9,False
P00349,Ксения,Морозова,F,12,6,Жамбылская область,Центральный район,Школа №2,ru,full,44.2,False
P00350,Данияр,Алиев,M,15,8,Актюбинская область,Сельский район,Школа №3,kk,full,51.8,False
P00351,Артём,Попов,M,17,11,Туркестанская область,Южный район,Школа №2,ru,full,59.7,False
P00352,Владислав,Иванов,M,15,10,г. Астана,Западный район,Школа №3,ru,full,77.1,True
P00353,София,Иванова,F,9,4,г. Шымкент,Центральный район,Школа №1,ru,full,67.9,True
P00354,Рамазан,Маратов,M,12,7,Атырауская область,Северный район,Школа №1,kk,full,52.6,False
P00355,Арман,Нурланов,M,12,7,Алматинская область,Западный район,Школа №1,kk,full,54.7,False
P00356,Полина,Кузнецова,F,10,4,Кызылординская область,Заречный район,Школа №2,ru,single,34.0,False
P00357,Гульнара,Темирбеков,F,16,10,Абайская область,Заречный район,Школа №1,kk,full,54.7,False
P00358,Алмат,Жумабеков,M,12,7,Жетысуская область,Восточный район,Школа №3,kk,full,50.7,False
P00359,Данияр,Кадыров,M,15,10,Костанайская область,Восточный район,Школа №1,kk,full,59.8,False
P00360,Ерасыл,Кадыров,M,14,8,Северо-Казахстанская область,Западный район,Школа №1,kk,full,42.6,False
P00361,Дмитрий,Лебедев,M,10,5,Туркестанская область,Сельский район,Школа №2,ru,single,56.8,False
P00362,Томирис,Абилов,F,14,8,г. Астана,Заречный район,Школа №5,kk,full,78.0,True
P00363,Дарья,Новикова,F,10,4,Туркестанская область,Центральный район,Школа №4,ru,full,53.4,False
P00364,Михаил,Волков,M,16,9,г. Астана,Северный район,Школа №3,ru,full,61.0,False
P00365,Жансая,Касенов,F,18,11,Мангистауская область,Северный район,Школа №5,kk,full,65.4,False
P00366,Наргиз,Абилов,F,13,7,Восточно-Казахстанская область,Центральный район,Школа №3,kk,full,49.0,False
P00367,Жаныбек,Бекенов,M,14,8,Актюбинская область,Восточный район,Школа №5,kk,full,58.4,False
P00368,Адильхан,Сериков,M,9,4,Мангистауская область,Восточный район,Школа №5,kk,single,49.2,False
P00369,Сабина,Тулегенов,F,13,8,Жамбылская область,Заречный район,Школа №3,kk,single,50.5,False
P00370,Эльмира,Сатпаев,F,11,5,Туркестанская область,Заречный район,Школа №4,kk,full,43.4,False
P00371,Данияр,Тулегенов,M,17,11,Улытауская область,Южный район,Школа №1,kk,full,55.4,False
P00372,Анна,Соколова,F,12,6,г. Шымкент,Северный район,Школа №4,ru,single,56.5,False
P00373,Тимур,Сериков,M,12,6,Северо-Казахстанская область,Восточный район,Школа №5,kk,full,76.8,True
P00374,Малика,Сатпаев,F,16,10,Туркестанская область,Западный район,Школа №2,kk,single,63.4,False
P00375,Шынгыс,Сатпаев,M,17,11,Костанайская область,Западный район,Школа №4,kk,full,87.3,True
P00376,Ольга,Смирнова,F,14,7,Атырауская область,Восточный район,Школа №5,ru,single,37.5,False
P00377,Екатерина,Кузнецова,F,17,11,Жамбылская область,Западный район,Школа №3,ru,single,62.1,False
P00378,Полина,Морозова,F,16,9,Костанайская область,Заречный район,Школа №3,ru,full,57.8,False
P00379,Сауле,Жумабеков,F,10,4,Павлодарская область, Сельский район ,Школа №1,kk,full,87.8,True
P00380,Аян,Жумабеков,M,13,6,Западно-Казахстанская область,Северный район,Школа №3,kk,full,42.9,False
P00381,Сауле,Бекенов,F,15,10,г. Алматы,Восточный район,Школа №3,kk,single,36.4,False
P00382,Иван,Морозов,M,15,9,Акмолинская область,Центральный район,Школа №2,ru,single,40.0,False
P00383,Ксения,Волкова,F,13,7,г. Алматы,Заречный район,Школа №2,ru,single,17.1,False
P00384,Михаил,Петров,M,13,7,Мангистауская область,Центральный район,Школа №5,ru,full,47.1,False
P00385,Арман,Темирбеков,M,16,10,Атырауская область,Южный район,Школа №5,kk,full,43.6,False
P00386,Динара,Тулегенов,F,13,6,Жетысуская область,Северный район,Школа №5,kk,full,57.3,False
P00387,Бауыржан,Касенов,M,18,11,Костанайская область,Южный район,Школа №2,kk,full,60.1,False
P00388,Анастасия,Петрова,F,17,11,Кызылординская область,Восточный район,Школа №5,ru,single,77.1,True
P00389,Алтынай,Нурланов,F,17,11,Западно-Казахстанская область,Западный район,Школа №1,kk,full,69.3,True
P00390,Дария,Касенов,F,13,6,Жамбылская область,Южный район,Школа №1,kk,full,46.3,False
P00391,Балжан,Касенов,F,16,10,Павлодарская область,Сельский район,Школа №5,kk,full,41.5,False
P00392,Дарья,Иванова,F,11,5,Северо-Казахстанская область,Заречный район,Школа №1,ru,single,56.4,False
P00393,Гульнара,Жумабеков,F,13,8,Павлодарская область,Восточный район,Школа №4,kk,full,35.2,False
P00394,Шынгыс,Сериков,M,15,8,г. Астана,Центральный район,Школа №1,kk,full,82.5,True
P00395,Алина,Жумабеков,F,15,8,Северо-Казахстанская область,Восточный район,Школа №1,kk,full,72.7,True
P00396,Полина,Соколова,F,16,11,Атырауская область,Южный район,Школа №3,ru,full,48.0,False
P00397,Айгерим,Сатпаев,F,13,7,г. Шымкент,Восточный район,Школа №1,kk,full,29.3,False
P00398,Дарья,Смирнова,F,12,6,Восточно-Казахстанская область,Северный район,Школа №3,ru,full,75.3,True
P00399,Сауле,Абилов,F,13,7,г. Алматы,Центральный район,Школа №1,kk,single,47.3,False
P00400,Аружан,Касенов,F,17,11,Жетысуская область,Центральный район,Школа №1,kk,full,73.6,True
P00401,Никита,Смирнов,M,17,11,г. Астана,Западный район,Школа №3,ru,full,31.1,False
P00402,Нурлан,Жумабеков,M,17,11,Кызылординская область,Северный район,Школа №3,kk,full,46.0,False
P00403,Алтынай,Алиев,F,17,11,г. Шымкент,Центральный район,Школа №2,kk,full,55.1,False
P00404,Алина,Темирбеков,F,16,9,Улытауская область,Заречный район,Школа №5,kk,full,55.7,False
P00405,Темирлан,Абилов,M,16,10,Атырауская область,Южный район,Школа №5,kk,full,48.2,False
P00406,Жансая,Тулегенов,F,17,10,Абайская область,Заречный район,Школа №5,kk,full,64.3,False
P00407,Тимур,Касенов,M,10,4,Атырауская область,Заречный район,Школа №3,kk,full,39.0,False
P00408,Бауыржан,Тулегенов,M,16,11,Кызылординская область,Восточный район,Школа №4,kk,single,46.9,False
P00409,Михаил,Соколов,M,14,8,Западно-Казахстанская область,Западный район,Школа №2,ru,full,56.8,False
P00410,Полина,Соколова,F,16,10,Мангистауская область,Северный район,Школа №3,ru,full,62.7,False
P00411,Сабина,Алиев,F,15,9,Северо-Казахстанская область,Северный район,Школа №5,kk,full,65.7,False
P00412,Алмат,Касенов,M,14,8,Жетысуская область,Восточный район,Школа №1,kk,full,38.1,False
P00413,Малика,Темирбеков,F,13,6,Жетысуская область,Центральный район,Школа №5,kk,full,32.0,False
P00414,Дана,Алиев,F,15,9,Улытауская область,Восточный район,Школа №5,kk,single,68.2,True
P00415,Рамазан,Абилов,M,13,6,Восточно-Казахстанская область,Северный район,Школа №5,kk,single,54.0,False
P00416,Дмитрий,Смирнов,M,12,6,Костанайская область,Восточный район,Школа №1,ru,full,43.8,False
P00417,Санжар,Касенов,M,13,6,Павлодарская область,Сельский район,Школа №1,kk,full,78.3,True
P00418,Алтынай,Сериков,F,14,9,Туркестанская область,Заречный район,Школа №5,kk,single,50.7,False
P00419,Сабина,Нурланов,F,14,8,Кызылординская область,Сельский район,Школа №5,kk,single,66.7,True
P00420,Тимур,Сериков,M,16,11,Павлодарская область,Северный район,Школа №2,kk,full,56.0,False
P00421,Балжан,Темирбеков,F,10,4,Абайская область,Западный район,Школа №5,kk,full,85.9,True
P00422,Арман,Нурланов,M,14,8,г. Астана,Южный район,Школа №5,kk,full,81.3,True
P00423,Балжан,Нурланов,F,15,8,г. Алматы,Сельский район,Школа №2,kk,full,51.3,False
P00424,Камила,Маратов,F,16,10,Атырауская область,Сельский район,Школа №1,kk,single,63.6,False
P00425,Сабина,Нурланов,F,11,6,Костанайская область,Сельский район,Школа №1,kk,single,58.7,False
P00426,Эльмира,Нурланов,F,10,5,Актюбинская область,Центральный район,Школа №3,kk,single,69.5,True
P00427,Сабина,Жумабеков,F,15,9,г. Шымкент,Центральный район,Школа №2,kk,full,40.5,False
P00428,Полина,Соколова,F,15,9,Жамбылская область,Центральный район,Школа №5,ru,full,65.3,False
P00429,Айгерим,Алиев,F,15,9,Актюбинская область,Южный район,Школа №3,kk,full,70.9,True
P00430,Анна,Петрова,F,17,11,г. Алматы,Южный район,Школа №5,ru,full,28.6,False
P00431,Балжан,Абилов,F,13,8,Мангистауская область, Западный район ,Школа №2,kk,full,37.3,False
P00432,Алтынай,Тулегенов,F,13,7,Западно-Казахстанская область,Западный район,Школа №5,kk,single,18.4,False
P00433,Ксения,Новикова,F,10,5,Северо-Казахстанская область,Западный район,Школа №4,ru,full,51.0,False
P00434,Гульнара,Кадыров,F,16,10,Павлодарская область,Южный район,Школа №1,kk,full,65.8,False
P00435,Иван,Петров,M,13,6,г. Алматы,Северный район,Школа №3,ru,full,77.5,True
P00436,Екатерина,Новикова,F,12,6,Жамбылская область,Северный район,Школа №3,ru,single,50.1,False
P00437,Алтынай,Сериков,F,16,9,Актюбинская область,Заречный район,Школа №4,kk,single,73.4,True
P00438,Динара,Абилов,F,18,11,г. Астана,Сельский район,Школа №2,kk,full,34.3,False
P00439,Айдар,Тулегенов,M,15,9,Павлодарская область,Восточный район,Школа №1,kk,single,23.4,False
P00440,Алтынай,Маратов,F,10,4,Улытауская область,Восточный район,Школа №1,kk,full,54.2,False
P00441,Дамир,Алиев,M,17,11,г. Алматы,Южный район,Школа №4,kk,full,60.8,False
P00442,Жансая,Кадыров,F,13,6,Мангистауская область,Южный район,Школа №5,kk,full,54.5,False
P00443,Екатерина,Морозова,F,16,10,Павлодарская область,Сельский район,Школа №2,ru,full,24.0,False
P00444,Арман,Касенов,M,14,7,Улытауская область,Западный район,Школа №4,kk,single,47.7,False
P00445,Аян,Темирбеков,M,14,8,Жамбылская область,Сельский район,Школа №1,kk,full,35.4,False
P00446,Дамир,Кадыров,M,13,6,Абайская область,Восточный район,Школа №5,kk,full,65.0,False
P00447,Елена,Попова,F,17,11,Костанайская область,Заречный район,Школа №4,ru,full,60.5,False
P00448,Артём,Попов,M,15,10,Павлодарская область,Заречный район,Школа №4,ru,full,40.9,False
P00449,Данияр,Маратов,M,17,11,Западно-Казахстанская область,Западный район,Школа №3,kk,single,41.3,False
P00450,Аяна,Алиев,F,16,11,Абайская область,Северный район,Школа №3,kk,full,39.1,False
P00451,Рамазан,Тулегенов,M,15,10,Акмолинская область,Центральный район,Школа №5,kk,full,54.1,False
P00452,Камила,Жумабеков,F,15,9,Жетысуская область,Северный район,Школа №4,kk,full,69.3,True
P00453,Ержан,Кадыров,M,18,11,Туркестанская область,Восточный район,Школа №5,kk,full,40.2,False
P00454,Дарья,Волкова,F,15,8,г. Шымкент,Восточный район,Школа №5,ru,full,62.6,False
P00455,Алихан,Абилов,M,12,7,Карагандинская область,Южный район,Школа №2,kk,full,47.0,False
P00456,Дария,Абилов,F,17,11,г. Алматы,Центральный район,Школа №4,kk,full,43.1,False
P00457,София,Кузнецова,F,17,11,Абайская область,Западный район,Школа №4,ru,full,53.4,False
P00458,Кирилл,Лебедев,M,16,9,Жетысуская область,Южный район,Школа №2,ru,single,33.5,False
P00459,Сауле,Жумабеков,F,11,6,Павлодарская область,Северный район,Школа №2,kk,full,46.7,False
P00460,Эльмира,Абилов,F,16,11,Жамбылская область, Южный район ,Школа №1,kk,full,37.0,False
P00461,Олжас,Маратов,M,14,8,Абайская область,Северный район,Школа №1,kk,full,84.5,True
P00462,Жансая,Абилов,F,11,5,Акмолинская область,Южный район,Школа №2,kk,full,55.5,False
P00463,Дамир,Нурланов,M,14,8,Абайская область,Центральный район,Школа №2,kk,full,44.5,False
P00464,Алтынай,Тулегенов,F,17,11,Жамбылская область,Восточный район,Школа №3,kk,full,58.2,False
P00465,Михаил,Петров,M,13,8,Западно-Казахстанская область,Восточный район,Школа №2,ru,single,47.3,False
P00466,Нурлан,Кадыров,M,11,5,Абайская область,Северный район,Школа №5,kk,full,51.7,False
P00467,Максим,Волков,M,11,6,Атырауская область,Южный район,Школа №2,ru,full,64.2,False
P00468,Александр,Иванов,M,16,10,Кызылординская область,Заречный район,Школа №5,ru,full,66.4,True
P00469,Ержан,Абилов,M,16,10,Жамбылская область,Центральный район,Школа №3,kk,single,41.0,False
P00470,Дария,Тулегенов,F,13,7,Туркестанская область,Северный район,Школа №5,kk,full,46.4,False
P00471,Полина,Смирнова,F,17,10,Актюбинская область,Западный район,Школа №3,ru,full,50.9,False
P00472,Жаныбек,Маратов,M,16,10,Восточно-Казахстанская область,Центральный район,Школа №3,kk,full,20.5,False
P00473,Кирилл,Кузнецов,M,12,6,Улытауская область,Заречный район,Школа №5,ru,full,32.3,False
P00474,Сабина,Касенов,F,11,6,Актюбинская область,Центральный район,Школа №2,kk,full,75.5,True
P00475,Томирис,Касенов,F,16,10,Мангистауская область,Заречный район,Школа №5,kk,full,79.7,True
P00476,Александр,Кузнецов,M,14,8,Туркестанская область,Сельский район,Школа №1,ru,single,45.3,False
P00477,Эльмира,Жумабеков,F,11,5,Улытауская область,Центральный район,Школа №3,kk,single,57.6,False
P00478,Михаил,Лебедев,M,15,9,Жамбылская область,Северный район,Школа №2,ru,full,59.7,False
P00479,София,Попова,F,12,6,Северо-Казахстанская область,Заречный район,Школа №1,ru,full,100.0,True
P00480,Полина,Волкова,F,17,11,Северо-Казахстанская область,Южный район,Школа №5,ru,single,65.8,False
P00481,Ерасыл,Сатпаев,M,16,10,Жетысуская область,Западный район,Школа №4,kk,full,53.1,False
P00482,Александр,Иванов,M,17,11,Карагандинская область, Западный район ,Школа №2,ru,full,40.7,False
P00483,Динара,Темирбеков,F,17,11,Западно-Казахстанская область,Западный район,Школа №5,kk,full,30.9,False
P00484,Дамир,Кадыров,M,11,5,г. Астана,Северный район,Школа №3,kk,full,58.1,False
P00485,Ерасыл,Абилов,M,15,10,Восточно-Казахстанская область,Восточный район,Школа №5,kk,full,43.7,False
P00486,Никита,Лебедев,M,13,7,Актюбинская область,Сельский район,Школа №3,ru,full,33.7,False
P00487,Екатерина,Волкова,F,12,5,Абайская область,Заречный район,Школа №4,ru,full,45.3,False
P00488,Сабина,Маратов,F,18,11,Жетысуская область,Северный район,Школа №4,kk,full,38.8,False
P00489,Жаныбек,Алиев,M,17,10,Атырауская область,Южный район,Школа №5,kk,full,80.3,True
P00490,Арман,Алиев,M,15,9,Туркестанская область,Западный район,Школа №4,kk,full,68.2,True
P00491,Гульнара,Сериков,F,11,5,Западно-Казахстанская область,Сельский район,Школа №5,kk,full,54.9,False
P00492,Шынгыс,Касенов,M,15,9,Абайская область,Сельский район,Школа №3,kk,full,77.2,True
P00493,Владислав,Кузнецов,M,10,5,Кызылординская область,Северный район,Школа №1,ru,full,56.2,False
P00494,Дария,Темирбеков,F,13,8,Костанайская область,Заречный район,Школа №3,kk,full,42.1,False
P00495,Сауле,Тулегенов,F,15,10,Западно-Казахстанская область,Западный район,Школа №2,kk,full,77.8,True
P00496,Дана,Алиев,F,13,7,Акмолинская область,Южный район,Школа №5,kk,full,63.1,False
P00497,Дамир,Касенов,M,17,11,Кызылординская область,Сельский район,Школа №3,kk,full,39.4,False
P00498,Андрей,Попов,M,13,6,Туркестанская область,Сельский район,Школа №1,ru,single,46.1,False
P00499,Анастасия,Кузнецова,F,15,10,Улытауская область,Южный район,Школа №4,ru,full,41.9,False
P00500,Бекжан,Тулегенов,M,16,11,Западно-Казахстанская область,Сельский район,Школа №3,kk,single,28.3,False
P00501,Динара,Нурланов,F,18,11,Атырауская область,Центральный район,Школа №5,kk,single,62.9,False
P00502,Томирис,Алиев,F,14,8,Павлодарская область,Южный район,Школа №3,kk,full,83.6,True
P00503,Бауыржан,Алиев,M,17,11,Карагандинская область,Заречный район,Школа №5,kk,single,28.0,False
P00504,Томирис,Алиев,F,12,6,Костанайская область,Центральный район,Школа №1,kk,single,57.4,False
P00505,Мария,Лебедева,F,12,6,Карагандинская область,Восточный район,Школа №3,ru,full,45.2,False
P00506,Никита,Волков,M,15,9,Западно-Казахстанская область,Западный район,Школа №2,ru,full,47.7,False
P00507,Максим,Смирнов,M,12,6,Улытауская область,Сельский район,Школа №3,ru,full,46.1,False
P00508,Айдар,Нурланов,M,16,10,Абайская область,Южный район,Школа №2,kk,single,36.0,False
P00509,Максим,Волков,M,17,11,Туркестанская область,Заречный район,Школа №4,ru,full,55.7,False
P00510,Кирилл,Попов,M,16,9,Мангистауская область,Западный район,Школа №5,ru,full,42.5,False
P00511,Алтынай,Абилов,F,15,9,Северо-Казахстанская область,Сельский район,Школа №2,kk,single,53.1,False
P00512,Айдар,Бекенов,M,16,10,Карагандинская область,Восточный район,Школа №3,kk,full,54.2,False
P00513,Айдар,Маратов,M,12,5,Улытауская область,Северный район,Школа №4,kk,full,51.4,False
P00514,Полина,Смирнова,F,13,6,Мангистауская область,Восточный район,Школа №1,ru,single,35.4,False
P00515,Анна,Соколова,F,15,10,Костанайская область,Заречный район,Школа №2,ru,full,46.3,False
P00516,Алина,Тулегенов,F,15,9,Мангистауская область,Заречный район,Школа №5,kk,full,66.3,True
P00517,Иван,Волков,M,15,10,Атырауская область,Северный район,Школа №2,ru,full,62.5,False
P00518,Максим,Соколов,M,10,4,Восточно-Казахстанская область,Центральный район,Школа №2,ru,full,40.3,False
P00519,Айгерим,Сатпаев,F,14,8,Туркестанская область,Северный район,Школа №4,kk,full,56.5,False
P00520,Сауле,Жумабеков,F,10,4,г. Шымкент,Заречный район,Школа №2,kk,full,66.3,True
P00521,Айдар,Касенов,M,16,11,г. Астана,Сельский район,Школа №3,kk,full,30.0,False
P00522,Дария,Сатпаев,F,18,11,г. Шымкент,Западный район,Школа №2,kk,full,63.2,False
P00523,Иван,Попов,M,15,10,Мангистауская область,Сельский район,Школа №4,ru,full,45.1,False
P00524,Дмитрий,Попов,M,14,9,Улытауская область,Восточный район,Школа №2,ru,full,63.6,False
P00525,Алина,Абилов,F,14,8,г. Шымкент,Сельский район,Школа №3,kk,full,43.6,False
P00526,Аружан,Сатпаев,F,14,8,г. Астана,Восточный район,Школа №4,kk,single,21.9,False
P00527,Бауыржан,Темирбеков,M,16,10,Алматинская область,Центральный район,Школа №1,kk,single,24.6,False
P00528,Динара,Кадыров,F,15,9,г. Алматы,Сельский район,Школа №1,kk,full,55.7,False
P00529,Темирлан,Кадыров,M,15,8,Абайская область,Центральный район,Школа №3,kk,full,58.9,False
P00530,Ерасыл,Кадыров,M,14,8,Туркестанская область,Восточный район,Школа №2,kk,single,35.4,False
P00531,Малика,Маратов,F,16,10,Акмолинская область,Сельский район,Школа №5,kk,full,64.6,False
P00532,Ерасыл,Кадыров,M,13,7,Актюбинская область,Северный район,Школа №1,kk,full,30.1,False
P00533,Камила,Алиев,F,16,10,г. Шымкент,Центральный район,Школа №3,kk,single,48.0,False
P00534,Бекжан,Кадыров,M,15,9,Северо-Казахстанская область,Сельский район,Школа №2,kk,full,36.8,False
P00535,Анна,Новикова,F,12,6,Улытауская область,Центральный район,Школа №5,ru,single,39.2,False
P00536,Динара,Алиев,F,15,9,Алматинская область,Сельский район,Школа №5,kk,full,55.7,False
P00537,Санжар,Сериков,M,17,11,Абайская область,Южный район,Школа №5,kk,full,42.1,False
P00538,Данияр,Темирбеков,M,13,7,г. Астана,Сельский район,Школа №2,kk,full,49.2,False
P00539,Анна,Соколова,F,18,11,Атырауская область,Северный район,Школа №1,ru,full,70.1,True
P00540,Ерасыл,Жумабеков,M,12,7,Атырауская область,Заречный район,Школа №5,kk,full,46.3,False
P00541,Айдана,Алиев,F,10,5,Абайская область,Восточный район,Школа №1,kk,full,67.5,True
P00542,Никита,Новиков,M,17,10,г. Шымкент,Южный район,Школа №2,ru,full,38.1,False
P00543,София,Смирнова,F,11,5,Актюбинская область,Сельский район,Школа №4,ru,full,62.9,False
P00544,Гульнара,Бекенов,F,17,11,Атырауская область,Сельский район,Школа №3,kk,full,76.6,True
P00545,Динара,Абилов,F,14,8,Туркестанская область,Центральный район,Школа №1,kk,single,11.9,False
P00546,Тимур,Алиев,M,12,7,Улытауская область,Центральный район,Школа №1,kk,single,37.0,False
P00547,Малика,Бекенов,F,14,8,г. Шымкент,Северный район,Школа №4,kk,full,63.7,False
P00548,Малика,Сатпаев,F,14,9,Костанайская область,Западный район,Школа №2,kk,single,46.0,False
P00549,Анна,Волкова,F,16,10,г. Шымкент,Восточный район,Школа №1,ru,full,60.6,False
P00550,Шынгыс,Нурланов,M,11,5,Костанайская область,Восточный район,Школа №1,kk,single,39.9,False
P00551,Айгерим,Алиев,F,15,9,Атырауская область,Восточный район,Школа №4,kk,full,56.3,False
P00552,Томирис,Касенов,F,18,11,Карагандинская область,Восточный район,Школа №3,kk,full,52.7,False
P00553,Аружан,Жумабеков,F,11,4,Акмолинская область,Южный район,Школа №1,kk,single,66.5,True
P00554,Александр,Кузнецов,M,16,10,Павлодарская область,Заречный район,Школа №3,ru,full,58.8,False
P00555,Ольга,Смирнова,F,16,10,Жамбылская область,Западный район,Школа №3,ru,full,60.1,False
P00556,Айгерим,Сериков,F,15,9,Абайская область,Северный район,Школа №4,kk,full,48.8,False
P00557,Меруерт,Маратов,F,16,9,г. Шымкент,Восточный район,Школа №4,kk,single,41.7,False
P00558,Нурлан,Сатпаев,M,16,10,Абайская область,Западный район,Школа №2,kk,full,48.5,False
P00559,Айдана,Сатпаев,F,13,8,Туркестанская область,Заречный район,Школа №5,kk,full,60.9,False
P00560,Елена,Новикова,F,11,5,Улытауская область,Центральный район,Школа №5,ru,full,48.7,False
P00561,Полина,Волкова,F,14,9,Карагандинская область,Западный район,Школа №3,ru,full,59.3,False
P00562,Динара,Нурланов,F,11,4,Кызылординская область,Сельский район,Школа №2,kk,single,80.1,True
P00563,Айдана,Касенов,F,15,9,Туркестанская область,Западный район,Школа №1,kk,single,62.1,False
P00564,Алина,Алиев,F,14,7,Улытауская область,Центральный район,Школа №3,kk,full,50.1,False
P00565,Алтынай,Сатпаев,F,14,8,Восточно-Казахстанская область,Западный район,Школа №4,kk,full,73.0,True
P00566,Сабина,Темирбеков,F,17,11,Костанайская область,Центральный район,Школа №5,kk,single,42.9,False
P00567,Камила,Бекенов,F,15,9,Северо-Казахстанская область,Заречный район,Школа №2,kk,full,24.4,False
P00568,Александр,Смирнов,M,17,10,Северо-Казахстанская область,Восточный район,Школа №4,ru,full,39.9,False
P00569,Дана,Алиев,F,17,11,Улытауская область,Сельский район,Школа №3,kk,full,26.9,False
P00570,Айдар,Сериков,M,15,9,г. Алматы,Заречный район,Школа №4,kk,full,49.7,False
P00571,Тимур,Нурланов,M,17,10,Северо-Казахстанская область,Сельский район,Школа №2,kk,single,49.3,False
P00572,Дарья,Попова,F,9,4,г. Алматы,Центральный район,Школа №1,ru,full,80.1,True
P00573,Дария,Жумабеков,F,12,5,Жамбылская область, Центральный район ,Школа №1,kk,full,59.9,False
P00574,Анна,Петрова,F,16,9,Актюбинская область,Сельский район,Школа №4,ru,single,45.7,False
P00575,Аян,Жумабеков,M,15,9,Карагандинская область,Восточный район,Школа №1,kk,single,61.4,False
P00576,Ксения,Соколова,F,14,8,Восточно-Казахстанская область,Сельский район,Школа №1,ru,single,15.8,False
P00577,Артём,Новиков,M,15,9,Актюбинская область,Восточный район,Школа №2,ru,full,58.5,False
P00578,Нурлан,Бекенов,M,15,10,г. Шымкент,Заречный район,Школа №4,kk,full,66.6,True
P00579,Максим,Иванов,M,17,11,Туркестанская область,Северный район,Школа №1,ru,full,32.8,False
P00580,София,Иванова,F,14,8,Улытауская область,Заречный район,Школа №4,ru,single,66.2,True
P00581,Полина,Кузнецова,F,12,5,Абайская область,Восточный район,Школа №4,ru,single,54.1,False
P00582,Кирилл,Иванов,M,11,5,Актюбинская область,Южный район,Школа №3,ru,single,42.8,False
P00583,Темирлан,Темирбеков,M,17,11,Мангистауская область,Заречный район,Школа №4,kk,full,64.5,False
P00584,Балжан,Алиев,F,13,7,Акмолинская область, Северный район ,Школа №5,kk,full,89.1,True
P00585,Сауле,Абилов,F,15,10,Абайская область,Центральный район,Школа №3,kk,full,57.7,False
P00586,Михаил,Новиков,M,16,11,г. Алматы,Северный район,Школа №2,ru,single,52.7,False
P00587,Эльмира,Темирбеков,F,11,6,Жетысуская область,Заречный район,Школа №1,kk,single,42.1,False
P00588,Эльмира,Алиев,F,12,5,г. Астана,Центральный район,Школа №1,kk,single,36.3,False
P00589,Кирилл,Попов,M,15,9,Мангистауская область,Южный район,Школа №5,ru,single,61.5,False
P00590,София,Смирнова,F,16,10,Костанайская область,Центральный район,Школа №2,ru,full,42.2,False
P00591,Томирис,Темирбеков,F,14,8,Атырауская область,Центральный район,Школа №5,kk,full,56.1,False
P00592,Аяна,Сериков,F,16,10,г. Астана,Южный район,Школа №4,kk,full,47.8,False
P00593,Бекжан,Алиев,M,17,10,г. Шымкент,Заречный район,Школа №2,kk,single,56.2,False
P00594,Ксения,Лебедева,F,16,11,Абайская область,Западный район,Школа №1,ru,full,60.0,False
P00595,Полина,Кузнецова,F,13,7,Северо-Казахстанская область,Сельский район,Школа №2,ru,full,70.6,True
P00596,Максим,Новиков,M,11,5,Восточно-Казахстанская область,Северный район,Школа №1,ru,full,47.3,False
P00597,Олжас,Темирбеков,M,11,6,Алматинская область,Заречный район,Школа №5,kk,full,51.0,False
P00598,Максим,Волков,M,12,7,г. Астана,Южный район,Школа №3,ru,full,40.3,False
P00599,Владислав,Лебедев,M,11,5,Жетысуская область,Центральный район,Школа №4,ru,full,48.3,False
P00600,Камила,Кадыров,F,17,11,Атырауская область,Восточный район,Школа №3,kk,full,60.7,False
P00601,Дамир,Алиев,M,12,6,Алматинская область,Сельский район,Школа №4,kk,full,66.4,True
P00602,Шынгыс,Алиев,M,15,8,г. Астана,Западный район,Школа №1,kk,full,41.2,False
P00603,Меруерт,Жумабеков,F,13,7,Абайская область,Заречный район,Школа №2,kk,full,68.0,True
P00604,Аружан,Сатпаев,F,18,11,Абайская область,Восточный район,Школа №1,kk,full,75.3,True
P00605,Алтынай,Абилов,F,16,10,Туркестанская область,Северный район,Школа №1,kk,single,55.2,False
P00606,Алихан,Темирбеков,M,17,10,Туркестанская область,Заречный район,Школа №4,kk,full,83.2,True
P00607,Кирилл,Смирнов,M,16,11,Кызылординская область,Заречный район,Школа №1,ru,full,43.4,False
P00608,Дария,Нурланов,F,15,9,Западно-Казахстанская область,Заречный район,Школа №5,kk,single,30.3,False
P00609,Александр,Морозов,M,13,8,Кызылординская область,Центральный район,Школа №3,ru,full,28.3,False
P00610,Алихан,Тулегенов,M,15,9,Жамбылская область,Северный район,Школа №2,kk,single,71.4,True
P00611,Екатерина,Кузнецова,F,16,10,Костанайская область,Южный район,Школа №5,ru,full,64.8,False
P00612,Санжар,Тулегенов,M,17,11,Алматинская область,Восточный район,Школа №5,kk,full,54.2,False
P00613,Анна,Кузнецова,F,12,7,Северо-Казахстанская область,Центральный район,Школа №2,ru,full,59.2,False
P00614,Максим,Смирнов,M,14,7,Жамбылская область,Западный район,Школа №1,ru,single,32.1,False
P00615,Адильхан,Жумабеков,M,17,10,Жамбылская область, Центральный район ,Школа №2,kk,full,91.7,True
P00616,Ерасыл,Абилов,M,14,8,г. Астана,Заречный район,Школа №5,kk,full,56.9,False
P00617,Дана,Бекенов,F,12,6,Туркестанская область,Южный район,Школа №1,kk,full,56.6,False
P00618,Михаил,Соколов,M,11,6,Восточно-Казахстанская область,Северный район,Школа №2,ru,full,65.9,True
P00619,Дамир,Кадыров,M,15,9,Восточно-Казахстанская область,Северный район,Школа №1,kk,full,62.2,False
P00620,Михаил,Соколов,M,16,10,Алматинская область,Центральный район,Школа №4,ru,single,52.4,False
P00621,Михаил,Морозов,M,18,11,Костанайская область,Заречный район,Школа №4,ru,full,43.1,False
P00622,Ольга,Попова,F,13,6,Алматинская область,Заречный район,Школа №1,ru,full,62.1,False
P00623,Бекжан,Абилов,M,16,9,Кызылординская область,Центральный район,Школа №5,kk,full,83.2,True
P00624,Екатерина,Иванова,F,17,11,Актюбинская область,Западный район,Школа №1,ru,full,75.2,True
P00625,Айдар,Касенов,M,14,8,Кызылординская область,Восточный район,Школа №4,kk,full,78.9,True
P00626,Олжас,Тулегенов,M,16,10,Актюбинская область,Северный район,Школа №4,kk,single,41.3,False
P00627,Кирилл,Лебедев,M,12,6,Атырауская область,Сельский район,Школа №1,ru,full,40.2,False
P00628,Анна,Волкова,F,15,8,Мангистауская область, Центральный район ,Школа №3,ru,full,53.1,False
P00629,Екатерина,Смирнова,F,16,10,Мангистауская область,Южный район,Школа №1,ru,single,49.8,False
P00630,Олжас,Бекенов,M,13,7,Абайская область, Сельский район ,Школа №3,kk,full,71.4,True
P00631,Аяна,Абилов,F,13,8,Жетысуская область,Центральный район,Школа №3,kk,full,29.6,False
P00632,Нурлан,Жумабеков,M,16,9,Туркестанская область,Заречный район,Школа №3,kk,full,77.9,True
P00633,Арман,Кадыров,M,11,5,Северо-Казахстанская область,Заречный район,Школа №2,kk,full,52.6,False
P00634,Дария,Жумабеков,F,12,6,Улытауская область,Заречный район,Школа №5,kk,single,42.6,False
P00635,Динара,Кадыров,F,12,5,Карагандинская область,Южный район,Школа №3,kk,full,39.8,False
P00636,Данияр,Кадыров,M,11,5,Туркестанская область,Восточный район,Школа №2,kk,full,30.2,False
P00637,Полина,Волкова,F,15,10,Улытауская область,Сельский район,Школа №5,ru,full,67.3,True
P00638,Аружан,Темирбеков,F,12,6,Туркестанская область,Южный район,Школа №3,kk,single,50.1,False
P00639,Ксения,Смирнова,F,12,6,Карагандинская область,Центральный район,Школа №1,ru,full,35.7,False
P00640,Алихан,Нурланов,M,15,10,Алматинская область, Центральный район ,Школа №4,kk,full,35.6,False
P00641,Никита,Иванов,M,10,5,Туркестанская область,Центральный район,Школа №1,ru,single,44.0,False
P00642,Екатерина,Волкова,F,11,5,Жамбылская область,Северный район,Школа №1,ru,single,74.0,True
P00643,Санжар,Маратов,M,12,5,г. Шымкент,Северный район,Школа №1,kk,single,45.1,False
P00644,Елена,Смирнова,F,18,11,г. Алматы,Центральный район,Школа №1,ru,single,26.5,False
P00645,Артём,Новиков,M,15,8,Алматинская область,Северный район,Школа №4,ru,full,51.3,False
P00646,Андрей,Новиков,M,17,10,Алматинская область,Западный район,Школа №3,ru,single,44.9,False
P00647,Жаныбек,Жумабеков,M,12,6,Северо-Казахстанская область,Западный район,Школа №4,kk,full,14.5,False
P00648,Алина,Абилов,F,15,9,Кызылординская область, Северный район ,Школа №4,kk,full,54.2,False
P00649,Аружан,Нурланов,F,16,10,Мангистауская область,Заречный район,Школа №1,kk,full,51.5,False
P00650,Эльмира,Нурланов,F,14,7,Алматинская область,Северный район,Школа №4,kk,full,65.4,False
P00651,Мария,Попова,F,18,11,Туркестанская область,Заречный район,Школа №4,ru,full,82.7,True
P00652,Дана,Абилов,F,9,4,Туркестанская область,Северный район,Школа №2,kk,single,65.9,True
P00653,Аяна,Нурланов,F,14,9,г. Шымкент,Заречный район,Школа №3,kk,single,45.0,False
P00654,Наргиз,Абилов,F,16,9,Жамбылская область,Южный район,Школа №4,kk,full,38.4,False
P00655,Айдана,Нурланов,F,13,8,Алматинская область,Восточный район,Школа №4,kk,full,93.6,True
P00656,Елена,Смирнова,F,13,8,Туркестанская область,Восточный район,Школа №4,ru,full,55.9,False
P00657,Сауле,Сатпаев,F,15,9,Туркестанская область,Восточный район,Школа №2,kk,full,55.2,False
P00658,Жансая,Жумабеков,F,11,5,Костанайская область, Центральный район ,Школа №1,kk,full,54.6,False
P00659,Динара,Нурланов,F,13,8,Алматинская область,Восточный район,Школа №3,kk,full,58.0,False
P00660,Тимур,Сериков,M,13,6,Актюбинская область,Сельский район,Школа №3,kk,full,52.8,False
P00661,Никита,Морозов,M,15,9,Павлодарская область, Южный район ,Школа №4,ru,full,46.4,False
P00662,Рамазан,Сериков,M,12,6,Жамбылская область,Южный район,Школа №3,kk,full,46.8,False
P00663,Алихан,Тулегенов,M,17,11,Жамбылская область,Южный район,Школа №3,kk,single,48.5,False
P00664,София,Петрова,F,16,10,г. Астана,Южный район,Школа №5,ru,full,46.8,False
P00665,Данияр,Тулегенов,M,12,6,Карагандинская область,Восточный район,Школа №3,kk,full,44.3,False
P00666,Полина,Смирнова,F,15,9,Абайская область,Заречный район,Школа №2,ru,full,56.6,False
P00667,Елена,Морозова,F,16,11,г. Шымкент,Сельский район,Школа №4,ru,full,51.2,False
P00668,Арман,Маратов,M,16,11,Карагандинская область,Сельский район,Школа №3,kk,full,77.6,True
P00669,Дария,Касенов,F,13,8,Восточно-Казахстанская область,Южный район,Школа №2,kk,full,15.2,False
P00670,Дмитрий,Новиков,M,14,9,Туркестанская область,Западный район,Школа №4,ru,full,71.4,True
P00671,Дамир,Касенов,M,17,11,г. Алматы,Северный район,Школа №1,kk,single,67.7,True
P00672,Иван,Волков,M,16,11,Карагандинская область,Сельский район,Школа №4,ru,full,23.9,False
P00673,Екатерина,Петрова,F,16,9,г. Астана,Заречный район,Школа №1,ru,single,43.9,False
P00674,Алина,Бекенов,F,14,7,г. Шымкент,Центральный район,Школа №3,kk,single,43.4,False
P00675,Мария,Кузнецова,F,14,8,Атырауская область,Центральный район,Школа №3,ru,single,27.9,False
P00676,Алмат,Кадыров,M,17,11,г. Алматы,Восточный район,Школа №2,kk,full,43.3,False
P00677,Анастасия,Волкова,F,16,10,Акмолинская область,Сельский район,Школа №1,ru,full,38.3,False
P00678,Ержан,Касенов,M,14,8,Алматинская область,Западный район,Школа №4,kk,single,75.3,True
P00679,Гульнара,Жумабеков,F,15,9,Жамбылская область,Сельский район,Школа №4,kk,single,63.0,False
P00680,Рамазан,Абилов,M,16,11,Павлодарская область,Сельский район,Школа №4,kk,single,68.1,True
P00681,Жансая,Нурланов,F,13,8,г. Шымкент,Заречный район,Школа №3,kk,single,59.8,False
P00682,Меруерт,Касенов,F,12,7,Атырауская область,Центральный район,Школа №3,kk,full,38.1,False
P00683,Артём,Волков,M,14,8,Павлодарская область,Сельский район,Школа №4,ru,full,47.1,False
P00684,Елена,Кузнецова,F,18,11,Актюбинская область,Восточный район,Школа №4,ru,full,62.3,False
P00685,София,Кузнецова,F,11,4,Актюбинская область,Восточный район,Школа №2,ru,full,36.7,False
P00686,Ержан,Алиев,M,14,8,г. Астана, Центральный район ,Школа №5,kk,single,59.7,False
P00687,Балжан,Бекенов,F,12,6,Западно-Казахстанская область,Южный район,Школа №4,kk,full,51.4,False
P00688,Балжан,Нурланов,F,13,7,Восточно-Казахстанская область,Восточный район,Школа №1,kk,full,49.4,False
P00689,Тимур,Касенов,M,17,11,Северо-Казахстанская область, Центральный район ,Школа №2,kk,full,65.7,False
P00690,София,Соколова,F,13,7,Актюбинская область,Центральный район,Школа №1,ru,full,61.7,False
P00691,Шынгыс,Маратов,M,14,8,Акмолинская область,Центральный район,Школа №5,kk,full,49.6,False
P00692,Александр,Волков,M,17,11,Восточно-Казахстанская область,Южный район,Школа №4,ru,full,72.4,True
P00693,Арман,Жумабеков,M,14,8,Алматинская область,Южный район,Школа №2,kk,single,32.8,False
P00694,Дана,Сатпаев,F,13,7,Западно-Казахстанская область,Западный район,Школа №2,kk,single,58.2,False
P00695,Максим,Иванов,M,10,4,Жамбылская область,Северный район,Школа №2,ru,full,63.9,False
P00696,Рамазан,Темирбеков,M,14,8,Северо-Казахстанская область,Южный район,Школа №5,kk,full,50.4,False
P00697,Жансая,Сериков,F,16,10,Жамбылская область,Сельский район,Школа №2,kk,full,59.9,False
P00698,Айгерим,Тулегенов,F,13,7,г. Астана,Северный район,Школа №1,kk,full,36.2,False
P00699,Алтынай,Нурланов,F,16,10,Кызылординская область,Западный район,Школа №1,kk,full,68.9,True
P00700,Максим,Новиков,M,18,11,Западно-Казахстанская область,Западный район,Школа №3,ru,single,46.2,False
P00701,Никита,Смирнов,M,12,7,Жамбылская область,Сельский район,Школа №3,ru,single,41.2,False
P00702,Алина,Нурланов,F,11,5,Западно-Казахстанская область,Северный район,Школа №4,kk,full,70.7,True
P00703,Аружан,Сериков,F,18,11,Карагандинская область,Восточный район,Школа №3,kk,full,44.4,False
P00704,Полина,Кузнецова,F,14,7,Туркестанская область,Восточный район,Школа №4,ru,full,33.9,False
P00705,София,Смирнова,F,15,9,Павлодарская область,Заречный район,Школа №1,ru,full,31.7,False
P00706,Ольга,Морозова,F,11,5,Улытауская область,Центральный район,Школа №4,ru,full,64.1,False
P00707,Елена,Кузнецова,F,14,9,Улытауская область,Восточный район,Школа №1,ru,full,35.8,False
P00708,Меруерт,Касенов,F,16,9,г. Астана,Сельский район,Школа №3,kk,full,81.3,True
P00709,Аяна,Нурланов,F,13,7,Акмолинская область,Центральный район,Школа №3,kk,single,17.8,False
P00710,Иван,Смирнов,M,12,7,Жамбылская область,Северный район,Школа №5,ru,full,80.4,True
P00711,Адильхан,Алиев,M,16,10,Туркестанская область,Восточный район,Школа №5,kk,full,58.2,False
P00712,Камила,Жумабеков,F,10,5,Актюбинская область,Северный район,Школа №2,kk,full,53.5,False
P00713,Рамазан,Касенов,M,12,6,Атырауская область,Заречный район,Школа №5,kk,single,40.8,False
P00714,Алмат,Алиев,M,14,8,Атырауская область,Заречный район,Школа №4,kk,full,61.0,False
P00715,Жаныбек,Темирбеков,M,17,11,Костанайская область,Центральный район,Школа №4,kk,single,48.4,False
P00716,Дария,Темирбеков,F,16,10,Туркестанская область,Восточный район,Школа №5,kk,full,71.5,True
P00717,Тимур,Кадыров,M,16,11,г. Алматы,Центральный район,Школа №4,kk,full,56.7,False
P00718,Малика,Темирбеков,F,13,7,Восточно-Казахстанская область,Южный район,Школа №4,kk,full,57.3,False
P00719,София,Новикова,F,17,11,Атырауская область,Южный район,Школа №4,ru,single,43.5,False
P00720,София,Кузнецова,F,11,5,Карагандинская область,Заречный район,Школа №4,ru,full,54.1,False
P00721,Ольга,Соколова,F,14,8,Жетысуская область,Северный район,Школа №1,ru,full,59.6,False
P00722,Михаил,Иванов,M,13,6,Актюбинская область,Южный район,Школа №5,ru,full,29.3,False
P00723,Ержан,Темирбеков,M,14,9,г. Алматы,Южный район,Школа №5,kk,single,28.8,False
P00724,Меруерт,Сериков,F,15,10,Алматинская область,Сельский район,Школа №1,kk,full,66.1,True
P00725,Бауыржан,Кадыров,M,16,10,Восточно-Казахстанская область,Заречный район,Школа №4,kk,single,51.6,False
P00726,Ерасыл,Алиев,M,15,10,Алматинская область,Сельский район,Школа №4,kk,full,52.2,False
P00727,Сабина,Алиев,F,14,8,Актюбинская область,Южный район,Школа №4,kk,full,55.3,False
P00728,Гульнара,Алиев,F,18,11,Павлодарская область,Восточный район,Школа №4,kk,single,54.2,False
P00729,Арман,Темирбеков,M,14,8,Улытауская область,Центральный район,Школа №3,kk,full,46.9,False
P00730,Арман,Сатпаев,M,17,11,Акмолинская область,Заречный район,Школа №5,kk,full,43.3,False
P00731,Дария,Маратов,F,18,11,Костанайская область, Южный район ,Школа №3,kk,single,51.9,False
P00732,Балжан,Тулегенов,F,16,10,г. Шымкент,Сельский район,Школа №4,kk,single,34.3,False
P00733,Сауле,Кадыров,F,16,9,Мангистауская область,Заречный район,Школа №2,kk,full,61.1,False
P00734,Санжар,Кадыров,M,15,9,Восточно-Казахстанская область, Центральный район ,Школа №5,kk,single,23.5,False
P00735,Санжар,Сериков,M,13,8,Акмолинская область,Сельский район,Школа №5,kk,single,64.4,False
P00736,Томирис,Маратов,F,17,10,Абайская область,Восточный район,Школа №2,kk,full,62.1,False
P00737,Сауле,Сатпаев,F,15,9,Жетысуская область,Южный район,Школа №5,kk,full,58.8,False
P00738,Тимур,Бекенов,M,15,10,Кызылординская область,Восточный район,Школа №4,kk,full,69.7,True
P00739,Бауыржан,Абилов,M,16,9,Актюбинская область,Южный район,Школа №4,kk,single,74.0,True
P00740,Малика,Абилов,F,12,6,Туркестанская область,Заречный район,Школа №2,kk,full,70.2,True
P00741,Михаил,Морозов,M,10,4,Алматинская область,Заречный район,Школа №4,ru,single,21.4,False
P00742,Никита,Лебедев,M,10,4,Алматинская область,Центральный район,Школа №3,ru,full,35.8,False
P00743,Данияр,Абилов,M,14,8,Абайская область,Сельский район,Школа №5,kk,single,39.6,False
P00744,Максим,Иванов,M,15,8,Алматинская область,Западный район,Школа №1,ru,full,55.4,False
P00745,Жаныбек,Абилов,M,15,9,г. Шымкент,Северный район,Школа №5,kk,full,62.8,False
P00746,Андрей,Волков,M,12,7,г. Шымкент,Восточный район,Школа №4,ru,single,38.1,False
P00747,Анна,Смирнова,F,14,9,Абайская область,Западный район,Школа №3,ru,full,57.8,False
P00748,Михаил,Волков,M,14,9,Акмолинская область,Западный район,Школа №4,ru,full,43.7,False
P00749,Айгерим,Жумабеков,F,15,8,Жамбылская область,Северный район,Школа №5,kk,full,45.8,False
P00750,Адильхан,Кадыров,M,13,7,Павлодарская область,Северный район,Школа №5,kk,full,33.9,False
P00751,Дария,Алиев,F,13,7,Восточно-Казахстанская область,Южный район,Школа №2,kk,full,41.2,False
P00752,Артём,Иванов,M,12,6,Акмолинская область,Южный район,Школа №3,ru,full,34.7,False
P00753,Анастасия,Кузнецова,F,15,8,Жетысуская область,Сельский район,Школа №2,ru,full,40.4,False
P00754,Олжас,Тулегенов,M,14,9,Павлодарская область,Центральный район,Школа №4,kk,full,70.8,True
P00755,Екатерина,Морозова,F,12,5,Атырауская область,Южный район,Школа №4,ru,full,40.8,False
P00756,Аяна,Бекенов,F,13,8,г. Алматы,Восточный район,Школа №5,kk,single,88.5,True
P00757,Аяна,Темирбеков,F,16,10,Акмолинская область,Восточный район,Школа №3,kk,single,56.4,False
P00758,Сабина,Жумабеков,F,10,5,Акмолинская область,Северный район,Школа №5,kk,full,57.8,False
P00759,Темирлан,Жумабеков,M,17,11,Павлодарская область,Северный район,Школа №3,kk,full,42.1,False
P00760,Елена,Кузнецова,F,13,7,Костанайская область,Южный район,Школа №5,ru,full,65.5,False
P00761,Адильхан,Касенов,M,17,10,Восточно-Казахстанская область,Восточный район,Школа №4,kk,full,46.4,False
P00762,Полина,Иванова,F,16,10,Северо-Казахстанская область,Заречный район,Школа №4,ru,full,56.8,False
P00763,Анастасия,Петрова,F,9,4,Северо-Казахстанская область,Южный район,Школа №4,ru,single,87.4,True
P00764,Екатерина,Петрова,F,13,7,г. Шымкент,Заречный район,Школа №2,ru,single,47.6,False
P00765,Шынгыс,Бекенов,M,11,5,Абайская область,Северный район,Школа №4,kk,full,72.2,True
P00766,Томирис,Касенов,F,10,5,г. Шымкент,Западный район,Школа №5,kk,full,44.5,False
P00767,Полина,Соколова,F,16,9,Жамбылская область,Сельский район,Школа №5,ru,single,48.5,False
P00768,Айдар,Кадыров,M,12,5,Павлодарская область,Сельский район,Школа №3,kk,full,81.6,True
P00769,Владислав,Иванов,M,10,4,Западно-Казахстанская область,Восточный район,Школа №3,ru,full,45.6,False
P00770,Екатерина,Лебедева,F,12,7,Актюбинская область,Северный район,Школа №3,ru,full,82.2,True
P00771,Ерасыл,Жумабеков,M,16,10,Жетысуская область,Центральный район,Школа №3,kk,full,65.6,False
P00772,Шынгыс,Сатпаев,M,14,9,Северо-Казахстанская область,Сельский район,Школа №4,kk,single,40.6,False
P00773,Алина,Алиев,F,15,9,Акмолинская область,Сельский район,Школа №3,kk,full,64.5,False
P00774,Дария,Нурланов,F,14,7,Мангистауская область,Центральный район,Школа №4,kk,single,63.6,False
P00775,Меруерт,Нурланов,F,14,8,г. Шымкент,Западный район,Школа №1,kk,full,64.3,False
P00776,Алихан,Сатпаев,M,13,7,Жамбылская область,Западный район,Школа №5,kk,full,31.4,False
P00777,Аружан,Темирбеков,F,15,9,Акмолинская область,Северный район,Школа №4,kk,full,44.1,False
P00778,Дарья,Новикова,F,18,11,Карагандинская область,Западный район,Школа №3,ru,full,51.3,False
P00779,Сабина,Тулегенов,F,15,9,Акмолинская область,Восточный район,Школа №2,kk,single,47.9,False
P00780,Максим,Волков,M,15,9,Костанайская область,Сельский район,Школа №3,ru,full,64.3,False
P00781,Александр,Новиков,M,14,8,Жетысуская область,Центральный район,Школа №2,ru,full,57.7,False
P00782,Ксения,Лебедева,F,13,8,Жамбылская область,Восточный район,Школа №1,ru,full,35.0,False
P00783,Меруерт,Бекенов,F,12,6,г. Астана,Сельский район,Школа №1,kk,full,60.7,False
P00784,Ксения,Морозова,F,15,10,Жетысуская область,Северный район,Школа №2,ru,full,64.2,False
P00785,Алтынай,Кадыров,F,16,10,Жамбылская область,Южный район,Школа №3,kk,single,57.4,False
P00786,Мария,Петрова,F,16,10,Алматинская область,Северный район,Школа №2,ru,full,71.2,True
P00787,Малика,Касенов,F,13,6,Жетысуская область,Центральный район,Школа №5,kk,full,67.5,True
P00788,Дамир,Алиев,M,16,10,Улытауская область,Западный район,Школа №2,kk,single,55.9,False
P00789,Камила,Касенов,F,12,6,Улытауская область,Южный район,Школа №4,kk,full,53.9,False
P00790,Ольга,Соколова,F,15,9,г. Астана,Восточный район,Школа №5,ru,full,30.1,False
P00791,Кирилл,Кузнецов,M,12,6,Карагандинская область,Восточный район,Школа №5,ru,full,61.4,False
P00792,Дмитрий,Новиков,M,15,8,Улытауская область,Южный район,Школа №1,ru,full,58.1,False
P00793,Ержан,Абилов,M,14,8,Костанайская область,Южный район,Школа №2,kk,full,59.1,False
P00794,Санжар,Тулегенов,M,16,11,г. Алматы,Заречный район,Школа №3,kk,full,35.8,False
P00795,Ерасыл,Бекенов,M,13,6,Костанайская область,Южный район,Школа №3,kk,single,32.8,False
P00796,Полина,Соколова,F,16,10,Абайская область,Сельский район,Школа №3,ru,single,64.8,False
P00797,Анастасия,Новикова,F,12,6,Улытауская область,Сельский район,Школа №4,ru,full,54.4,False
P00798,Ольга,Новикова,F,14,8,Костанайская область,Сельский район,Школа №2,ru,full,65.2,False
P00799,Ержан,Алиев,M,14,8,г. Астана,Сельский район,Школа №1,kk,full,55.4,False
P00800,Кирилл,Морозов,M,16,10,Карагандинская область,Южный район,Школа №5,ru,full,55.4,False
P00801,Эльмира,Сатпаев,F,12,6,г. Астана,Сельский район,Школа №4,kk,full,69.1,True
P00802,Ерасыл,Сатпаев,M,13,6,Северо-Казахстанская область,Заречный район,Школа №1,kk,full,47.3,False
P00803,Айгерим,Алиев,F,13,7,Жамбылская область,Центральный район,Школа №4,kk,full,56.4,False
P00804,Жансая,Тулегенов,F,13,8,Абайская область,Северный район,Школа №4,kk,full,48.1,False
P00805,Кирилл,Кузнецов,M,16,10,Атырауская область,Сельский район,Школа №4,ru,full,48.5,False
P00806,Балжан,Тулегенов,F,14,8,Северо-Казахстанская область,Южный район,Школа №2,kk,full,50.4,False
P00807,Тимур,Абилов,M,13,7,Северо-Казахстанская область,Восточный район,Школа №1,kk,full,58.3,False
P00808,Мария,Волкова,F,16,10,Восточно-Казахстанская область,Восточный район,Школа №5,ru,full,47.8,False
P00809,Анна,Лебедева,F,14,7,Акмолинская область,Северный район,Школа №2,ru,full,73.8,True
P00810,Екатерина,Новикова,F,10,5,Павлодарская область,Сельский район,Школа №3,ru,full,41.6,False
P00811,Аяна,Жумабеков,F,11,5,Жамбылская область,Западный район,Школа №1,kk,full,52.2,False
P00812,Мария,Иванова,F,13,7,Абайская область,Южный район,Школа №2,ru,full,48.4,False
P00813,Бекжан,Маратов,M,16,10,Северо-Казахстанская область,Северный район,Школа №3,kk,single,70.7,True
P00814,Алтынай,Тулегенов,F,15,9,Мангистауская область,Северный район,Школа №1,kk,full,57.9,False
P00815,Михаил,Кузнецов,M,14,9,Северо-Казахстанская область,Заречный район,Школа №5,ru,full,70.5,True
P00816,Адильхан,Темирбеков,M,14,8,Мангистауская область,Сельский район,Школа №2,kk,full,32.7,False
P00817,Адильхан,Кадыров,M,16,11,Жамбылская область,Заречный район,Школа №2,kk,single,53.0,False
P00818,Аяна,Темирбеков,F,13,7,Павлодарская область,Западный район,Школа №3,kk,full,68.3,True
P00819,Малика,Сериков,F,12,6,Жетысуская область,Северный район,Школа №3,kk,full,56.2,False
P00820,Бекжан,Сериков,M,11,5,Западно-Казахстанская область,Заречный район,Школа №1,kk,full,71.0,True
P00821,Алтынай,Маратов,F,11,6,г. Алматы,Сельский район,Школа №5,kk,full,47.2,False
P00822,Дарья,Попова,F,17,11,Восточно-Казахстанская область,Заречный район,Школа №3,ru,full,76.1,True
P00823,Максим,Лебедев,M,14,9,Улытауская область,Заречный район,Школа №5,ru,full,89.5,True
P00824,Елена,Кузнецова,F,11,5,Павлодарская область,Сельский район,Школа №1,ru,full,49.6,False
P00825,Айдар,Бекенов,M,12,6,г. Шымкент,Восточный район,Школа №3,kk,full,48.3,False
P00826,Малика,Касенов,F,13,7,Карагандинская область, Сельский район ,Школа №3,kk,full,76.8,True
P00827,Екатерина,Кузнецова,F,11,6,г. Шымкент,Сельский район,Школа №3,ru,full,78.7,True
P00828,Анастасия,Смирнова,F,15,9,Жамбылская область,Северный район,Школа №5,ru,full,47.2,False
P00829,Дмитрий,Смирнов,M,13,7,Жамбылская область,Северный район,Школа №5,ru,full,48.7,False
P00830,Наргиз,Сериков,F,15,8,Кызылординская область,Восточный район,Школа №4,kk,full,50.8,False
P00831,Рамазан,Темирбеков,M,15,9,Мангистауская область,Восточный район,Школа №3,kk,full,34.8,False
P00832,Данияр,Абилов,M,11,5,Карагандинская область,Восточный район,Школа №4,kk,single,35.2,False
P00833,Александр,Иванов,M,14,8,Улытауская область,Заречный район,Школа №4,ru,single,33.9,False
P00834,Наргиз,Жумабеков,F,16,11,г. Астана,Центральный район,Школа №1,kk,full,43.5,False
P00835,Малика,Жумабеков,F,16,10,Кызылординская область,Западный район,Школа №3,kk,single,48.5,False
P00836,Айдана,Кадыров,F,13,7,Абайская область,Заречный район,Школа №2,kk,single,52.5,False
P00837,Тимур,Касенов,M,15,9,Восточно-Казахстанская область,Центральный район,Школа №1,kk,full,78.3,True
P00838,Полина,Кузнецова,F,17,10,Павлодарская область,Северный район,Школа №3,ru,single,34.0,False
P00839,Дария,Маратов,F,12,5,Павлодарская область,Сельский район,Школа №1,kk,single,63.8,False
P00840,Бауыржан,Маратов,M,15,10,Мангистауская область,Заречный район,Школа №2,kk,full,51.8,False
P00841,Малика,Касенов,F,14,8,Карагандинская область,Заречный район,Школа №2,kk,full,54.3,False
P00842,Максим,Волков,M,16,10,Жамбылская область,Северный район,Школа №2,ru,full,65.1,False
P00843,Эльмира,Сериков,F,10,5,Восточно-Казахстанская область,Центральный район,Школа №4,kk,full,38.2,False
P00844,Алтынай,Темирбеков,F,14,9,Акмолинская область,Южный район,Школа №1,kk,full,60.7,False
P00845,Эльмира,Тулегенов,F,15,9,Западно-Казахстанская область,Восточный район,Школа №3,kk,full,57.5,False
P00846,Екатерина,Попова,F,16,11,Мангистауская область,Восточный район,Школа №3,ru,full,62.4,False
P00847,Аружан,Темирбеков,F,17,11,г. Шымкент,Центральный район,Школа №3,kk,full,59.3,False
P00848,Ольга,Морозова,F,10,4,Павлодарская область,Заречный район,Школа №3,ru,single,85.8,True
P00849,Ольга,Кузнецова,F,16,10,г. Шымкент,Восточный район,Школа №5,ru,full,45.4,False
P00850,Анна,Лебедева,F,18,11,Карагандинская область,Западный район,Школа №2,ru,single,41.0,False
P00851,Наргиз,Сериков,F,17,11,Карагандинская область,Сельский район,Школа №5,kk,full,45.7,False
P00852,Темирлан,Бекенов,M,10,5,Жетысуская область,Северный район,Школа №1,kk,full,46.7,False
P00853,Елена,Кузнецова,F,16,9,Западно-Казахстанская область,Заречный район,Школа №1,ru,full,45.4,False
P00854,Ксения,Кузнецова,F,15,9,г. Астана,Сельский район,Школа №1,ru,single,66.8,True
P00855,Полина,Лебедева,F,10,5,Жетысуская область,Северный район,Школа №3,ru,full,76.3,True
P00856,Алтынай,Сатпаев,F,14,9,Кызылординская область,Северный район,Школа №4,kk,full,46.4,False
P00857,Камила,Нурланов,F,16,9,Костанайская область,Сельский район,Школа №2,kk,full,42.5,False
P00858,Олжас,Кадыров,M,14,8,Атырауская область,Сельский район,Школа №2,kk,full,62.1,False
P00859,Александр,Волков,M,14,7,Костанайская область,Южный район,Школа №1,ru,full,46.7,False
P00860,Камила,Темирбеков,F,16,10,Костанайская область,Северный район,Школа №2,kk,single,58.5,False
P00861,Артём,Новиков,M,18,11,Мангистауская область,Южный район,Школа №2,ru,full,58.0,False
P00862,Ержан,Нурланов,M,13,7,Мангистауская область,Центральный район,Школа №3,kk,single,26.3,False
P00863,Динара,Сатпаев,F,14,8,Акмолинская область,Сельский район,Школа №3,kk,full,78.2,True
P00864,Арман,Бекенов,M,15,8,Жамбылская область,Сельский район,Школа №1,kk,full,81.9,True
P00865,Мария,Лебедева,F,11,6,Восточно-Казахстанская область,Центральный район,Школа №4,ru,full,45.8,False
P00866,Малика,Алиев,F,14,8,Мангистауская область,Северный район,Школа №2,kk,full,49.2,False
P00867,Мария,Петрова,F,13,7,Северо-Казахстанская область,Сельский район,Школа №4,ru,full,59.3,False
P00868,Рамазан,Касенов,M,17,11,Улытауская область, Северный район ,Школа №5,kk,full,60.0,False
P00869,Дарья,Лебедева,F,14,9,Туркестанская область,Заречный район,Школа №3,ru,full,64.9,False
P00870,Полина,Смирнова,F,16,9,Мангистауская область,Сельский район,Школа №4,ru,single,79.2,True
P00871,Томирис,Тулегенов,F,13,6,Алматинская область,Сельский район,Школа №1,kk,full,52.3,False
P00872,Ерасыл,Сериков,M,11,5,Акмолинская область,Северный район,Школа №2,kk,single,37.0,False
P00873,Михаил,Соколов,M,12,7,Кызылординская область,Западный район,Школа №1,ru,single,28.3,False
P00874,Полина,Новикова,F,15,9,Атырауская область,Западный район,Школа №3,ru,full,44.0,False
P00875,Анастасия,Кузнецова,F,18,11,Акмолинская область,Северный район,Школа №2,ru,full,54.5,False
P00876,Эльмира,Нурланов,F,15,9,Актюбинская область,Западный район,Школа №4,kk,full,81.9,True
P00877,Нурлан,Маратов,M,17,11,Атырауская область,Западный район,Школа №3,kk,single,41.2,False
P00878,Сабина,Сатпаев,F,17,11,Восточно-Казахстанская область,Восточный район,Школа №3,kk,full,58.4,False
P00879,Дана,Сериков,F,10,5,г. Алматы,Центральный район,Школа №4,kk,full,54.8,False
P00880,Бекжан,Жумабеков,M,13,8,Абайская область,Центральный район,Школа №2,kk,single,66.8,True
P00881,Данияр,Сатпаев,M,18,11,Туркестанская область,Центральный район,Школа №5,kk,full,92.9,True
P00882,Ерасыл,Нурланов,M,15,9,Восточно-Казахстанская область,Южный район,Школа №5,kk,full,47.0,False
P00883,Санжар,Маратов,M,15,9,Атырауская область,Заречный район,Школа №4,kk,full,47.7,False
P00884,Екатерина,Волкова,F,17,11,Павлодарская область,Заречный район,Школа №4,ru,full,70.7,True
P00885,Бекжан,Жумабеков,M,15,10,Актюбинская область,Южный район,Школа №3,kk,full,65.2,False
P00886,Тимур,Темирбеков,M,15,10,Актюбинская область,Заречный район,Школа №4,kk,single,76.7,True
P00887,Арман,Абилов,M,16,10,Туркестанская область,Западный район,Школа №5,kk,full,63.8,False
P00888,Александр,Лебедев,M,15,10,г. Алматы,Заречный район,Школа №5,ru,full,49.6,False
P00889,Полина,Кузнецова,F,14,9,Восточно-Казахстанская область,Центральный район,Школа №2,ru,full,63.9,False
P00890,Алмат,Кадыров,M,13,7,Жетысуская область,Сельский район,Школа №1,kk,full,71.6,True
P00891,Никита,Лебедев,M,15,10,Жамбылская область,Южный район,Школа №5,ru,single,61.3,False
P00892,Анастасия,Попова,F,13,8,Абайская область,Западный район,Школа №3,ru,full,62.6,False
P00893,Айгерим,Сериков,F,15,9,Павлодарская область,Восточный район,Школа №5,kk,full,71.0,True
P00894,Дана,Бекенов,F,14,8,Туркестанская область,Восточный район,Школа №3,kk,full,72.5,True
P00895,Максим,Смирнов,M,14,8,Атырауская область,Южный район,Школа №1,ru,full,75.7,True
P00896,Нурлан,Маратов,M,17,11,Костанайская область,Центральный район,Школа №2,kk,full,64.7,False
P00897,Аружан,Кадыров,F,11,6,Мангистауская область,Западный район,Школа №4,kk,single,46.5,False
P00898,Адильхан,Касенов,M,15,8,Жетысуская область,Центральный район,Школа №3,kk,single,51.2,False
P00899,Рамазан,Сериков,M,12,6,Павлодарская область,Северный район,Школа №5,kk,single,67.1,True
P00900,Екатерина,Лебедева,F,17,10,Жамбылская область,Восточный район,Школа №1,ru,full,42.7,False
P00901,Артём,Кузнецов,M,17,11,Алматинская область,Северный район,Школа №3,ru,full,60.5,False
P00902,Айдана,Нурланов,F,12,6,Павлодарская область,Западный район,Школа №2,kk,full,49.1,False
P00903,Дария,Сериков,F,16,10,Западно-Казахстанская область,Южный район,Школа №3,kk,full,55.4,False
P00904,Айдар,Касенов,M,16,11,Костанайская область,Северный район,Школа №3,kk,full,74.2,True
P00905,Ерасыл,Жумабеков,M,16,10,Алматинская область,Центральный район,Школа №5,kk,full,57.9,False
P00906,Томирис,Тулегенов,F,12,6,г. Шымкент,Южный район,Школа №3,kk,full,55.7,False
P00907,Шынгыс,Сериков,M,12,6,Акмолинская область,Западный район,Школа №2,kk,single,28.6,False
P00908,Ерасыл,Жумабеков,M,10,4,Туркестанская область,Сельский район,Школа №2,kk,full,66.2,True
P00909,Полина,Попова,F,16,11,Кызылординская область,Восточный район,Школа №1,ru,full,64.7,False
P00910,Анастасия,Смирнова,F,14,7,г. Шымкент,Южный район,Школа №2,ru,full,87.4,True
P00911,Камила,Абилов,F,13,6,г. Алматы,Сельский район,Школа №1,kk,full,50.4,False
P00912,Дана,Бекенов,F,14,9,Восточно-Казахстанская область,Центральный район,Школа №2,kk,single,52.3,False
P00913,Сабина,Жумабеков,F,15,9,Карагандинская область,Сельский район,Школа №3,kk,full,58.7,False
P00914,Аружан,Жумабеков,F,15,9,Атырауская область,Южный район,Школа №1,kk,single,72.7,True
P00915,Ержан,Касенов,M,13,7,г. Шымкент,Южный район,Школа №5,kk,full,53.6,False
P00916,Айдана,Касенов,F,11,6,Абайская область,Сельский район,Школа №3,kk,full,59.2,False
P00917,София,Петрова,F,15,9,Мангистауская область,Заречный район,Школа №5,ru,full,64.1,False
P00918,Жаныбек,Алиев,M,14,8,Северо-Казахстанская область,Северный район,Школа №4,kk,full,57.8,False
P00919,Аян,Бекенов,M,14,9,г. Астана,Восточный район,Школа №2,kk,full,48.3,False
P00920,София,Кузнецова,F,14,8,Актюбинская область,Северный район,Школа №2,ru,full,57.9,False
P00921,Анастасия,Волкова,F,15,10,Алматинская область,Восточный район,Школа №1,ru,full,71.1,True
P00922,Эльмира,Темирбеков,F,15,10,Абайская область,Сельский район,Школа №3,kk,full,39.6,False
P00923,Меруерт,Алиев,F,11,5,Карагандинская область,Южный район,Школа №2,kk,full,57.0,False
P00924,Андрей,Морозов,M,12,6,Карагандинская область,Центральный район,Школа №4,ru,full,44.5,False
P00925,Данияр,Бекенов,M,13,8,Мангистауская область,Заречный район,Школа №1,kk,full,72.9,True
P00926,Алина,Сатпаев,F,18,11,Костанайская область,Центральный район,Школа №1,kk,full,32.2,False
P00927,Аян,Касенов,M,15,9,Павлодарская область,Северный район,Школа №3,kk,full,46.6,False
P00928,Иван,Соколов,M,16,10,Актюбинская область, Сельский район ,Школа №2,ru,full,60.7,False
P00929,Максим,Петров,M,12,6,Алматинская область,Западный район,Школа №3,ru,single,72.5,True
P00930,Ерасыл,Абилов,M,15,9,Павлодарская область,Восточный район,Школа №4,kk,full,54.0,False
P00931,Мария,Лебедева,F,15,9,г. Алматы,Восточный район,Школа №4,ru,full,46.7,False
P00932,Томирис,Маратов,F,9,4,Жетысуская область,Заречный район,Школа №3,kk,full,83.2,True
P00933,Алмат,Темирбеков,M,13,7,Кызылординская область,Южный район,Школа №2,kk,single,27.3,False
P00934,Мария,Кузнецова,F,11,5,Жамбылская область,Сельский район,Школа №2,ru,full,22.0,False
P00935,Иван,Иванов,M,16,10,Алматинская область,Заречный район,Школа №4,ru,full,61.6,False
P00936,Алихан,Темирбеков,M,16,10,г. Астана,Сельский район,Школа №2,kk,single,41.5,False
P00937,Елена,Новикова,F,13,7,Павлодарская область,Заречный район,Школа №1,ru,full,39.7,False
P00938,Аяна,Тулегенов,F,15,9,Восточно-Казахстанская область,Центральный район,Школа №4,kk,full,65.6,False
P00939,Полина,Соколова,F,18,11,Жетысуская область,Восточный район,Школа №3,ru,full,58.7,False
P00940,Мария,Волкова,F,14,9,Акмолинская область,Северный район,Школа №5,ru,single,40.5,False
P00941,Жаныбек,Нурланов,M,11,6,Восточно-Казахстанская область,Центральный район,Школа №4,kk,full,35.8,False
P00942,Иван,Иванов,M,12,5,Жетысуская область,Южный район,Школа №1,ru,full,68.1,True
P00943,Балжан,Касенов,F,16,9,Акмолинская область,Северный район,Школа №5,kk,single,58.8,False
P00944,Алина,Жумабеков,F,15,9,Абайская область,Южный район,Школа №4,kk,single,47.5,False
P00945,Анна,Попова,F,16,10,Павлодарская область,Заречный район,Школа №5,ru,full,82.7,True
P00946,Айдана,Жумабеков,F,16,11,Восточно-Казахстанская область,Северный район,Школа №1,kk,single,32.9,False
P00947,Арман,Маратов,M,15,9,Восточно-Казахстанская область,Западный район,Школа №5,kk,full,32.1,False
P00948,Шынгыс,Нурланов,M,14,7,Акмолинская область,Заречный район,Школа №4,kk,full,44.6,False
P00949,Наргиз,Сериков,F,14,9,Абайская область,Северный район,Школа №3,kk,full,54.3,False
P00950,Данияр,Алиев,M,11,5,Актюбинская область,Южный район,Школа №3,kk,single,52.7,False
P00951,Дмитрий,Новиков,M,10,4,Атырауская область,Центральный район,Школа №4,ru,full,51.4,False
P00952,Дарья,Новикова,F,14,8,Кызылординская область,Западный район,Школа №3,ru,full,60.3,False
P00953,Александр,Волков,M,9,4,Акмолинская область,Заречный район,Школа №5,ru,full,36.2,False
P00954,Алихан,Бекенов,M,13,7,Мангистауская область,Сельский район,Школа №1,kk,full,76.7,True
P00955,Алина,Алиев,F,13,8,Алматинская область,Восточный район,Школа №2,kk,full,53.8,False
P00956,Наргиз,Сериков,F,17,11,Западно-Казахстанская область,Восточный район,Школа №2,kk,full,71.8,True
P00957,Шынгыс,Нурланов,M,17,11,Акмолинская область,Сельский район,Школа №4,kk,full,60.1,False
P00958,Мария,Соколова,F,11,5,Западно-Казахстанская область,Заречный район,Школа №2,ru,full,61.9,False
P00959,Малика,Тулегенов,F,15,10,Жамбылская область,Заречный район,Школа №2,kk,single,57.5,False
P00960,Дмитрий,Смирнов,M,14,8,Жамбылская область,Южный район,Школа №4,ru,single,55.7,False
P00961,Никита,Лебедев,M,13,6,Абайская область,Западный район,Школа №5,ru,full,64.6,False
P00962,Иван,Иванов,M,16,11,Атырауская область,Восточный район,Школа №4,ru,single,68.9,True
P00963,Айгерим,Абилов,F,11,5,Атырауская область,Заречный район,Школа №5,kk,single,51.9,False
P00964,Артём,Волков,M,18,11,Мангистауская область,Северный район,Школа №2,ru,single,59.6,False
P00965,Данияр,Жумабеков,M,15,9,Улытауская область,Сельский район,Школа №4,kk,full,53.7,False
P00966,Кирилл,Морозов,M,14,8,Костанайская область,Центральный район,Школа №4,ru,full,76.6,True
P00967,Данияр,Касенов,M,16,11,Павлодарская область,Заречный район,Школа №5,kk,single,38.9,False
P00968,Айгерим,Сатпаев,F,16,11,Павлодарская область,Центральный район,Школа №5,kk,full,82.0,True
P00969,Елена,Лебедева,F,14,8,Жамбылская область,Северный район,Школа №5,ru,single,48.4,False
P00970,Меруерт,Нурланов,F,15,9,Мангистауская область,Центральный район,Школа №2,kk,single,27.5,False
P00971,Кирилл,Кузнецов,M,12,6,Абайская область,Восточный район,Школа №1,ru,single,50.9,False
P00972,Ксения,Попова,F,15,9,Восточно-Казахстанская область,Западный район,Школа №2,ru,full,44.8,False
P00973,София,Лебедева,F,14,8,Атырауская область,Заречный район,Школа №2,ru,full,67.6,True
P00974,Арман,Тулегенов,M,16,10,Алматинская область,Заречный район,Школа №4,kk,single,39.2,False
P00975,Алихан,Сериков,M,13,6,Абайская область, Восточный район ,Школа №5,kk,single,42.3,False
P00976,Камила,Темирбеков,F,12,6,Атырауская область,Восточный район,Школа №3,kk,full,26.7,False
P00977,Камила,Жумабеков,F,16,9,Акмолинская область,Южный район,Школа №2,kk,single,42.2,False
P00978,Андрей,Петров,M,11,5,Атырауская область,Южный район,Школа №2,ru,single,12.6,False
P00979,Алтынай,Абилов,F,12,6,Абайская область,Восточный район,Школа №1,kk,full,31.2,False
P00980,Артём,Смирнов,M,14,9,Карагандинская область,Центральный район,Школа №5,ru,full,66.4,True
P00981,Шынгыс,Сатпаев,M,17,11,г. Алматы,Центральный район,Школа №3,kk,full,66.8,True
P00982,Аружан,Бекенов,F,13,7,Кызылординская область,Центральный район,Школа №1,kk,full,61.4,False
P00983,Дана,Абилов,F,15,9,Жамбылская область,Центральный район,Школа №5,kk,single,34.5,False
P00984,Камила,Бекенов,F,16,11,Западно-Казахстанская область,Северный район,Школа №3,kk,full,54.3,False
P00985,Балжан,Маратов,F,15,9,Туркестанская область,Восточный район,Школа №4,kk,single,48.9,False
P00986,Малика,Бекенов,F,13,8,г. Астана,Южный район,Школа №1,kk,single,31.6,False
P00987,Шынгыс,Касенов,M,12,6,Улытауская область,Южный район,Школа №1,kk,full,77.6,True
P00988,Бауыржан,Касенов,M,11,5,Кызылординская область,Южный район,Школа №3,kk,full,68.2,True
P00989,Томирис,Кадыров,F,16,9,Жетысуская область,Западный район,Школа №3,kk,full,51.7,False
P00990,Анна,Волкова,F,16,10,Павлодарская область,Заречный район,Школа №3,ru,full,55.4,False
P00991,Дана,Нурланов,F,13,7,Алматинская область,Центральный район,Школа №5,kk,full,58.1,False
P00992,Тимур,Темирбеков,M,11,4,Северо-Казахстанская область,Южный район,Школа №4,kk,single,18.4,False
P00993,Алихан,Абилов,M,13,7,Алматинская область,Сельский район,Школа №3,kk,full,51.3,False
P00994,Эльмира,Темирбеков,F,13,8,Мангистауская область,Южный район,Школа №4,kk,single,38.8,False
P00995,Гульнара,Темирбеков,F,17,11,Абайская область,Северный район,Школа №3,kk,full,40.0,False
P00996,Иван,Морозов,M,16,11,Абайская область,Заречный район,Школа №3,ru,full,50.8,False
P00997,Динара,Маратов,F,16,10,г. Шымкент,Сельский район,Школа №3,kk,full,82.0,True
P00998,Арман,Сатпаев,M,15,9,Павлодарская область,Заречный район,Школа №1,kk,full,64.6,False
P00999,Ксения,Новикова,F,16,10,Жетысуская область,Центральный район,Школа №3,ru,full,46.4,False
P01000,Екатерина,Петрова,F,15,9,Актюбинская область,Восточный район,Школа №1,ru,single,57.6,False
P01001,Бауыржан,Сатпаев,M,16,10,Улытауская область,Западный район,Школа №3,kk,single,70.0,True
P01002,Ержан,Нурланов,M,16,10,Северо-Казахстанская область,Сельский район,Школа №2,kk,full,68.9,True
P01003,Никита,Петров,M,13,7,Атырауская область,Восточный район,Школа №1,ru,full,55.9,False
P01004,Максим,Попов,M,14,8,Западно-Казахстанская область,Центральный район,Школа №1,ru,full,45.3,False
P01005,Айдана,Абилов,F,16,10,Западно-Казахстанская область,Южный район,Школа №4,kk,full,65.5,False
P01006,Дамир,Тулегенов,M,16,10,г. Шымкент,Восточный район,Школа №1,kk,single,54.9,False
P01007,Айдар,Сатпаев,M,14,7,Западно-Казахстанская область,Северный район,Школа №1,kk,full,68.4,True
P01008,Бекжан,Маратов,M,13,7,Западно-Казахстанская область,Восточный район,Школа №2,kk,single,58.5,False
P01009,Аян,Тулегенов,M,11,6,г. Шымкент,Восточный район,Школа №2,kk,full,70.7,True
P01010,Адильхан,Касенов,M,16,11,Туркестанская область,Восточный район,Школа №2,kk,full,47.0,False
P01011,Жансая,Абилов,F,13,8,г. Астана,Центральный район,Школа №2,kk,single,68.8,True
P01012,Екатерина,Морозова,F,11,5,Улытауская область,Северный район,Школа №1,ru,full,58.0,False
P01013,Елена,Новикова,F,13,7,Западно-Казахстанская область,Южный район,Школа №3,ru,single,80.1,True
P01014,София,Новикова,F,12,6,Алматинская область,Южный район,Школа №1,ru,single,38.7,False
P01015,Наргиз,Темирбеков,F,13,8,Жетысуская область,Западный район,Школа №4,kk,full,81.0,True
P01016,Дана,Касенов,F,12,6,г. Алматы,Восточный район,Школа №5,kk,single,52.0,False
P01017,Дамир,Жумабеков,M,15,10,Жамбылская область,Центральный район,Школа №3,kk,full,45.2,False
P01018,Иван,Соколов,M,14,8,Алматинская область,Центральный район,Школа №2,ru,full,47.7,False
P01019,Аян,Жумабеков,M,9,4,Туркестанская область,Южный район,Школа №3,kk,full,50.2,False
P01020,Наргиз,Жумабеков,F,10,4,Абайская область,Восточный район,Школа №1,kk,full,61.4,False
P01021,Михаил,Смирнов,M,13,8,Актюбинская область,Заречный район,Школа №2,ru,full,62.8,False
P01022,Владислав,Лебедев,M,17,11,Павлодарская область,Восточный район,Школа №1,ru,full,46.4,False
P01023,Ерасыл,Сатпаев,M,13,6,Атырауская область,Заречный район,Школа №3,kk,full,54.6,False
P01024,Олжас,Тулегенов,M,12,5,Восточно-Казахстанская область,Восточный район,Школа №4,kk,full,87.1,True
P01025,Иван,Новиков,M,15,8,Кызылординская область,Восточный район,Школа №4,ru,full,80.9,True
P01026,Аружан,Сатпаев,F,15,8,Карагандинская область,Сельский район,Школа №5,kk,full,61.5,False
P01027,Камила,Алиев,F,13,8,Мангистауская область, Заречный район ,Школа №5,kk,full,55.6,False
P01028,Андрей,Попов,M,14,8,г. Шымкент,Центральный район,Школа №5,ru,single,50.8,False
P01029,Санжар,Маратов,M,15,9,Акмолинская область,Заречный район,Школа №2,kk,full,64.2,False
P01030,Аружан,Жумабеков,F,17,10,Карагандинская область,Заречный район,Школа №1,kk,full,39.7,False
P01031,Шынгыс,Сериков,M,15,8,Улытауская область,Центральный район,Школа №1,kk,full,51.1,False
P01032,Жаныбек,Абилов,M,14,7,Восточно-Казахстанская область,Сельский район,Школа №5,kk,full,30.0,False
P01033,Малика,Алиев,F,13,6,Абайская область,Северный район,Школа №2,kk,full,61.0,False
P01034,Алтынай,Сатпаев,F,13,8,Туркестанская область,Южный район,Школа №4,kk,full,64.7,False
P01035,Дария,Абилов,F,14,7,Алматинская область,Западный район,Школа №5,kk,full,47.8,False
P01036,Аружан,Абилов,F,15,8,Северо-Казахстанская область, Южный район ,Школа №2,kk,full,78.6,True
P01037,Сабина,Сериков,F,13,7,Восточно-Казахстанская область,Заречный район,Школа №5,kk,full,36.6,False
P01038,Камила,Сериков,F,16,9,Туркестанская область,Восточный район,Школа №5,kk,single,27.0,False
P01039,Елена,Смирнова,F,15,9,Костанайская область,Западный район,Школа №3,ru,full,58.4,False
P01040,Владислав,Петров,M,13,7,Алматинская область,Восточный район,Школа №4,ru,single,64.7,False
P01041,Екатерина,Петрова,F,16,11,Восточно-Казахстанская область,Заречный район,Школа №4,ru,full,80.3,True
P01042,Андрей,Новиков,M,17,11,Кызылординская область,Западный район,Школа №1,ru,full,48.1,False
P01043,Тимур,Тулегенов,M,15,9,Жамбылская область,Северный район,Школа №4,kk,full,71.2,True
P01044,Владислав,Петров,M,12,6,г. Астана,Центральный район,Школа №1,ru,single,48.4,False
P01045,Темирлан,Сериков,M,14,8,Костанайская область,Северный район,Школа №5,kk,full,52.4,False
P01046,Шынгыс,Тулегенов,M,14,9,Атырауская область,Сельский район,Школа №4,kk,full,68.3,True
P01047,Алмат,Сериков,M,13,7,Туркестанская область,Северный район,Школа №5,kk,single,58.8,False
P01048,Кирилл,Попов,M,12,5,Актюбинская область,Сельский район,Школа №3,ru,full,31.4,False
P01049,Дария,Нурланов,F,15,9,г. Шымкент,Центральный район,Школа №1,kk,full,77.1,True
P01050,Бауыржан,Кадыров,M,16,11,Акмолинская область,Северный район,Школа №3,kk,full,75.7,True
P01051,Никита,Иванов,M,15,10,Кызылординская область,Центральный район,Школа №5,ru,single,39.6,False
P01052,Айдар,Сериков,M,14,8,Акмолинская область,Восточный район,Школа №3,kk,single,54.9,False
P01053,Айдана,Темирбеков,F,15,10,Жамбылская область,Западный район,Школа №4,kk,full,62.4,False
P01054,Артём,Лебедев,M,12,5,Павлодарская область,Западный район,Школа №4,ru,single,52.9,False
P01055,Нурлан,Темирбеков,M,13,6,Жетысуская область,Северный район,Школа №1,kk,full,46.7,False
P01056,Гульнара,Темирбеков,F,13,7,Актюбинская область,Центральный район,Школа №2,kk,full,44.9,False
P01057,Дария,Алиев,F,14,9,г. Шымкент,Восточный район,Школа №1,kk,full,54.6,False
P01058,Жансая,Бекенов,F,16,10,Северо-Казахстанская область,Заречный район,Школа №3,kk,single,66.6,True
P01059,Иван,Морозов,M,17,10,Улытауская область,Центральный район,Школа №4,ru,full,63.2,False
P01060,Михаил,Кузнецов,M,14,8,Карагандинская область,Заречный район,Школа №1,ru,full,49.4,False
P01061,Олжас,Сериков,M,13,7,Абайская область,Восточный район,Школа №3,kk,full,66.6,True
P01062,Эльмира,Нурланов,F,14,8,Туркестанская область,Центральный район,Школа №4,kk,full,12.3,False
P01063,Айдар,Касенов,M,18,11,Карагандинская область,Центральный район,Школа №3,kk,single,66.2,True
P01064,Дмитрий,Волков,M,14,8,Жамбылская область, Сельский район ,Школа №5,ru,single,22.9,False
P01065,Анна,Морозова,F,17,10,Мангистауская область,Заречный район,Школа №3,ru,full,49.6,False
P01066,Сабина,Жумабеков,F,11,6,Восточно-Казахстанская область,Восточный район,Школа №2,kk,full,38.2,False
P01067,Гульнара,Тулегенов,F,15,9,Карагандинская область,Южный район,Школа №1,kk,full,35.6,False
P01068,Никита,Иванов,M,16,10,Алматинская область,Южный район,Школа №3,ru,full,72.4,True
P01069,Айдар,Кадыров,M,15,8,Туркестанская область,Заречный район,Школа №2,kk,single,42.0,False
P01070,Ерасыл,Сериков,M,13,7,Северо-Казахстанская область,Северный район,Школа №3,kk,full,60.2,False
P01071,Эльмира,Касенов,F,13,6,Акмолинская область,Северный район,Школа №1,kk,single,48.3,False
P01072,Гульнара,Темирбеков,F,14,9,Западно-Казахстанская область, Южный район ,Школа №3,kk,full,62.2,False
P01073,Олжас,Сериков,M,15,9,Улытауская область,Центральный район,Школа №3,kk,full,56.2,False
P01074,Адильхан,Кадыров,M,17,11,г. Шымкент,Сельский район,Школа №4,kk,full,35.8,False
P01075,Аяна,Кадыров,F,11,4,Акмолинская область,Южный район,Школа №5,kk,full,69.9,True
P01076,Михаил,Волков,M,10,4,Кызылординская область,Северный район,Школа №5,ru,full,47.6,False
P01077,Алина,Бекенов,F,17,10,г. Астана,Западный район,Школа №5,kk,single,25.7,False
P01078,Айдана,Сатпаев,F,13,7,Туркестанская область,Заречный район,Школа №4,kk,single,42.6,False
P01079,Бекжан,Кадыров,M,16,10,Жетысуская область,Восточный район,Школа №1,kk,single,71.5,True
P01080,Жансая,Тулегенов,F,15,9,Улытауская область,Центральный район,Школа №4,kk,single,61.8,False
P01081,Артём,Морозов,M,16,9,Жетысуская область,Сельский район,Школа №5,ru,full,49.8,False
P01082,Алихан,Нурланов,M,14,8,Павлодарская область,Западный район,Школа №5,kk,single,43.8,False
P01083,Алтынай,Нурланов,F,16,10,Западно-Казахстанская область,Сельский район,Школа №4,kk,single,44.2,False
P01084,Аяна,Сериков,F,17,11,Атырауская область,Западный район,Школа №4,kk,full,86.2,True
P01085,Дария,Сериков,F,14,9,Костанайская область,Сельский район,Школа №5,kk,single,54.7,False
P01086,Иван,Новиков,M,13,7,Павлодарская область,Заречный район,Школа №4,ru,single,55.5,False
P01087,София,Морозова,F,15,9,Актюбинская область,Северный район,Школа №5,ru,full,70.5,True
P01088,Тимур,Жумабеков,M,11,4,Алматинская область,Северный район,Школа №3,kk,single,52.6,False
P01089,Мария,Соколова,F,16,11,Костанайская область,Восточный район,Школа №2,ru,single,45.1,False
P01090,Екатерина,Лебедева,F,13,7,Улытауская область,Южный район,Школа №5,ru,full,52.1,False
P01091,Олжас,Бекенов,M,16,11,Восточно-Казахстанская область,Южный район,Школа №3,kk,single,47.9,False
P01092,Балжан,Тулегенов,F,18,11,Улытауская область,Сельский район,Школа №5,kk,full,54.4,False
P01093,Адильхан,Кадыров,M,14,8,Жамбылская область,Южный район,Школа №5,kk,full,65.9,True
P01094,Алтынай,Маратов,F,13,7,Алматинская область,Восточный район,Школа №4,kk,single,49.8,False
P01095,Жансая,Сериков,F,15,9,Жетысуская область,Заречный район,Школа №2,kk,full,66.0,True
P01096,Анна,Попова,F,14,7,Акмолинская область,Восточный район,Школа №5,ru,full,53.8,False
P01097,Айгерим,Бекенов,F,15,9,Атырауская область,Западный район,Школа №2,kk,full,56.2,False
P01098,Наргиз,Жумабеков,F,17,11,Атырауская область,Северный район,Школа №1,kk,full,25.0,False
P01099,Бауыржан,Маратов,M,16,9,Восточно-Казахстанская область,Центральный район,Школа №3,kk,full,68.7,True
P01100,Аян,Жумабеков,M,16,10,Жетысуская область,Южный район,Школа №4,kk,full,60.2,False
P01101,Гульнара,Сериков,F,13,7,Карагандинская область,Восточный район,Школа №3,kk,full,70.0,True
P01102,Алмат,Кадыров,M,16,10,Мангистауская область,Заречный район,Школа №4,kk,full,11.6,False
P01103,Дана,Тулегенов,F,15,9,Жамбылская область,Сельский район,Школа №1,kk,full,86.3,True
P01104,Олжас,Нурланов,M,14,8,Мангистауская область,Южный район,Школа №3,kk,full,52.9,False
P01105,Малика,Бекенов,F,18,11,г. Астана,Северный район,Школа №1,kk,full,71.6,True
P01106,Адильхан,Нурланов,M,17,10,Актюбинская область,Сельский район,Школа №3,kk,full,39.4,False
P01107,Темирлан,Бекенов,M,13,7,Восточно-Казахстанская область,Сельский район,Школа №2,kk,single,58.2,False
P01108,Бекжан,Темирбеков,M,11,5,Акмолинская область, Сельский район ,Школа №5,kk,single,33.2,False
P01109,Адильхан,Бекенов,M,16,10,Жетысуская область,Центральный район,Школа №1,kk,full,45.6,False
P01110,Дмитрий,Петров,M,11,4,Актюбинская область,Центральный район,Школа №4,ru,full,83.7,True
P01111,Кирилл,Кузнецов,M,13,8,г. Шымкент,Сельский район,Школа №3,ru,full,52.1,False
P01112,Тимур,Абилов,M,18,11,Мангистауская область,Южный район,Школа №2,kk,full,58.3,False
P01113,Михаил,Кузнецов,M,18,11,Мангистауская область,Центральный район,Школа №4,ru,single,62.1,False
P01114,Адильхан,Нурланов,M,11,5,Жетысуская область,Восточный район,Школа №5,kk,full,62.4,False
P01115,Анна,Морозова,F,14,9,Восточно-Казахстанская область,Северный район,Школа №4,ru,full,57.3,False
P01116,Томирис,Бекенов,F,13,7,Акмолинская область,Сельский район,Школа №4,kk,single,54.5,False
P01117,Никита,Лебедев,M,17,10,Абайская область,Южный район,Школа №5,ru,full,91.1,True
P01118,Меруерт,Маратов,F,17,11,Туркестанская область,Западный район,Школа №1,kk,full,54.1,False
P01119,Артём,Морозов,M,10,4,Алматинская область,Северный район,Школа №1,ru,full,58.0,False
P01120,Аружан,Маратов,F,11,5,г. Алматы,Восточный район,Школа №3,kk,single,64.8,False
P01121,Динара,Сатпаев,F,13,7,Кызылординская область,Западный район,Школа №2,kk,single,65.6,False
P01122,Эльмира,Жумабеков,F,17,11,Туркестанская область,Восточный район,Школа №3,kk,full,72.8,True
P01123,Динара,Нурланов,F,13,7,Восточно-Казахстанская область,Северный район,Школа №1,kk,full,64.6,False
P01124,Алмат,Темирбеков,M,15,8,г. Шымкент,Восточный район,Школа №1,kk,single,31.9,False
P01125,Бауыржан,Жумабеков,M,15,9,Карагандинская область,Сельский район,Школа №4,kk,full,79.5,True
P01126,Полина,Морозова,F,16,10,Жамбылская область,Центральный район,Школа №1,ru,full,37.8,False
P01127,Сабина,Сатпаев,F,16,9,Мангистауская область,Южный район,Школа №5,kk,full,59.5,False
P01128,Бекжан,Бекенов,M,11,6,Актюбинская область,Сельский район,Школа №2,kk,full,43.7,False
P01129,Сабина,Абилов,F,14,9,Павлодарская область,Заречный район,Школа №3,kk,full,54.0,False
P01130,Максим,Попов,M,12,5,Карагандинская область,Сельский район,Школа №5,ru,single,53.9,False
P01131,Елена,Смирнова,F,17,10,Павлодарская область,Западный район,Школа №3,ru,single,53.8,False
P01132,Жансая,Абилов,F,15,9,Кызылординская область,Заречный район,Школа №5,kk,full,61.3,False
P01133,Александр,Кузнецов,M,15,9,Северо-Казахстанская область,Южный район,Школа №1,ru,full,79.2,True
P01134,Адильхан,Сатпаев,M,14,8,Западно-Казахстанская область,Центральный район,Школа №4,kk,full,61.8,False
P01135,Адильхан,Маратов,M,13,6,Туркестанская область,Западный район,Школа №4,kk,single,45.3,False
P01136,Арман,Маратов,M,13,8,Восточно-Казахстанская область,Сельский район,Школа №1,kk,full,69.5,True
P01137,Алтынай,Тулегенов,F,16,10,Западно-Казахстанская область,Сельский район,Школа №5,kk,single,66.8,True
P01138,Аяна,Сатпаев,F,13,8,Кызылординская область, Западный район ,Школа №4,kk,full,36.6,False
P01139,Дана,Сериков,F,13,6,Восточно-Казахстанская область,Восточный район,Школа №5,kk,full,64.0,False
P01140,Анастасия,Соколова,F,13,8,Западно-Казахстанская область,Западный район,Школа №3,ru,full,65.5,False
P01141,Алихан,Алиев,M,15,10,Актюбинская область,Северный район,Школа №1,kk,full,50.5,False
P01142,Бекжан,Жумабеков,M,13,7,Жамбылская область,Заречный район,Школа №2,kk,single,69.6,True
P01143,Ерасыл,Нурланов,M,12,6,Жетысуская область,Сельский район,Школа №2,kk,full,52.7,False
P01144,Ержан,Сатпаев,M,14,8,Кызылординская область,Южный район,Школа №5,kk,full,56.9,False
P01145,Сауле,Сатпаев,F,13,6,Жамбылская область,Заречный район,Школа №3,kk,full,52.4,False
P01146,Сабина,Бекенов,F,18,11,Западно-Казахстанская область,Северный район,Школа №1,kk,full,55.2,False
P01147,Тимур,Кадыров,M,17,11,Кызылординская область,Западный район,Школа №5,kk,single,32.6,False
P01148,Анастасия,Смирнова,F,12,6,Павлодарская область,Восточный район,Школа №1,ru,full,33.4,False
P01149,Адильхан,Абилов,M,16,10,г. Шымкент,Восточный район,Школа №4,kk,single,72.9,True
P01150,Ерасыл,Абилов,M,17,10,Мангистауская область,Южный район,Школа №2,kk,full,42.3,False
P01151,Тимур,Нурланов,M,18,11,г. Астана,Центральный район,Школа №2,kk,single,34.1,False
P01152,Томирис,Алиев,F,17,11,Атырауская область,Заречный район,Школа №1,kk,single,16.7,False
P01153,Жаныбек,Алиев,M,17,11,Северо-Казахстанская область,Центральный район,Школа №2,kk,full,45.4,False
P01154,Кирилл,Петров,M,10,4,Жетысуская область,Северный район,Школа №3,ru,full,35.2,False
P01155,Владислав,Новиков,M,15,10,Мангистауская область,Сельский район,Школа №2,ru,full,79.6,True
P01156,Кирилл,Попов,M,16,9,Карагандинская область,Сельский район,Школа №4,ru,full,70.1,True
P01157,София,Иванова,F,14,8,Жетысуская область,Западный район,Школа №2,ru,full,44.7,False
P01158,Жаныбек,Сериков,M,12,6,Жетысуская область,Северный район,Школа №1,kk,full,88.8,True
P01159,Арман,Жумабеков,M,10,4,Карагандинская область,Восточный район,Школа №4,kk,full,69.7,True
P01160,Алмат,Абилов,M,15,9,Актюбинская область,Южный район,Школа №1,kk,single,44.1,False
P01161,Тимур,Тулегенов,M,15,9,Мангистауская область,Заречный район,Школа №4,kk,full,17.5,False
P01162,Алмат,Сатпаев,M,17,10,Северо-Казахстанская область,Западный район,Школа №4,kk,single,83.4,True
P01163,Нурлан,Тулегенов,M,11,4,Мангистауская область,Сельский район,Школа №2,kk,full,34.2,False
P01164,Меруерт,Нурланов,F,17,11,Акмолинская область,Восточный район,Школа №1,kk,full,30.3,False
P01165,Елена,Лебедева,F,15,9,Костанайская область,Заречный район,Школа №1,ru,full,70.3,True
P01166,Данияр,Касенов,M,15,9,Акмолинская область,Западный район,Школа №1,kk,full,91.6,True
P01167,Арман,Касенов,M,18,11,Туркестанская область,Восточный район,Школа №3,kk,full,75.8,True
P01168,Полина,Волкова,F,11,4,Северо-Казахстанская область,Центральный район,Школа №3,ru,single,57.5,False
P01169,Мария,Морозова,F,13,8,Актюбинская область,Южный район,Школа №3,ru,full,63.9,False
P01170,Анна,Лебедева,F,18,11,Алматинская область,Сельский район,Школа №3,ru,full,67.8,True
P01171,Айдана,Кадыров,F,13,7,г. Астана,Восточный район,Школа №4,kk,full,66.4,True
P01172,Аяна,Касенов,F,10,4,Карагандинская область, Южный район ,Школа №2,kk,full,59.2,False
P01173,Ерасыл,Сериков,M,13,6,Жетысуская область, Северный район ,Школа №3,kk,full,56.6,False
P01174,София,Лебедева,F,16,11,г. Шымкент,Южный район,Школа №4,ru,full,54.1,False
P01175,Артём,Новиков,M,15,9,Туркестанская область,Северный район,Школа №2,ru,full,43.7,False
P01176,Алина,Касенов,F,13,6,Туркестанская область,Западный район,Школа №1,kk,full,50.8,False
P01177,Олжас,Темирбеков,M,14,8,Атырауская область,Западный район,Школа №5,kk,full,29.6,False
P01178,Елена,Морозова,F,13,6,Туркестанская область,Северный район,Школа №5,ru,single,47.5,False
P01179,Бауыржан,Сериков,M,16,10,г. Астана,Южный район,Школа №2,kk,full,40.2,False
P01180,Шынгыс,Жумабеков,M,15,9,Костанайская область,Сельский район,Школа №1,kk,full,38.4,False
P01181,Камила,Абилов,F,12,6,Северо-Казахстанская область,Южный район,Школа №4,kk,full,57.7,False
P01182,Максим,Смирнов,M,17,11,Алматинская область,Восточный район,Школа №4,ru,full,75.9,True
P01183,Шынгыс,Сатпаев,M,17,11,Улытауская область,Центральный район,Школа №4,kk,full,68.8,True
P01184,Алихан,Кадыров,M,15,9,Абайская область,Заречный район,Школа №4,kk,single,25.4,False
P01185,Бекжан,Алиев,M,11,6,Туркестанская область,Заречный район,Школа №3,kk,single,34.2,False
P01186,Бекжан,Касенов,M,18,11,г. Шымкент,Восточный район,Школа №2,kk,full,69.1,True
P01187,Дарья,Кузнецова,F,16,10,Северо-Казахстанская область,Заречный район,Школа №1,ru,single,34.3,False
P01188,Анна,Лебедева,F,16,9,Западно-Казахстанская область,Заречный район,Школа №5,ru,single,45.6,False
P01189,Александр,Соколов,M,15,8,Мангистауская область,Сельский район,Школа №1,ru,full,63.3,False
P01190,Андрей,Смирнов,M,16,10,Западно-Казахстанская область,Сельский район,Школа №1,ru,full,40.5,False
P01191,Максим,Кузнецов,M,14,8,Западно-Казахстанская область,Центральный район,Школа №1,ru,single,50.6,False
P01192,Меруерт,Кадыров,F,15,9,Северо-Казахстанская область,Заречный район,Школа №3,kk,full,35.0,False
P01193,Ержан,Сатпаев,M,15,9,Кызылординская область,Заречный район,Школа №2,kk,full,46.0,False
P01194,Арман,Алиев,M,14,9,г. Шымкент,Южный район,Школа №3,kk,single,53.8,False
P01195,Айгерим,Жумабеков,F,15,8,Кызылординская область,Заречный район,Школа №5,kk,single,25.1,False
P01196,Томирис,Тулегенов,F,16,9,Костанайская область,Западный район,Школа №4,kk,full,61.6,False
P01197,Алина,Кадыров,F,12,7,Жетысуская область,Южный район,Школа №2,kk,full,54.7,False
P01198,Адильхан,Маратов,M,15,9,Улытауская область,Северный район,Школа №3,kk,full,63.3,False
P01199,Дана,Тулегенов,F,16,11,г. Алматы,Сельский район,Школа №1,kk,full,58.4,False
P01200,Аяна,Маратов,F,13,6,Жетысуская область,Северный район,Школа №4,kk,full,75.5,True
P01201,Андрей,Смирнов,M,14,7,Улытауская область,Южный район,Школа №2,ru,full,56.9,False
P01202,Александр,Попов,M,11,5,Актюбинская область,Северный район,Школа №4,ru,full,48.6,False
P01203,Дария,Сатпаев,F,16,10,Абайская область,Западный район,Школа №1,kk,single,50.8,False
P01204,Никита,Новиков,M,13,7,Абайская область,Южный район,Школа №5,ru,full,63.1,False
P01205,Дария,Жумабеков,F,15,9,г. Алматы,Северный район,Школа №5,kk,full,55.7,False
P01206,Айгерим,Кадыров,F,11,5,Улытауская область,Восточный район,Школа №2,kk,full,55.6,False
P01207,Иван,Морозов,M,13,6,Восточно-Казахстанская область,Северный район,Школа №2,ru,full,44.5,False
P01208,Дария,Сатпаев,F,12,6,Жамбылская область,Западный район,Школа №3,kk,single,39.1,False
P01209,Аяна,Кадыров,F,16,10,Улытауская область,Восточный район,Школа №4,kk,full,34.0,False
P01210,Дмитрий,Попов,M,16,10,Атырауская область,Южный район,Школа №3,ru,full,81.2,True
P01211,Нурлан,Темирбеков,M,15,9,Мангистауская область,Центральный район,Школа №3,kk,single,30.3,False
P01212,Балжан,Бекенов,F,13,7,Западно-Казахстанская область,Южный район,Школа №1,kk,full,44.6,False
P01213,Балжан,Сатпаев,F,11,5,Улытауская область,Восточный район,Школа №1,kk,full,44.2,False
P01214,Максим,Иванов,M,14,7,Мангистауская область,Заречный район,Школа №4,ru,full,68.4,True
P01215,Ерасыл,Жумабеков,M,11,5,г. Алматы,Южный район,Школа №3,kk,single,44.6,False
P01216,Кирилл,Смирнов,M,15,9,Атырауская область,Западный район,Школа №2,ru,full,73.7,True
P01217,Елена,Морозова,F,11,6,Улытауская область,Сельский район,Школа №1,ru,single,38.9,False
P01218,Ксения,Новикова,F,14,8,Жамбылская область,Северный район,Школа №2,ru,full,59.2,False
P01219,Эльмира,Маратов,F,14,8,Абайская область,Северный район,Школа №4,kk,single,36.5,False
P01220,Сабина,Кадыров,F,17,11,Абайская область,Западный район,Школа №1,kk,single,81.2,True
P01221,Алина,Маратов,F,17,10,Актюбинская область,Западный район,Школа №5,kk,full,37.2,False
P01222,София,Новикова,F,16,10,г. Шымкент,Заречный район,Школа №1,ru,single,53.6,False
P01223,Артём,Попов,M,14,8,Актюбинская область,Северный район,Школа №3,ru,single,58.5,False
P01224,Шынгыс,Нурланов,M,12,6,Абайская область,Центральный район,Школа №4,kk,full,61.2,False
P01225,Балжан,Сатпаев,F,12,6,Кызылординская область,Заречный район,Школа №2,kk,full,52.2,False
P01226,Шынгыс,Темирбеков,M,13,7,Атырауская область,Западный район,Школа №1,kk,single,47.1,False
P01227,Аяна,Нурланов,F,15,10,Западно-Казахстанская область,Северный район,Школа №2,kk,full,55.7,False
P01228,Камила,Темирбеков,F,14,8,Северо-Казахстанская область,Сельский район,Школа №2,kk,full,52.8,False
P01229,Никита,Петров,M,15,10,Актюбинская область,Северный район,Школа №5,ru,full,69.5,True
P01230,Никита,Попов,M,16,10,Костанайская область,Восточный район,Школа №1,ru,full,88.2,True
P01231,Анастасия,Иванова,F,14,8,Мангистауская область,Сельский район,Школа №1,ru,single,40.6,False
P01232,Дмитрий,Кузнецов,M,16,11,Актюбинская область,Заречный район,Школа №4,ru,single,28.5,False
P01233,Ерасыл,Темирбеков,M,11,4,Атырауская область,Сельский район,Школа №5,kk,full,53.7,False
P01234,Анастасия,Волкова,F,14,8,Жамбылская область,Сельский район,Школа №3,ru,single,87.7,True
P01235,Санжар,Алиев,M,15,10,Восточно-Казахстанская область,Южный район,Школа №1,kk,full,42.9,False
P01236,Дамир,Сатпаев,M,10,4,Костанайская область,Центральный район,Школа №3,kk,full,79.6,True
P01237,Анастасия,Морозова,F,11,6,Мангистауская область,Сельский район,Школа №5,ru,full,80.2,True
P01238,Алина,Сериков,F,15,8,Туркестанская область,Восточный район,Школа №5,kk,single,40.7,False
P01239,Дамир,Алиев,M,14,9,Костанайская область,Заречный район,Школа №5,kk,full,63.5,False
P01240,Екатерина,Смирнова,F,11,6,Жетысуская область,Западный район,Школа №2,ru,single,73.4,True
P01241,Эльмира,Сериков,F,13,7,Жетысуская область,Северный район,Школа №3,kk,full,49.3,False
P01242,Дана,Алиев,F,14,9,Костанайская область,Восточный район,Школа №2,kk,single,45.9,False
P01243,Балжан,Алиев,F,12,6,Абайская область,Северный район,Школа №2,kk,full,46.3,False
P01244,Екатерина,Волкова,F,16,9,Мангистауская область,Восточный район,Школа №4,ru,full,39.8,False
P01245,Полина,Попова,F,16,10,Костанайская область,Северный район,Школа №4,ru,full,45.3,False
P01246,Сабина,Жумабеков,F,17,11,Актюбинская область,Сельский район,Школа №1,kk,full,36.6,False
P01247,Анна,Морозова,F,15,8,Карагандинская область,Северный район,Школа №3,ru,single,49.5,False
P01248,Михаил,Смирнов,M,12,6,Мангистауская область,Сельский район,Школа №5,ru,single,37.5,False
P01249,Михаил,Волков,M,11,4,Атырауская область,Западный район,Школа №5,ru,full,58.5,False
P01250,Михаил,Смирнов,M,16,9,Кызылординская область,Северный район,Школа №2,ru,full,31.7,False
P01251,Полина,Волкова,F,17,11,Павлодарская область,Сельский район,Школа №1,ru,full,60.0,False
P01252,Ольга,Новикова,F,10,4,Костанайская область,Северный район,Школа №3,ru,single,61.5,False
P01253,Эльмира,Сатпаев,F,12,6,Актюбинская область,Центральный район,Школа №2,kk,single,19.1,False
P01254,Екатерина,Лебедева,F,12,6,Восточно-Казахстанская область,Заречный район,Школа №5,ru,full,60.6,False
P01255,Камила,Сериков,F,12,6,г. Астана,Заречный район,Школа №4,kk,single,67.4,True
P01256,Данияр,Тулегенов,M,13,7,Алматинская область,Сельский район,Школа №4,kk,full,36.9,False
P01257,Максим,Смирнов,M,16,11,Актюбинская область,Сельский район,Школа №3,ru,full,80.1,True
P01258,Меруерт,Нурланов,F,16,10,г. Астана,Северный район,Школа №4,kk,full,61.3,False
P01259,Никита,Попов,M,16,10,Жетысуская область,Сельский район,Школа №4,ru,full,44.4,False
P01260,Елена,Соколова,F,15,9,Западно-Казахстанская область,Заречный район,Школа №4,ru,single,48.2,False
P01261,Рамазан,Бекенов,M,14,9,г. Астана,Восточный район,Школа №4,kk,single,57.4,False
P01262,Эльмира,Сатпаев,F,9,4,Мангистауская область,Западный район,Школа №4,kk,full,56.1,False
P01263,София,Петрова,F,16,9,Алматинская область,Сельский район,Школа №5,ru,full,63.1,False
P01264,Иван,Новиков,M,17,11,Северо-Казахстанская область,Западный район,Школа №1,ru,full,41.2,False
P01265,Адильхан,Касенов,M,16,10,Костанайская область,Центральный район,Школа №4,kk,single,51.5,False
P01266,Иван,Попов,M,13,7,Жетысуская область,Южный район,Школа №1,ru,single,27.8,False
P01267,Темирлан,Касенов,M,16,10,Костанайская область,Заречный район,Школа №3,kk,single,47.3,False
P01268,Эльмира,Тулегенов,F,16,11,Жетысуская область,Южный район,Школа №1,kk,full,41.4,False
P01269,Аян,Нурланов,M,14,8,Жамбылская область,Южный район,Школа №4,kk,single,38.0,False
P01270,Ксения,Иванова,F,17,10,Алматинская область,Северный район,Школа №5,ru,full,73.5,True
P01271,Эльмира,Маратов,F,17,11,Актюбинская область,Северный район,Школа №5,kk,single,65.4,False
P01272,Ержан,Нурланов,M,14,9,Атырауская область,Восточный район,Школа №3,kk,full,64.1,False
P01273,Владислав,Морозов,M,14,8,Атырауская область,Заречный район,Школа №1,ru,full,38.6,False
P01274,Бауыржан,Алиев,M,16,10,Абайская область,Южный район,Школа №1,kk,single,44.3,False
P01275,Тимур,Бекенов,M,15,8,Павлодарская область,Северный район,Школа №5,kk,single,67.2,True
P01276,Ксения,Соколова,F,13,7,Павлодарская область,Южный район,Школа №2,ru,full,57.1,False
P01277,Гульнара,Тулегенов,F,17,10,г. Астана,Северный район,Школа №5,kk,full,89.8,True
P01278,Жансая,Маратов,F,12,7,г. Алматы,Сельский район,Школа №4,kk,full,60.9,False
P01279,Алихан,Алиев,M,17,11,Абайская область,Западный район,Школа №1,kk,single,51.9,False
P01280,Андрей,Соколов,M,16,10,г. Астана,Южный район,Школа №1,ru,full,50.4,False
P01281,Камила,Бекенов,F,14,7,Северо-Казахстанская область,Южный район,Школа №3,kk,single,51.0,False
P01282,Сауле,Касенов,F,11,5,г. Астана,Южный район,Школа №5,kk,full,52.7,False
P01283,Алина,Тулегенов,F,14,7,Павлодарская область,Заречный район,Школа №2,kk,single,59.6,False
P01284,Анастасия,Новикова,F,15,9,Алматинская область,Южный район,Школа №4,ru,single,63.4,False
P01285,Ерасыл,Алиев,M,17,11,Алматинская область,Южный район,Школа №4,kk,full,43.2,False
P01286,Ержан,Касенов,M,14,9,Актюбинская область,Южный район,Школа №1,kk,single,29.0,False
P01287,Ержан,Сериков,M,10,4,Восточно-Казахстанская область,Центральный район,Школа №5,kk,full,27.5,False
P01288,Никита,Попов,M,15,8,Актюбинская область,Северный район,Школа №5,ru,full,62.6,False
P01289,Артём,Волков,M,16,10,Кызылординская область,Западный район,Школа №4,ru,full,38.4,False
P01290,Эльмира,Темирбеков,F,16,11,г. Алматы,Сельский район,Школа №3,kk,full,22.7,False
P01291,Алмат,Абилов,M,17,11,Жамбылская область,Западный район,Школа №5,kk,single,54.8,False
P01292,Меруерт,Сериков,F,12,6,г. Алматы,Центральный район,Школа №3,kk,full,92.4,True
P01293,Рамазан,Касенов,M,15,9,г. Астана,Центральный район,Школа №1,kk,single,48.9,False
P01294,Полина,Лебедева,F,12,6,г. Алматы,Заречный район,Школа №3,ru,full,67.6,True
P01295,Камила,Сериков,F,16,9,Туркестанская область,Центральный район,Школа №3,kk,full,56.2,False
P01296,Елена,Иванова,F,14,7,Улытауская область,Сельский район,Школа №1,ru,single,47.5,False
P01297,Динара,Маратов,F,14,8,Акмолинская область, Западный район ,Школа №3,kk,single,62.8,False
P01298,Кирилл,Морозов,M,15,10,Улытауская область,Сельский район,Школа №3,ru,single,44.6,False
P01299,Владислав,Попов,M,16,9,Актюбинская область,Заречный район,Школа №2,ru,full,59.0,False
P01300,Алтынай,Жумабеков,F,17,11,Абайская область,Северный район,Школа №3,kk,single,53.8,False
P01301,Александр,Смирнов,M,17,11,Атырауская область,Западный район,Школа №3,ru,full,45.0,False
P01302,Елена,Кузнецова,F,16,10,Западно-Казахстанская область,Восточный район,Школа №4,ru,full,69.9,True
P01303,Ольга,Соколова,F,10,4,г. Шымкент,Центральный район,Школа №4,ru,full,52.4,False
P01304,Алтынай,Сериков,F,15,9,Восточно-Казахстанская область,Сельский район,Школа №2,kk,single,37.7,False
P01305,Кирилл,Соколов,M,12,7,г. Алматы,Южный район,Школа №5,ru,full,63.0,False
P01306,Алина,Тулегенов,F,13,8,Туркестанская область,Северный район,Школа №1,kk,full,41.5,False
P01307,Алихан,Маратов,M,14,8,Актюбинская область,Северный район,Школа №3,kk,full,55.4,False
P01308,Полина,Кузнецова,F,10,4,Жамбылская область,Заречный район,Школа №5,ru,full,54.9,False
P01309,Ксения,Новикова,F,12,6,Жамбылская область,Заречный район,Школа №4,ru,full,71.3,True
P01310,Ерасыл,Касенов,M,17,10,Северо-Казахстанская область,Центральный район,Школа №1,kk,full,62.1,False
P01311,Динара,Темирбеков,F,16,9,Алматинская область,Заречный район,Школа №5,kk,single,48.6,False
P01312,Айдана,Алиев,F,9,4,Алматинская область,Заречный район,Школа №4,kk,single,61.3,False
P01313,Гульнара,Касенов,F,15,9,Акмолинская область,Западный район,Школа №1,kk,single,69.9,True
P01314,Эльмира,Нурланов,F,15,9,Северо-Казахстанская область,Заречный район,Школа №4,kk,single,57.4,False
P01315,Аружан,Абилов,F,15,9,г. Алматы,Южный район,Школа №3,kk,single,49.2,False
P01316,Аян,Кадыров,M,10,4,Абайская область,Восточный район,Школа №2,kk,single,29.3,False
P01317,Камила,Алиев,F,17,11,Кызылординская область,Северный район,Школа №4,kk,single,33.0,False
P01318,Ержан,Кадыров,M,12,6,Костанайская область,Заречный район,Школа №5,kk,single,44.4,False
P01319,София,Попова,F,14,8,Северо-Казахстанская область,Западный район,Школа №4,ru,full,45.9,False
P01320,Олжас,Жумабеков,M,13,7,г. Шымкент,Восточный район,Школа №2,kk,full,52.2,False
P01321,Меруерт,Темирбеков,F,14,7,Жамбылская область,Восточный район,Школа №2,kk,single,49.8,False
P01322,Балжан,Алиев,F,16,10,Павлодарская область,Южный район,Школа №2,kk,full,62.9,False
P01323,Айдана,Касенов,F,9,4,Алматинская область,Сельский район,Школа №1,kk,full,53.9,False
P01324,Иван,Кузнецов,M,14,8,Атырауская область,Северный район,Школа №1,ru,full,62.3,False
P01325,Аяна,Жумабеков,F,17,11,Карагандинская область,Центральный район,Школа №2,kk,full,56.0,False
P01326,Кирилл,Смирнов,M,16,10,г. Алматы,Западный район,Школа №3,ru,single,19.4,False
P01327,Меруерт,Сериков,F,14,8,Акмолинская область,Северный район,Школа №4,kk,single,34.9,False
P01328,Ксения,Новикова,F,18,11,г. Астана,Западный район,Школа №1,ru,full,52.8,False
P01329,Ержан,Сериков,M,16,11,Восточно-Казахстанская область,Северный район,Школа №4,kk,single,30.9,False
P01330,Ксения,Соколова,F,11,4,Актюбинская область,Южный район,Школа №4,ru,full,64.0,False
P01331,Владислав,Морозов,M,14,8,Западно-Казахстанская область,Западный район,Школа №1,ru,full,78.0,True
P01332,Олжас,Нурланов,M,15,9,Костанайская область,Центральный район,Школа №4,kk,full,73.3,True
P01333,Никита,Иванов,M,17,11,г. Астана,Центральный район,Школа №2,ru,full,51.8,False
P01334,Камила,Кадыров,F,14,8,Кызылординская область,Сельский район,Школа №4,kk,full,77.4,True
P01335,Бауыржан,Абилов,M,16,11,Карагандинская область,Южный район,Школа №4,kk,single,51.2,False
P01336,Анна,Иванова,F,11,5,Атырауская область,Сельский район,Школа №2,ru,full,49.9,False
P01337,Алина,Сериков,F,18,11,Абайская область, Заречный район ,Школа №3,kk,full,45.8,False
P01338,Ольга,Попова,F,11,6,Алматинская область,Западный район,Школа №2,ru,full,50.5,False
P01339,Малика,Касенов,F,15,8,Жетысуская область,Северный район,Школа №1,kk,full,49.2,False
P01340,Ольга,Волкова,F,16,11,Восточно-Казахстанская область,Восточный район,Школа №5,ru,full,57.6,False
P01341,Балжан,Жумабеков,F,15,10,Атырауская область,Западный район,Школа №2,kk,full,57.4,False
P01342,Екатерина,Смирнова,F,16,9,Мангистауская область,Заречный район,Школа №3,ru,full,55.0,False
P01343,Ержан,Маратов,M,13,7,Жетысуская область, Западный район ,Школа №3,kk,full,61.6,False
P01344,Айдар,Сатпаев,M,9,4,Павлодарская область,Центральный район,Школа №4,kk,full,72.9,True
P01345,София,Петрова,F,14,8,г. Астана,Южный район,Школа №3,ru,full,69.2,True
P01346,Темирлан,Маратов,M,16,10,Жамбылская область,Северный район,Школа №1,kk,full,32.7,False
P01347,Кирилл,Новиков,M,13,8,Северо-Казахстанская область,Восточный район,Школа №4,ru,single,10.7,False
P01348,Аружан,Нурланов,F,12,6,Кызылординская область,Центральный район,Школа №2,kk,full,69.0,True
P01349,Дамир,Кадыров,M,14,7,Жамбылская область,Центральный район,Школа №2,kk,full,34.5,False
P01350,Рамазан,Нурланов,M,13,8,Павлодарская область,Сельский район,Школа №1,kk,full,51.6,False
P01351,Данияр,Алиев,M,13,8,Жетысуская область,Западный район,Школа №2,kk,single,31.4,False
P01352,Дария,Касенов,F,11,5,г. Шымкент,Восточный район,Школа №5,kk,full,28.0,False
P01353,Артём,Попов,M,14,8,г. Астана,Восточный район,Школа №4,ru,full,63.1,False
P01354,Ерасыл,Касенов,M,15,9,Туркестанская область,Сельский район,Школа №3,kk,full,66.4,True
P01355,София,Кузнецова,F,14,8,г. Астана,Западный район,Школа №2,ru,single,40.4,False
P01356,Кирилл,Смирнов,M,14,8,г. Шымкент,Южный район,Школа №4,ru,full,16.1,False
P01357,Дамир,Маратов,M,14,8,Атырауская область,Южный район,Школа №1,kk,full,46.8,False
P01358,Максим,Морозов,M,14,8,Атырауская область,Сельский район,Школа №3,ru,full,60.9,False
P01359,Екатерина,Волкова,F,16,10,г. Шымкент,Центральный район,Школа №1,ru,full,32.8,False
P01360,Камила,Нурланов,F,12,7,Абайская область,Южный район,Школа №2,kk,full,57.8,False
P01361,Меруерт,Алиев,F,15,9,Северо-Казахстанская область,Заречный район,Школа №2,kk,full,54.8,False
P01362,Шынгыс,Абилов,M,16,11,Карагандинская область,Северный район,Школа №3,kk,full,63.7,False
P01363,Арман,Кадыров,M,15,9,Мангистауская область, Западный район ,Школа №4,kk,full,56.8,False
P01364,Елена,Попова,F,11,5,г. Астана,Сельский район,Школа №5,ru,full,40.4,False
P01365,Алтынай,Тулегенов,F,17,11,Восточно-Казахстанская область,Заречный район,Школа №3,kk,full,72.9,True
P01366,Жаныбек,Тулегенов,M,17,10,Акмолинская область,Западный район,Школа №4,kk,single,46.6,False
P01367,Алтынай,Жумабеков,F,10,4,Жетысуская область,Северный район,Школа №5,kk,full,54.6,False
P01368,Артём,Смирнов,M,10,4,Улытауская область,Южный район,Школа №4,ru,full,41.0,False
P01369,Полина,Петрова,F,12,6,Акмолинская область,Северный район,Школа №2,ru,full,48.4,False
P01370,Жансая,Тулегенов,F,11,4,Восточно-Казахстанская область,Восточный район,Школа №5,kk,full,41.7,False
P01371,Аяна,Бекенов,F,17,11,г. Шымкент,Южный район,Школа №3,kk,full,52.4,False
P01372,Шынгыс,Касенов,M,11,5,Улытауская область,Сельский район,Школа №2,kk,single,74.7,True
P01373,Екатерина,Волкова,F,17,11,Карагандинская область,Сельский район,Школа №2,ru,full,34.4,False
P01374,Тимур,Жумабеков,M,12,6,Жамбылская область, Западный район ,Школа №1,kk,single,24.8,False
P01375,Кирилл,Попов,M,17,11,Северо-Казахстанская область,Восточный район,Школа №2,ru,full,77.1,True
P01376,Владислав,Петров,M,14,9,г. Шымкент,Центральный район,Школа №1,ru,single,45.9,False
P01377,Камила,Маратов,F,12,6,г. Астана,Северный район,Школа №3,kk,single,39.0,False
P01378,Дана,Нурланов,F,13,7,Абайская область,Южный район,Школа №1,kk,full,70.6,True
P01379,Екатерина,Петрова,F,11,5,Абайская область,Восточный район,Школа №1,ru,full,45.9,False
P01380,Елена,Соколова,F,16,10,Абайская область,Заречный район,Школа №1,ru,full,82.4,True
P01381,Айдар,Абилов,M,18,11,Павлодарская область,Сельский район,Школа №2,kk,single,59.2,False
P01382,Елена,Соколова,F,15,9,Туркестанская область,Северный район,Школа №1,ru,full,47.7,False
P01383,Айдар,Сатпаев,M,15,10,Павлодарская область,Западный район,Школа №4,kk,full,87.4,True
P01384,Рамазан,Тулегенов,M,17,10,Восточно-Казахстанская область,Южный район,Школа №3,kk,full,45.9,False
P01385,Аяна,Сатпаев,F,16,10,Мангистауская область,Южный район,Школа №3,kk,single,60.1,False
P01386,Сауле,Нурланов,F,17,11,Кызылординская область,Восточный район,Школа №3,kk,single,53.5,False
P01387,Сауле,Касенов,F,16,9,Восточно-Казахстанская область,Центральный район,Школа №2,kk,full,74.5,True
P01388,София,Смирнова,F,15,10,Жамбылская область,Сельский район,Школа №1,ru,single,72.4,True
P01389,Томирис,Темирбеков,F,16,10,Западно-Казахстанская область,Западный район,Школа №2,kk,full,55.5,False
P01390,Иван,Морозов,M,12,6,Мангистауская область,Западный район,Школа №4,ru,single,37.7,False
P01391,Екатерина,Новикова,F,17,10,Атырауская область,Сельский район,Школа №2,ru,single,55.9,False
P01392,Елена,Кузнецова,F,15,9,Мангистауская область,Южный район,Школа №5,ru,full,44.8,False
P01393,Аян,Касенов,M,14,8,Актюбинская область,Центральный район,Школа №1,kk,full,85.2,True
P01394,Ерасыл,Нурланов,M,15,9,Кызылординская область,Северный район,Школа №5,kk,full,57.0,False
P01395,Анастасия,Новикова,F,17,11,Костанайская область,Южный район,Школа №4,ru,single,43.5,False
P01396,Томирис,Сатпаев,F,14,8,Кызылординская область,Заречный район,Школа №1,kk,single,51.8,False
P01397,Алихан,Сериков,M,14,8,Жетысуская область,Заречный район,Школа №1,kk,full,34.8,False
P01398,Дария,Тулегенов,F,10,4,Северо-Казахстанская область,Северный район,Школа №1,kk,full,40.4,False
P01399,Сабина,Абилов,F,16,10,Актюбинская область,Западный район,Школа №3,kk,single,67.0,True
P01400,Елена,Волкова,F,17,11,Алматинская область,Заречный район,Школа №2,ru,single,39.1,False
P01401,Нурлан,Сериков,M,13,8,Атырауская область,Сельский район,Школа №4,kk,full,39.3,False
P01402,Дарья,Лебедева,F,18,11,Акмолинская область,Южный район,Школа №3,ru,single,57.0,False
P01403,Алмат,Сериков,M,15,9,Восточно-Казахстанская область,Северный район,Школа №5,kk,full,72.8,True
P01404,Сабина,Маратов,F,14,8,Кызылординская область,Заречный район,Школа №4,kk,full,65.8,False
P01405,Алина,Жумабеков,F,17,11,Кызылординская область,Восточный район,Школа №2,kk,full,69.9,True
P01406,Бауыржан,Абилов,M,11,5,г. Алматы,Южный район,Школа №4,kk,full,43.6,False
P01407,Бауыржан,Алиев,M,9,4,Карагандинская область,Северный район,Школа №4,kk,full,33.7,False
P01408,Дамир,Сатпаев,M,13,7,Улытауская область,Центральный район,Школа №2,kk,single,71.5,True
P01409,Наргиз,Абилов,F,16,9,Туркестанская область,Северный район,Школа №4,kk,single,44.2,False
P01410,Михаил,Смирнов,M,15,9,Актюбинская область,Восточный район,Школа №1,ru,full,51.2,False
P01411,Бекжан,Жумабеков,M,17,11,Павлодарская область,Центральный район,Школа №1,kk,full,74.9,True
P01412,Мария,Новикова,F,15,8,г. Шымкент,Сельский район,Школа №2,ru,single,57.3,False
P01413,Дарья,Кузнецова,F,13,8,г. Шымкент,Западный район,Школа №1,ru,full,61.8,False
P01414,Дарья,Иванова,F,15,9,Кызылординская область,Южный район,Школа №4,ru,full,87.5,True
P01415,Дария,Абилов,F,17,10,Улытауская область,Восточный район,Школа №5,kk,full,45.3,False
P01416,Динара,Сериков,F,15,9,Туркестанская область,Южный район,Школа №5,kk,full,68.9,True
P01417,София,Морозова,F,18,11,Жетысуская область,Южный район,Школа №3,ru,full,55.9,False
P01418,Динара,Тулегенов,F,15,9,Павлодарская область,Южный район,Школа №4,kk,single,53.0,False
P01419,Дария,Бекенов,F,12,6,Кызылординская область,Заречный район,Школа №3,kk,full,77.9,True
P01420,Дмитрий,Кузнецов,M,12,6,Жамбылская область,Западный район,Школа №3,ru,full,62.6,False
P01421,Никита,Новиков,M,10,5,г. Алматы,Южный район,Школа №5,ru,single,57.1,False
P01422,Анастасия,Петрова,F,15,8,Жамбылская область,Сельский район,Школа №4,ru,full,71.1,True
P01423,Бауыржан,Жумабеков,M,15,9,Акмолинская область,Восточный район,Школа №4,kk,full,49.5,False
P01424,Алмат,Кадыров,M,12,5,Акмолинская область,Центральный район,Школа №3,kk,full,42.4,False
P01425,Мария,Кузнецова,F,12,5,Акмолинская область,Заречный район,Школа №1,ru,single,33.3,False
P01426,Бекжан,Сатпаев,M,14,8,г. Шымкент,Западный район,Школа №5,kk,full,25.5,False
P01427,Гульнара,Алиев,F,16,11,Мангистауская область,Северный район,Школа №1,kk,full,85.8,True
P01428,Ольга,Петрова,F,14,7,Алматинская область,Северный район,Школа №2,ru,full,38.5,False
P01429,Алмат,Темирбеков,M,17,11,Жетысуская область,Заречный район,Школа №5,kk,full,51.7,False
P01430,Кирилл,Новиков,M,16,10,Северо-Казахстанская область,Северный район,Школа №4,ru,full,50.8,False
P01431,Наргиз,Нурланов,F,15,9,Улытауская область,Южный район,Школа №4,kk,single,53.6,False
P01432,Алина,Сатпаев,F,12,6,Мангистауская область,Северный район,Школа №2,kk,full,67.2,True
P01433,Бекжан,Нурланов,M,12,7,г. Шымкент,Восточный район,Школа №5,kk,full,67.9,True
P01434,Жансая,Кадыров,F,16,11,Мангистауская область,Центральный район,Школа №4,kk,full,46.3,False
P01435,Дамир,Абилов,M,16,9,Восточно-Казахстанская область,Северный район,Школа №5,kk,full,52.5,False
P01436,Жаныбек,Кадыров,M,12,5,Акмолинская область,Сельский район,Школа №2,kk,full,59.2,False
P01437,Максим,Смирнов,M,17,11,Карагандинская область,Северный район,Школа №3,ru,full,51.3,False
P01438,Бекжан,Сериков,M,13,7,г. Шымкент,Центральный район,Школа №2,kk,single,73.1,True
P01439,Балжан,Сатпаев,F,16,10,Актюбинская область,Центральный район,Школа №3,kk,full,62.4,False
P01440,Жансая,Маратов,F,12,7,Восточно-Казахстанская область,Северный район,Школа №2,kk,full,66.0,True
P01441,Адильхан,Тулегенов,M,10,4,Улытауская область,Центральный район,Школа №2,kk,single,58.9,False
P01442,Ержан,Сатпаев,M,16,10,Западно-Казахстанская область,Восточный район,Школа №2,kk,full,72.6,True
P01443,Камила,Алиев,F,15,9,Абайская область,Южный район,Школа №4,kk,full,57.7,False
P01444,Ольга,Морозова,F,17,10,Кызылординская область,Сельский район,Школа №4,ru,single,29.5,False
P01445,Артём,Иванов,M,15,10,Жамбылская область,Центральный район,Школа №3,ru,full,61.0,False
P01446,Ержан,Темирбеков,M,12,6,Костанайская область,Восточный район,Школа №1,kk,full,45.2,False
P01447,Дарья,Соколова,F,17,11,Мангистауская область,Северный район,Школа №2,ru,full,47.1,False
P01448,Бауыржан,Абилов,M,16,11,Атырауская область,Восточный район,Школа №2,kk,full,63.8,False
P01449,Жаныбек,Касенов,M,17,10,Павлодарская область,Центральный район,Школа №3,kk,full,73.6,True
P01450,Ольга,Петрова,F,11,6,Кызылординская область,Южный район,Школа №5,ru,full,55.3,False
P01451,Айгерим,Тулегенов,F,14,8,Жамбылская область,Заречный район,Школа №1,kk,single,53.6,False
P01452,Данияр,Кадыров,M,17,11,Акмолинская область,Сельский район,Школа №1,kk,full,80.5,True
P01453,Полина,Волкова,F,17,11,Улытауская область,Центральный район,Школа №2,ru,full,58.6,False
P01454,Елена,Смирнова,F,15,9,Атырауская область,Сельский район,Школа №1,ru,full,94.0,True
P01455,Арман,Бекенов,M,15,8,Павлодарская область,Западный район,Школа №2,kk,full,63.5,False
P01456,Алина,Алиев,F,12,6,Акмолинская область,Южный район,Школа №1,kk,single,22.6,False
P01457,Меруерт,Кадыров,F,17,11,г. Шымкент,Заречный район,Школа №4,kk,full,66.3,True
P01458,Ксения,Попова,F,15,9,Улытауская область,Северный район,Школа №5,ru,single,54.7,False
P01459,Айгерим,Нурланов,F,13,7,Туркестанская область,Южный район,Школа №5,kk,full,74.3,True
P01460,Елена,Петрова,F,17,11,Атырауская область,Западный район,Школа №2,ru,full,65.1,False
P01461,Темирлан,Тулегенов,M,15,9,Кызылординская область,Восточный район,Школа №4,kk,full,52.9,False
P01462,Алихан,Кадыров,M,12,6,Акмолинская область,Восточный район,Школа №4,kk,single,30.6,False
P01463,Данияр,Бекенов,M,15,9,Туркестанская область,Восточный район,Школа №4,kk,full,51.9,False
P01464,Аян,Кадыров,M,15,10,Восточно-Казахстанская область,Западный район,Школа №4,kk,full,42.2,False
P01465,Сауле,Нурланов,F,16,11,Туркестанская область,Центральный район,Школа №2,kk,full,46.3,False
P01466,Ержан,Касенов,M,12,6,Кызылординская область,Заречный район,Школа №1,kk,full,63.8,False
P01467,Айдар,Сатпаев,M,17,11,Абайская область,Сельский район,Школа №2,kk,full,80.0,True
P01468,Сабина,Сериков,F,15,9,г. Шымкент,Южный район,Школа №4,kk,full,60.9,False
P01469,Наргиз,Сатпаев,F,16,10,Жетысуская область,Заречный район,Школа №4,kk,full,37.1,False
P01470,Сабина,Жумабеков,F,14,8,Карагандинская область,Заречный район,Школа №4,kk,single,55.7,False
P01471,Екатерина,Кузнецова,F,12,5,Северо-Казахстанская область,Северный район,Школа №1,ru,single,66.9,True
P01472,Артём,Смирнов,M,15,9,Актюбинская область,Южный район,Школа №3,ru,full,45.9,False
P01473,Темирлан,Маратов,M,16,11,г. Астана,Южный район,Школа №2,kk,full,53.0,False
P01474,Айдар,Темирбеков,M,14,8,Западно-Казахстанская область,Восточный район,Школа №4,kk,single,49.2,False
P01475,Динара,Маратов,F,17,11,Павлодарская область,Заречный район,Школа №5,kk,full,43.2,False
P01476,Мария,Петрова,F,14,7,Туркестанская область,Южный район,Школа №2,ru,full,64.7,False
P01477,Аян,Нурланов,M,17,10,Акмолинская область, Сельский район ,Школа №3,kk,full,53.2,False
P01478,Санжар,Бекенов,M,13,7,Жамбылская область,Северный район,Школа №5,kk,single,55.3,False
P01479,Эльмира,Бекенов,F,15,8,Павлодарская область,Сельский район,Школа №1,kk,full,41.7,False
P01480,Анастасия,Соколова,F,14,8,Костанайская область,Центральный район,Школа №1,ru,single,42.4,False
P01481,Гульнара,Кадыров,F,16,11,г. Астана,Северный район,Школа №3,kk,single,59.8,False
P01482,Камила,Жумабеков,F,17,11,Абайская область,Западный район,Школа №2,kk,full,49.4,False
P01483,Алихан,Жумабеков,M,10,4,г. Алматы,Сельский район,Школа №4,kk,single,74.9,True
P01484,Томирис,Бекенов,F,16,10,г. Алматы,Заречный район,Школа №1,kk,full,49.0,False
P01485,Бауыржан,Темирбеков,M,16,11,Павлодарская область,Центральный район,Школа №2,kk,full,58.4,False
P01486,Дарья,Соколова,F,12,6,Западно-Казахстанская область,Восточный район,Школа №4,ru,full,69.0,True
P01487,Сауле,Маратов,F,16,11,г. Алматы,Заречный район,Школа №2,kk,single,27.7,False
P01488,Дмитрий,Смирнов,M,16,9,Алматинская область,Сельский район,Школа №1,ru,full,28.6,False
P01489,Дмитрий,Петров,M,14,8,Кызылординская область,Сельский район,Школа №2,ru,full,32.1,False
P01490,Шынгыс,Сериков,M,16,9,Актюбинская область,Северный район,Школа №2,kk,full,73.9,True
P01491,Ксения,Иванова,F,12,5,Костанайская область,Сельский район,Школа №4,ru,single,40.7,False
P01492,Шынгыс,Касенов,M,17,11,Туркестанская область,Сельский район,Школа №1,kk,single,87.4,True
P01493,Полина,Новикова,F,16,11,Мангистауская область,Южный район,Школа №2,ru,full,46.5,False
P01494,Ержан,Касенов,M,17,11,Костанайская область,Восточный район,Школа №1,kk,full,57.8,False
P01495,Сауле,Сериков,F,17,11,г. Астана,Северный район,Школа №5,kk,full,78.1,True
P01496,Ксения,Кузнецова,F,9,4,Карагандинская область,Западный район,Школа №3,ru,full,85.1,True
P01497,Артём,Соколов,M,18,11,Мангистауская область,Северный район,Школа №4,ru,full,85.9,True
P01498,Мария,Иванова,F,18,11,Абайская область,Южный район,Школа №1,ru,full,73.1,True
P01499,Алтынай,Жумабеков,F,16,9,Костанайская область,Южный район,Школа №2,kk,single,64.4,False
P01500,Темирлан,Тулегенов,M,18,11,Актюбинская область,Сельский район,Школа №5,kk,full,63.9,False
P01501,Камила,Темирбеков,F,12,7,Карагандинская область,Восточный район,Школа №3,kk,full,66.7,True
P01502,Александр,Петров,M,13,8,Туркестанская область,Центральный район,Школа №3,ru,full,46.7,False
P01503,Гульнара,Сериков,F,15,10,Костанайская область,Северный район,Школа №5,kk,full,42.7,False
P01504,Арман,Алиев,M,16,10,Улытауская область,Северный район,Школа №1,kk,full,54.9,False
P01505,Ольга,Морозова,F,15,9,Жетысуская область,Центральный район,Школа №5,ru,single,46.4,False
P01506,Тимур,Нурланов,M,15,10,г. Астана,Южный район,Школа №5,kk,single,42.2,False
P01507,Адильхан,Сериков,M,17,10,Мангистауская область,Западный район,Школа №3,kk,full,65.4,False
P01508,Гульнара,Алиев,F,16,10,Акмолинская область,Северный район,Школа №1,kk,full,69.3,True
P01509,Никита,Иванов,M,14,8,Жамбылская область,Заречный район,Школа №1,ru,full,56.3,False
P01510,Андрей,Попов,M,16,10,Костанайская область,Восточный район,Школа №5,ru,full,77.2,True
P01511,Камила,Кадыров,F,14,8,Жамбылская область,Сельский район,Школа №2,kk,full,37.9,False
P01512,Аян,Темирбеков,M,11,6,Акмолинская область,Заречный район,Школа №3,kk,single,46.1,False
P01513,Нурлан,Темирбеков,M,15,9,Туркестанская область,Сельский район,Школа №1,kk,full,44.2,False
P01514,Дамир,Абилов,M,14,8,Мангистауская область,Южный район,Школа №2,kk,full,27.0,False
P01515,Бекжан,Тулегенов,M,13,7,Улытауская область,Заречный район,Школа №1,kk,full,53.8,False
P01516,Сабина,Жумабеков,F,13,7,Мангистауская область,Центральный район,Школа №1,kk,full,53.2,False
P01517,Михаил,Волков,M,16,9,г. Астана,Сельский район,Школа №2,ru,full,77.7,True
P01518,Сауле,Нурланов,F,12,6,г. Астана, Южный район ,Школа №2,kk,single,58.5,False
P01519,Дмитрий,Волков,M,15,9,Жамбылская область,Заречный район,Школа №5,ru,full,39.6,False
P01520,Бекжан,Кадыров,M,17,10,Акмолинская область,Сельский район,Школа №4,kk,full,82.8,True
P01521,Александр,Петров,M,13,8,Алматинская область,Западный район,Школа №2,ru,full,73.3,True
P01522,Андрей,Петров,M,16,10,г. Алматы,Восточный район,Школа №2,ru,full,63.7,False
P01523,Тимур,Нурланов,M,16,11,Алматинская область,Южный район,Школа №4,kk,full,51.6,False
P01524,Дамир,Сатпаев,M,10,4,г. Алматы,Заречный район,Школа №2,kk,full,40.6,False
P01525,Анастасия,Новикова,F,12,5,Жамбылская область,Сельский район,Школа №3,ru,full,49.4,False
P01526,Малика,Маратов,F,15,10,Кызылординская область,Южный район,Школа №5,kk,single,65.3,False
P01527,Дана,Бекенов,F,16,10,Восточно-Казахстанская область,Сельский район,Школа №1,kk,single,77.3,True
P01528,Айдар,Касенов,M,11,5,Северо-Казахстанская область,Северный район,Школа №1,kk,full,78.1,True
P01529,Мария,Смирнова,F,14,8,Актюбинская область,Сельский район,Школа №4,ru,full,47.7,False
P01530,Мария,Петрова,F,11,6,Актюбинская область,Сельский район,Школа №1,ru,full,38.2,False
P01531,Сабина,Маратов,F,18,11,г. Алматы,Заречный район,Школа №5,kk,single,51.1,False
P01532,Эльмира,Тулегенов,F,12,6,г. Астана,Северный район,Школа №4,kk,full,28.5,False
P01533,Адильхан,Бекенов,M,13,8,Мангистауская область,Южный район,Школа №5,kk,single,53.8,False
P01534,Александр,Кузнецов,M,15,8,г. Алматы,Сельский район,Школа №4,ru,single,46.8,False
P01535,Аяна,Тулегенов,F,16,9,Жетысуская область,Сельский район,Школа №1,kk,full,48.0,False
P01536,Алихан,Кадыров,M,13,7,Улытауская область,Западный район,Школа №3,kk,single,25.1,False
P01537,Бауыржан,Алиев,M,12,6,Жетысуская область,Заречный район,Школа №5,kk,full,62.7,False
P01538,Динара,Абилов,F,9,4,Восточно-Казахстанская область,Заречный район,Школа №3,kk,single,41.0,False
P01539,Анастасия,Петрова,F,11,5,Костанайская область,Северный район,Школа №5,ru,full,37.5,False
P01540,Сауле,Касенов,F,10,4,Кызылординская область,Центральный район,Школа №5,kk,single,5.9,False
P01541,Михаил,Соколов,M,17,10,Карагандинская область,Южный район,Школа №5,ru,full,54.6,False
P01542,Сабина,Сериков,F,14,9,Атырауская область,Северный район,Школа №3,kk,full,81.6,True
P01543,Олжас,Темирбеков,M,17,11,Акмолинская область,Западный район,Школа №3,kk,full,79.9,True
P01544,Санжар,Жумабеков,M,11,5,Улытауская область,Северный район,Школа №5,kk,full,48.1,False
P01545,Ерасыл,Кадыров,M,16,10,Акмолинская область,Южный район,Школа №2,kk,single,40.0,False
P01546,Наргиз,Темирбеков,F,17,10,Павлодарская область,Северный район,Школа №5,kk,full,62.0,False
P01547,Никита,Морозов,M,15,10,Восточно-Казахстанская область,Северный район,Школа №3,ru,single,34.0,False
P01548,Темирлан,Тулегенов,M,17,11,Абайская область,Южный район,Школа №3,kk,full,59.5,False
P01549,Владислав,Морозов,M,14,9,Жамбылская область,Восточный район,Школа №2,ru,full,66.5,True
P01550,Артём,Лебедев,M,15,9,г. Шымкент,Заречный район,Школа №2,ru,full,73.4,True
P01551,Нурлан,Маратов,M,13,8,Атырауская область,Южный район,Школа №5,kk,full,53.5,False
P01552,Айдана,Нурланов,F,17,11,Карагандинская область,Заречный район,Школа №3,kk,single,45.9,False
P01553,Камила,Бекенов,F,12,7,Кызылординская область,Южный район,Школа №2,kk,full,41.8,False
P01554,Дамир,Жумабеков,M,14,9,Улытауская область,Западный район,Школа №5,kk,single,36.6,False
P01555,Сауле,Маратов,F,13,7,Улытауская область,Западный район,Школа №3,kk,full,51.6,False
P01556,Динара,Темирбеков,F,13,7,Карагандинская область,Заречный район,Школа №3,kk,full,60.5,False
P01557,Сабина,Жумабеков,F,14,8,г. Астана,Южный район,Школа №1,kk,single,62.7,False
P01558,Эльмира,Абилов,F,16,9,Улытауская область,Восточный район,Школа №1,kk,single,37.0,False
P01559,Бауыржан,Абилов,M,16,11,Жамбылская область,Северный район,Школа №3,kk,single,71.4,True
P01560,Анна,Волкова,F,16,11,Улытауская область,Восточный район,Школа №3,ru,full,50.9,False
P01561,Сауле,Маратов,F,11,6,Улытауская область, Центральный район ,Школа №2,kk,single,48.7,False
P01562,Нурлан,Сериков,M,17,11,г. Алматы,Северный район,Школа №5,kk,full,43.8,False
P01563,Рамазан,Жумабеков,M,17,11,Карагандинская область,Сельский район,Школа №1,kk,single,12.6,False
P01564,Мария,Попова,F,12,5,г. Шымкент,Сельский район,Школа №1,ru,full,68.3,True
P01565,Тимур,Жумабеков,M,14,8,Алматинская область,Западный район,Школа №2,kk,full,66.1,True
P01566,Нурлан,Бекенов,M,16,9,Восточно-Казахстанская область,Сельский район,Школа №2,kk,full,50.8,False
P01567,Ерасыл,Нурланов,M,16,10,Актюбинская область,Центральный район,Школа №1,kk,full,56.0,False
P01568,Анастасия,Попова,F,14,8,Абайская область,Сельский район,Школа №2,ru,full,62.7,False
P01569,Полина,Петрова,F,17,11,Алматинская область,Заречный район,Школа №1,ru,single,25.6,False
P01570,Иван,Лебедев,M,14,8,Мангистауская область,Западный район,Школа №1,ru,full,47.1,False
P01571,Аяна,Бекенов,F,15,9,Западно-Казахстанская область,Южный район,Школа №4,kk,full,66.9,True
P01572,Рамазан,Нурланов,M,13,6,г. Алматы,Заречный район,Школа №5,kk,single,30.2,False
P01573,Андрей,Кузнецов,M,17,11,Карагандинская область, Западный район ,Школа №5,ru,full,59.4,False
P01574,Михаил,Морозов,M,16,9,Атырауская область,Восточный район,Школа №2,ru,single,28.7,False
P01575,Максим,Иванов,M,18,11,г. Шымкент,Сельский район,Школа №3,ru,single,56.0,False
P01576,Аяна,Темирбеков,F,15,8,Северо-Казахстанская область,Южный район,Школа №2,kk,single,48.5,False
P01577,Эльмира,Сатпаев,F,17,10,Мангистауская область,Сельский район,Школа №3,kk,single,24.8,False
P01578,Ольга,Петрова,F,16,9,Улытауская область,Южный район,Школа №3,ru,full,72.5,True
P01579,Адильхан,Тулегенов,M,17,11,Карагандинская область,Западный район,Школа №2,kk,full,44.0,False
P01580,Екатерина,Соколова,F,14,9,Атырауская область,Сельский район,Школа №4,ru,full,42.8,False
P01581,Ольга,Смирнова,F,16,11,Мангистауская область,Заречный район,Школа №4,ru,full,58.0,False
P01582,Темирлан,Маратов,M,16,9,Жетысуская область,Западный район,Школа №3,kk,single,66.2,True
P01583,Полина,Смирнова,F,16,10,г. Алматы, Сельский район ,Школа №3,ru,single,33.8,False
P01584,Аружан,Маратов,F,15,9,г. Астана,Западный район,Школа №1,kk,full,55.9,False
P01585,Аружан,Нурланов,F,15,9,Западно-Казахстанская область,Центральный район,Школа №4,kk,full,61.4,False
P01586,Александр,Морозов,M,17,10,Туркестанская область,Сельский район,Школа №2,ru,full,65.4,False
P01587,Андрей,Соколов,M,13,6,Жамбылская область,Сельский район,Школа №5,ru,single,51.6,False
P01588,Айдар,Темирбеков,M,11,4,Восточно-Казахстанская область,Восточный район,Школа №1,kk,full,49.5,False
P01589,Андрей,Иванов,M,14,9,Алматинская область,Сельский район,Школа №4,ru,full,42.6,False
P01590,Адильхан,Темирбеков,M,14,9,Актюбинская область,Восточный район,Школа №5,kk,full,56.3,False
P01591,Ксения,Иванова,F,13,6,Северо-Казахстанская область,Восточный район,Школа №5,ru,single,32.9,False
P01592,Айдана,Маратов,F,10,4,Кызылординская область,Северный район,Школа №3,kk,full,11.2,False
P01593,Айдана,Маратов,F,16,9,Северо-Казахстанская область,Северный район,Школа №4,kk,full,61.5,False
P01594,Максим,Новиков,M,17,10,Мангистауская область,Центральный район,Школа №5,ru,full,68.6,True
P01595,Сабина,Касенов,F,12,6,г. Алматы,Южный район,Школа №2,kk,full,19.6,False
P01596,Ксения,Попова,F,12,5,Восточно-Казахстанская область,Северный район,Школа №4,ru,single,33.9,False
P01597,Аян,Касенов,M,14,8,Алматинская область,Центральный район,Школа №1,kk,single,58.3,False
P01598,Ерасыл,Алиев,M,14,8,Северо-Казахстанская область,Восточный район,Школа №3,kk,full,85.9,True
P01599,Дмитрий,Соколов,M,17,11,Западно-Казахстанская область,Западный район,Школа №2,ru,full,55.3,False
P01600,Айдана,Сериков,F,13,7,Павлодарская область,Южный район,Школа №1,kk,full,44.1,False
P01601,Сауле,Сериков,F,15,9,Атырауская область,Восточный район,Школа №4,kk,single,46.3,False
P01602,Андрей,Новиков,M,15,9,г. Астана,Западный район,Школа №1,ru,full,75.6,True
P01603,Сауле,Кадыров,F,14,8,Туркестанская область,Сельский район,Школа №5,kk,single,39.3,False
P01604,Владислав,Петров,M,14,8,Улытауская область,Северный район,Школа №3,ru,full,43.0,False
P01605,Анастасия,Новикова,F,13,8,г. Астана,Западный район,Школа №4,ru,full,47.8,False
P01606,Наргиз,Бекенов,F,16,11,Мангистауская область,Западный район,Школа №2,kk,full,40.7,False
P01607,Алихан,Касенов,M,13,7,Восточно-Казахстанская область,Северный район,Школа №3,kk,full,56.8,False
P01608,Иван,Иванов,M,16,10,Костанайская область,Западный район,Школа №1,ru,full,79.4,True
P01609,Аяна,Сериков,F,18,11,г. Астана,Северный район,Школа №4,kk,single,53.8,False
P01610,Дана,Бекенов,F,15,10,Павлодарская область,Западный район,Школа №3,kk,single,45.2,False
P01611,Иван,Иванов,M,15,8,г. Шымкент,Заречный район,Школа №5,ru,single,44.6,False
P01612,Артём,Соколов,M,14,9,г. Шымкент,Южный район,Школа №5,ru,full,31.6,False
P01613,Темирлан,Тулегенов,M,16,10,Северо-Казахстанская область,Сельский район,Школа №1,kk,full,68.2,True
P01614,Сауле,Нурланов,F,16,10,Северо-Казахстанская область,Восточный район,Школа №5,kk,full,53.8,False
P01615,Алина,Сатпаев,F,15,8,Актюбинская область,Заречный район,Школа №4,kk,full,52.3,False
P01616,София,Лебедева,F,16,10,Улытауская область,Восточный район,Школа №2,ru,full,100.0,True
P01617,Айдана,Касенов,F,14,8,г. Алматы,Южный район,Школа №1,kk,full,59.5,False
P01618,Дана,Темирбеков,F,16,10,Кызылординская область,Сельский район,Школа №4,kk,full,43.7,False
P01619,Алтынай,Алиев,F,16,10,Западно-Казахстанская область,Западный район,Школа №3,kk,full,48.6,False
P01620,Томирис,Нурланов,F,13,7,Жамбылская область,Северный район,Школа №5,kk,full,72.2,True
P01621,Тимур,Жумабеков,M,16,9,Мангистауская область,Сельский район,Школа №2,kk,single,50.7,False
P01622,Алихан,Касенов,M,16,10,Костанайская область,Северный район,Школа №3,kk,full,33.4,False
P01623,Томирис,Алиев,F,14,7,Мангистауская область,Западный район,Школа №2,kk,single,62.8,False
P01624,Санжар,Сериков,M,10,4,г. Алматы,Заречный район,Школа №3,kk,full,45.0,False
P01625,Полина,Попова,F,16,10,Абайская область,Западный район,Школа №4,ru,single,77.1,True
P01626,Шынгыс,Сериков,M,18,11,Улытауская область,Сельский район,Школа №1,kk,full,71.2,True
P01627,Ерасыл,Сатпаев,M,16,10,Жетысуская область,Южный район,Школа №1,kk,full,48.3,False
P01628,Алмат,Кадыров,M,14,8,Костанайская область,Северный район,Школа №2,kk,single,68.2,True
P01629,Михаил,Петров,M,11,4,Жетысуская область,Сельский район,Школа №3,ru,full,56.0,False
P01630,Анна,Соколова,F,15,8,Актюбинская область,Центральный район,Школа №2,ru,full,67.8,True
P01631,Полина,Новикова,F,15,10,г. Алматы,Центральный район,Школа №2,ru,full,62.3,False
P01632,Михаил,Морозов,M,18,11,Кызылординская область,Восточный район,Школа №2,ru,single,36.3,False
P01633,Айдана,Кадыров,F,15,9,г. Астана,Западный район,Школа №4,kk,full,45.3,False
P01634,Ерасыл,Тулегенов,M,15,9,Костанайская область,Заречный район,Школа №3,kk,single,64.4,False
P01635,Ерасыл,Маратов,M,14,7,г. Шымкент,Южный район,Школа №2,kk,single,44.0,False
P01636,Мария,Попова,F,16,11,Абайская область,Северный район,Школа №1,ru,full,48.9,False
P01637,Тимур,Касенов,M,14,9,Жетысуская область,Центральный район,Школа №2,kk,single,34.7,False
P01638,Айгерим,Кадыров,F,15,9,Костанайская область,Восточный район,Школа №2,kk,full,61.4,False
P01639,Данияр,Жумабеков,M,15,9,Улытауская область,Западный район,Школа №4,kk,full,85.9,True
P01640,Екатерина,Лебедева,F,15,9,Северо-Казахстанская область,Заречный район,Школа №3,ru,single,33.0,False
P01641,Артём,Попов,M,15,9,Карагандинская область,Северный район,Школа №1,ru,single,49.4,False
P01642,Аружан,Бекенов,F,16,11,Актюбинская область,Северный район,Школа №2,kk,full,76.2,True
P01643,Айгерим,Сериков,F,13,6,Улытауская область,Северный район,Школа №4,kk,full,53.8,False
P01644,Рамазан,Нурланов,M,12,6,Улытауская область,Заречный район,Школа №4,kk,single,55.8,False
P01645,Жансая,Тулегенов,F,16,11,Западно-Казахстанская область,Восточный район,Школа №2,kk,full,39.1,False
P01646,Меруерт,Нурланов,F,11,5,г. Алматы,Северный район,Школа №4,kk,single,55.4,False
P01647,Аяна,Сериков,F,16,10,Северо-Казахстанская область,Заречный район,Школа №4,kk,single,46.2,False
P01648,Анастасия,Попова,F,17,11,Восточно-Казахстанская область,Северный район,Школа №5,ru,single,63.8,False
P01649,Мария,Попова,F,15,9,г. Астана,Центральный район,Школа №2,ru,full,72.8,True
P01650,Владислав,Волков,M,12,7,г. Алматы,Северный район,Школа №3,ru,full,93.8,True
P01651,Ольга,Кузнецова,F,18,11,Восточно-Казахстанская область,Сельский район,Школа №2,ru,full,63.7,False
P01652,Наргиз,Сатпаев,F,17,10,Алматинская область,Северный район,Школа №5,kk,full,59.9,False
P01653,Алихан,Алиев,M,15,8,Акмолинская область,Южный район,Школа №5,kk,single,51.9,False
P01654,Динара,Алиев,F,13,7,г. Астана,Западный район,Школа №5,kk,full,49.7,False
P01655,Дарья,Попова,F,15,9,Мангистауская область,Заречный район,Школа №1,ru,full,60.1,False
P01656,Максим,Волков,M,14,8,Северо-Казахстанская область,Западный район,Школа №5,ru,full,50.6,False
P01657,Полина,Попова,F,16,11,Восточно-Казахстанская область,Северный район,Школа №4,ru,full,57.5,False
P01658,Жаныбек,Касенов,M,13,7,Актюбинская область,Сельский район,Школа №5,kk,full,74.8,True
P01659,Балжан,Маратов,F,15,9,г. Астана,Сельский район,Школа №2,kk,single,33.9,False
P01660,Жансая,Касенов,F,14,7,Абайская область,Центральный район,Школа №4,kk,full,72.1,True
P01661,Айгерим,Сатпаев,F,15,8,Павлодарская область,Восточный район,Школа №5,kk,single,68.8,True
P01662,Арман,Маратов,M,17,11,Атырауская область,Центральный район,Школа №1,kk,full,53.2,False
P01663,Алтынай,Сатпаев,F,11,5,Актюбинская область,Центральный район,Школа №4,kk,full,23.2,False
P01664,Аружан,Маратов,F,16,10,Костанайская область,Заречный район,Школа №5,kk,full,45.9,False
P01665,Анастасия,Соколова,F,11,6,г. Астана,Северный район,Школа №3,ru,full,74.5,True
P01666,Дмитрий,Морозов,M,11,6,Алматинская область,Северный район,Школа №3,ru,full,54.7,False
P01667,Полина,Смирнова,F,17,11,Костанайская область, Сельский район ,Школа №3,ru,full,40.0,False
P01668,Тимур,Бекенов,M,15,10,Кызылординская область,Южный район,Школа №1,kk,single,41.4,False
P01669,Никита,Попов,M,15,10,Атырауская область,Сельский район,Школа №4,ru,full,67.6,True
P01670,Бауыржан,Нурланов,M,14,8,Кызылординская область,Западный район,Школа №3,kk,full,63.2,False
P01671,Артём,Иванов,M,12,5,Атырауская область,Восточный район,Школа №4,ru,full,51.4,False
P01672,Айдар,Алиев,M,15,8,г. Шымкент,Западный район,Школа №1,kk,full,49.5,False
P01673,Данияр,Тулегенов,M,15,10,Алматинская область,Южный район,Школа №2,kk,full,49.1,False
P01674,Гульнара,Темирбеков,F,18,11,Алматинская область,Центральный район,Школа №4,kk,single,35.2,False
P01675,Дария,Сатпаев,F,14,8,Актюбинская область,Южный район,Школа №3,kk,single,73.2,True
P01676,Алтынай,Алиев,F,9,4,Западно-Казахстанская область,Восточный район,Школа №1,kk,single,44.2,False
P01677,Айдана,Бекенов,F,14,9,Абайская область,Сельский район,Школа №4,kk,full,73.3,True
P01678,Максим,Смирнов,M,15,9,Павлодарская область,Западный район,Школа №1,ru,full,77.8,True
P01679,Алмат,Кадыров,M,10,4,Акмолинская область,Восточный район,Школа №5,kk,full,70.0,True
P01680,Иван,Петров,M,17,11,Акмолинская область,Сельский район,Школа №3,ru,full,48.5,False
P01681,Алмат,Маратов,M,13,6,Жамбылская область, Центральный район ,Школа №4,kk,single,55.1,False
P01682,Малика,Сатпаев,F,15,9,Западно-Казахстанская область, Восточный район ,Школа №1,kk,full,54.6,False
P01683,Екатерина,Волкова,F,17,11,Мангистауская область,Северный район,Школа №4,ru,single,35.4,False
P01684,Ержан,Сатпаев,M,16,10,Актюбинская область,Западный район,Школа №2,kk,full,59.9,False
P01685,Нурлан,Нурланов,M,9,4,Алматинская область,Южный район,Школа №5,kk,single,31.3,False
P01686,Олжас,Сериков,M,16,9,Западно-Казахстанская область, Центральный район ,Школа №3,kk,single,66.8,True
P01687,София,Соколова,F,13,7,г. Астана,Центральный район,Школа №1,ru,full,48.0,False
P01688,Томирис,Жумабеков,F,17,10,г. Шымкент,Сельский район,Школа №4,kk,single,52.0,False
P01689,Балжан,Абилов,F,15,8,г. Астана,Восточный район,Школа №4,kk,single,53.2,False
P01690,Андрей,Смирнов,M,15,8,Жамбылская область,Восточный район,Школа №1,ru,full,51.1,False
P01691,Ерасыл,Нурланов,M,16,9,Восточно-Казахстанская область,Северный район,Школа №5,kk,full,63.8,False
P01692,Эльмира,Абилов,F,12,6,Абайская область,Центральный район,Школа №3,kk,single,41.9,False
P01693,Балжан,Абилов,F,15,10,Акмолинская область,Западный район,Школа №5,kk,full,68.1,True
P01694,Адильхан,Касенов,M,16,11,Западно-Казахстанская область,Центральный район,Школа №5,kk,full,34.8,False
P01695,София,Морозова,F,14,8,г. Шымкент,Западный район,Школа №5,ru,single,50.9,False
P01696,Адильхан,Маратов,M,18,11,г. Алматы,Западный район,Школа №3,kk,full,84.1,True
P01697,Сауле,Нурланов,F,16,10,Западно-Казахстанская область,Южный район,Школа №2,kk,single,34.0,False
P01698,Гульнара,Сатпаев,F,14,9,Северо-Казахстанская область,Западный район,Школа №1,kk,single,38.8,False
P01699,Рамазан,Кадыров,M,16,10,Туркестанская область,Заречный район,Школа №2,kk,full,62.7,False
P01700,Алихан,Алиев,M,13,7,Улытауская область,Восточный район,Школа №5,kk,full,57.7,False
P01701,Артём,Новиков,M,14,9,Мангистауская область,Западный район,Школа №4,ru,full,60.3,False
P01702,Алтынай,Жумабеков,F,13,8,Актюбинская область,Сельский район,Школа №1,kk,full,62.3,False
P01703,Наргиз,Жумабеков,F,14,8,г. Алматы,Западный район,Школа №4,kk,full,64.5,False
P01704,Мария,Смирнова,F,17,11,Карагандинская область,Заречный район,Школа №5,ru,single,65.6,False
P01705,Дамир,Сатпаев,M,12,7,Павлодарская область,Центральный район,Школа №5,kk,full,61.1,False
P01706,Жаныбек,Алиев,M,16,10,Восточно-Казахстанская область,Южный район,Школа №2,kk,full,51.4,False
P01707,Томирис,Бекенов,F,11,6,Западно-Казахстанская область,Западный район,Школа №5,kk,single,59.1,False
P01708,Рамазан,Алиев,M,15,8,Улытауская область,Восточный район,Школа №1,kk,single,77.5,True
P01709,Алмат,Сатпаев,M,15,9,Жетысуская область,Южный район,Школа №5,kk,single,47.0,False
P01710,Анна,Кузнецова,F,13,7,Жамбылская область,Восточный район,Школа №1,ru,full,40.4,False
P01711,Алмат,Нурланов,M,17,11,Костанайская область,Сельский район,Школа №1,kk,single,65.6,False
P01712,Арман,Жумабеков,M,15,9,Алматинская область,Западный район,Школа №3,kk,full,53.2,False
P01713,Кирилл,Лебедев,M,16,11,Актюбинская область,Восточный район,Школа №4,ru,single,16.4,False
P01714,Темирлан,Сатпаев,M,16,11,г. Алматы,Заречный район,Школа №5,kk,single,61.7,False
P01715,Алмат,Жумабеков,M,15,10,Актюбинская область,Восточный район,Школа №5,kk,single,41.0,False
P01716,Камила,Касенов,F,16,9,Мангистауская область,Южный район,Школа №5,kk,single,47.6,False
P01717,Кирилл,Волков,M,14,8,г. Алматы,Восточный район,Школа №5,ru,full,60.0,False
P01718,Томирис,Жумабеков,F,11,5,Костанайская область,Сельский район,Школа №1,kk,single,51.9,False
P01719,Наргиз,Кадыров,F,13,8,Жетысуская область,Заречный район,Школа №1,kk,full,65.6,False
P01720,Владислав,Волков,M,12,6,г. Алматы,Сельский район,Школа №4,ru,full,48.5,False
P01721,Алтынай,Тулегенов,F,11,5,г. Астана,Южный район,Школа №5,kk,full,62.7,False
P01722,Никита,Соколов,M,12,7,Атырауская область,Южный район,Школа №5,ru,full,51.1,False
P01723,Дамир,Маратов,M,14,8,г. Алматы,Западный район,Школа №4,kk,single,60.1,False
P01724,Данияр,Кадыров,M,12,7,Павлодарская область,Сельский район,Школа №4,kk,full,64.2,False
P01725,Динара,Бекенов,F,10,4,Жамбылская область,Сельский район,Школа №5,kk,full,41.0,False
P01726,Камила,Нурланов,F,13,7,Атырауская область,Сельский район,Школа №4,kk,full,71.3,True
P01727,Шынгыс,Кадыров,M,12,6,Жетысуская область, Центральный район ,Школа №4,kk,full,47.0,False
P01728,Олжас,Нурланов,M,14,8,Туркестанская область,Заречный район,Школа №3,kk,full,67.1,True
P01729,Аян,Жумабеков,M,16,10,Алматинская область,Центральный район,Школа №5,kk,full,60.5,False
P01730,Айдана,Темирбеков,F,15,9,г. Алматы,Центральный район,Школа №5,kk,full,82.6,True
P01731,Балжан,Сериков,F,13,8,Восточно-Казахстанская область,Западный район,Школа №3,kk,single,45.6,False
P01732,Нурлан,Жумабеков,M,11,6,Восточно-Казахстанская область,Заречный район,Школа №1,kk,single,43.8,False
P01733,Бекжан,Маратов,M,16,10,Туркестанская область,Южный район,Школа №3,kk,single,48.7,False
P01734,Жансая,Касенов,F,12,6,Восточно-Казахстанская область,Южный район,Школа №5,kk,full,50.5,False
P01735,Полина,Попова,F,10,4,Западно-Казахстанская область,Южный район,Школа №3,ru,full,67.0,True
P01736,Меруерт,Кадыров,F,11,5,Атырауская область,Сельский район,Школа №1,kk,full,30.8,False
P01737,Сауле,Сатпаев,F,14,8,Туркестанская область,Заречный район,Школа №1,kk,single,33.2,False
P01738,Аян,Абилов,M,15,9,Восточно-Казахстанская область,Центральный район,Школа №5,kk,single,33.0,False
P01739,Айгерим,Касенов,F,15,9,г. Алматы,Центральный район,Школа №1,kk,single,63.3,False
P01740,Балжан,Темирбеков,F,14,7,Мангистауская область,Западный район,Школа №2,kk,full,80.7,True
P01741,Бекжан,Кадыров,M,15,9,Жетысуская область, Южный район ,Школа №1,kk,full,53.4,False
P01742,Алина,Нурланов,F,17,11,Кызылординская область,Северный район,Школа №3,kk,full,52.5,False
P01743,Владислав,Морозов,M,15,9,Кызылординская область,Заречный район,Школа №5,ru,single,50.1,False
P01744,Динара,Бекенов,F,18,11,г. Шымкент,Центральный район,Школа №4,kk,full,72.4,True
P01745,София,Волкова,F,15,9,г. Астана,Восточный район,Школа №5,ru,single,35.1,False
P01746,Дария,Кадыров,F,11,5,Туркестанская область,Западный район,Школа №4,kk,full,58.6,False
P01747,Алихан,Маратов,M,16,10,г. Шымкент,Западный район,Школа №4,kk,full,69.6,True
P01748,Екатерина,Волкова,F,14,9,Северо-Казахстанская область,Северный район,Школа №2,ru,full,62.5,False
P01749,Темирлан,Абилов,M,18,11,Абайская область,Восточный район,Школа №2,kk,full,57.8,False
P01750,Александр,Волков,M,9,4,г. Алматы,Северный район,Школа №1,ru,full,70.0,True
P01751,Александр,Петров,M,10,5,Улытауская область,Восточный район,Школа №4,ru,full,14.5,False
P01752,Полина,Новикова,F,16,10,Мангистауская область, Центральный район ,Школа №1,ru,full,65.2,False
P01753,Гульнара,Тулегенов,F,14,9,Карагандинская область,Южный район,Школа №1,kk,single,39.2,False
P01754,Михаил,Смирнов,M,12,7,Жамбылская область,Южный район,Школа №5,ru,full,27.5,False
P01755,Александр,Новиков,M,18,11,Мангистауская область, Северный район ,Школа №3,ru,full,62.7,False
P01756,Айдана,Нурланов,F,10,5,Павлодарская область,Заречный район,Школа №3,kk,single,69.6,True
P01757,Алихан,Маратов,M,16,11,Актюбинская область,Заречный район,Школа №2,kk,single,46.9,False
P01758,Эльмира,Сатпаев,F,14,9,Западно-Казахстанская область,Сельский район,Школа №1,kk,full,69.3,True
P01759,Малика,Тулегенов,F,16,9,Жамбылская область,Южный район,Школа №4,kk,full,79.2,True
P01760,Олжас,Темирбеков,M,16,9,Улытауская область,Северный район,Школа №5,kk,full,74.7,True
P01761,Ольга,Волкова,F,14,8,Актюбинская область,Южный район,Школа №5,ru,full,79.6,True
P01762,Жаныбек,Темирбеков,M,12,6,г. Шымкент,Северный район,Школа №1,kk,full,66.1,True
P01763,Сауле,Алиев,F,14,9,Мангистауская область,Центральный район,Школа №1,kk,single,50.1,False
P01764,Аружан,Сериков,F,16,11,Северо-Казахстанская область,Южный район,Школа №3,kk,full,31.0,False
P01765,Артём,Новиков,M,12,5,Карагандинская область,Восточный район,Школа №1,ru,full,51.3,False
P01766,Кирилл,Смирнов,M,15,9,Павлодарская область,Южный район,Школа №2,ru,full,42.4,False
P01767,Дана,Маратов,F,16,10,Кызылординская область,Южный район,Школа №1,kk,full,87.6,True
P01768,Александр,Попов,M,16,10,Павлодарская область,Сельский район,Школа №1,ru,full,52.4,False
P01769,Айгерим,Маратов,F,11,5,г. Астана,Центральный район,Школа №1,kk,full,56.8,False
P01770,Дана,Темирбеков,F,13,7,Северо-Казахстанская область,Северный район,Школа №2,kk,single,57.3,False
P01771,София,Попова,F,16,9,Западно-Казахстанская область,Центральный район,Школа №4,ru,full,55.7,False
P01772,Екатерина,Петрова,F,17,11,Атырауская область,Восточный район,Школа №5,ru,full,80.4,True
P01773,Михаил,Иванов,M,15,9,Актюбинская область,Центральный район,Школа №1,ru,single,39.7,False
P01774,Андрей,Попов,M,16,10,Восточно-Казахстанская область,Восточный район,Школа №1,ru,single,51.9,False
P01775,Томирис,Алиев,F,17,10,Жамбылская область,Центральный район,Школа №1,kk,full,43.9,False
P01776,Дмитрий,Петров,M,16,10,Улытауская область,Западный район,Школа №5,ru,full,35.2,False
P01777,Полина,Новикова,F,17,11,Павлодарская область,Западный район,Школа №2,ru,full,45.8,False
P01778,Наргиз,Сериков,F,17,10,Павлодарская область,Сельский район,Школа №5,kk,single,48.4,False
P01779,Дария,Тулегенов,F,10,4,Актюбинская область,Северный район,Школа №1,kk,full,48.6,False
P01780,Шынгыс,Нурланов,M,17,11,Жетысуская область,Заречный район,Школа №4,kk,single,38.6,False
P01781,Ольга,Соколова,F,13,7,Улытауская область,Сельский район,Школа №2,ru,full,33.9,False
P01782,Михаил,Лебедев,M,15,9,Акмолинская область,Заречный район,Школа №2,ru,single,47.8,False
P01783,Полина,Морозова,F,13,7,Жамбылская область,Западный район,Школа №2,ru,full,32.4,False
P01784,Елена,Лебедева,F,11,5,Атырауская область,Западный район,Школа №3,ru,single,60.4,False
P01785,Меруерт,Сатпаев,F,13,6,Костанайская область,Южный район,Школа №4,kk,full,56.2,False
P01786,Сауле,Кадыров,F,17,10,Костанайская область,Центральный район,Школа №3,kk,full,33.1,False
P01787,Андрей,Новиков,M,12,6,Улытауская область,Восточный район,Школа №1,ru,single,44.4,False
P01788,Аян,Алиев,M,17,11,Абайская область,Восточный район,Школа №3,kk,single,37.7,False
P01789,Анна,Смирнова,F,14,8,Абайская область,Центральный район,Школа №2,ru,single,53.8,False
P01790,Айдана,Темирбеков,F,10,5,Восточно-Казахстанская область,Сельский район,Школа №1,kk,full,75.1,True
P01791,Ксения,Волкова,F,13,7,Западно-Казахстанская область,Восточный район,Школа №5,ru,full,26.9,False
P01792,Меруерт,Маратов,F,15,9,Жамбылская область,Сельский район,Школа №5,kk,single,50.7,False
P01793,Айгерим,Бекенов,F,14,7,Актюбинская область, Центральный район ,Школа №4,kk,full,52.6,False
P01794,Владислав,Волков,M,17,11,Алматинская область,Центральный район,Школа №2,ru,full,65.1,False
P01795,Елена,Петрова,F,17,11,Актюбинская область,Западный район,Школа №5,ru,single,52.2,False
P01796,Аян,Тулегенов,M,18,11,Кызылординская область,Южный район,Школа №2,kk,full,43.7,False
P01797,Айдар,Темирбеков,M,9,4,Павлодарская область,Восточный район,Школа №5,kk,full,50.2,False
P01798,Михаил,Иванов,M,13,8,Актюбинская область,Западный район,Школа №4,ru,single,37.1,False
P01799,Полина,Соколова,F,16,9,Атырауская область,Заречный район,Школа №2,ru,single,65.1,False
P01800,Иван,Кузнецов,M,14,8,Абайская область,Центральный район,Школа №4,ru,full,55.3,False
P01801,Ержан,Темирбеков,M,13,7,Актюбинская область,Восточный район,Школа №4,kk,single,77.5,True
P01802,Темирлан,Жумабеков,M,16,9,Восточно-Казахстанская область,Западный район,Школа №2,kk,single,48.1,False
P01803,Дмитрий,Попов,M,15,9,Алматинская область, Центральный район ,Школа №1,ru,single,38.4,False
P01804,Темирлан,Тулегенов,M,11,6,Павлодарская область,Западный район,Школа №1,kk,full,32.3,False
P01805,Арман,Сатпаев,M,17,11,Абайская область,Южный район,Школа №3,kk,full,28.0,False
P01806,Сауле,Абилов,F,12,5,Костанайская область,Сельский район,Школа №2,kk,single,25.2,False
P01807,Камила,Темирбеков,F,16,10,Жетысуская область,Сельский район,Школа №2,kk,full,59.0,False
P01808,Дамир,Абилов,M,10,4,Северо-Казахстанская область,Центральный район,Школа №2,kk,full,62.6,False
P01809,Екатерина,Морозова,F,12,5,Абайская область,Северный район,Школа №2,ru,single,25.3,False
P01810,Санжар,Сериков,M,17,10,Улытауская область,Западный район,Школа №1,kk,full,68.4,True
P01811,Нурлан,Бекенов,M,12,5,г. Алматы,Южный район,Школа №5,kk,single,41.8,False
P01812,Наргиз,Алиев,F,16,10,Алматинская область,Восточный район,Школа №1,kk,single,51.2,False
P01813,Никита,Кузнецов,M,18,11,Актюбинская область,Западный район,Школа №5,ru,single,73.2,True
P01814,Санжар,Жумабеков,M,17,11,Костанайская область,Южный район,Школа №1,kk,full,68.5,True
P01815,Айдана,Алиев,F,11,5,г. Алматы,Северный район,Школа №5,kk,full,51.0,False
P01816,Алина,Жумабеков,F,17,10,Западно-Казахстанская область,Восточный район,Школа №2,kk,single,35.6,False
P01817,Иван,Волков,M,14,9,г. Шымкент,Заречный район,Школа №1,ru,full,22.7,False
P01818,Елена,Смирнова,F,14,8,Жетысуская область,Сельский район,Школа №4,ru,full,44.2,False
P01819,Бауыржан,Темирбеков,M,17,11,Атырауская область,Западный район,Школа №3,kk,full,51.8,False
P01820,Александр,Попов,M,14,8,г. Шымкент,Северный район,Школа №4,ru,full,40.2,False
P01821,Гульнара,Алиев,F,16,11,Актюбинская область, Заречный район ,Школа №2,kk,full,53.0,False
P01822,Анна,Новикова,F,17,11,Карагандинская область,Восточный район,Школа №1,ru,full,56.2,False
P01823,Айгерим,Жумабеков,F,15,10,Жетысуская область,Сельский район,Школа №5,kk,full,51.6,False
P01824,Алихан,Бекенов,M,11,5,Алматинская область,Восточный район,Школа №5,kk,full,45.2,False
P01825,Кирилл,Новиков,M,16,11,Акмолинская область,Восточный район,Школа №4,ru,full,57.5,False
P01826,Айдана,Жумабеков,F,12,7,г. Астана,Южный район,Школа №3,kk,full,61.6,False
P01827,Дмитрий,Волков,M,13,7,Жамбылская область,Заречный район,Школа №4,ru,full,38.6,False
P01828,Арман,Алиев,M,11,5,Мангистауская область,Северный район,Школа №1,kk,full,76.2,True
P01829,Ксения,Морозова,F,16,9,Костанайская область,Южный район,Школа №1,ru,full,53.5,False
P01830,Наргиз,Сатпаев,F,12,6,г. Шымкент,Центральный район,Школа №4,kk,single,49.3,False
P01831,София,Волкова,F,13,7,Мангистауская область,Южный район,Школа №5,ru,single,59.6,False
P01832,Елена,Новикова,F,15,9,Восточно-Казахстанская область,Южный район,Школа №3,ru,full,58.5,False
P01833,Анастасия,Кузнецова,F,17,10,Актюбинская область,Центральный район,Школа №3,ru,full,69.3,True
P01834,Дмитрий,Попов,M,15,9,Северо-Казахстанская область,Сельский район,Школа №5,ru,full,59.3,False
P01835,Дамир,Маратов,M,15,8,Костанайская область,Северный район,Школа №2,kk,full,45.8,False
P01836,Эльмира,Тулегенов,F,17,11,Мангистауская область,Сельский район,Школа №2,kk,full,60.4,False
P01837,Темирлан,Маратов,M,17,11,Абайская область,Западный район,Школа №5,kk,full,37.8,False
P01838,Камила,Сатпаев,F,15,9,Атырауская область,Южный район,Школа №3,kk,full,56.6,False
P01839,Бекжан,Темирбеков,M,14,7,Северо-Казахстанская область,Сельский район,Школа №2,kk,single,48.5,False
P01840,Данияр,Темирбеков,M,13,7,Западно-Казахстанская область,Заречный район,Школа №2,kk,single,45.9,False
P01841,Динара,Жумабеков,F,15,9,Жамбылская область,Заречный район,Школа №4,kk,full,53.1,False
P01842,Адильхан,Темирбеков,M,15,8,г. Алматы,Заречный район,Школа №1,kk,single,20.8,False
P01843,Алтынай,Сериков,F,18,11,Кызылординская область,Заречный район,Школа №1,kk,full,46.8,False
P01844,Дамир,Маратов,M,16,10,Восточно-Казахстанская область,Восточный район,Школа №5,kk,full,56.4,False
P01845,Ольга,Иванова,F,16,11,Алматинская область,Восточный район,Школа №2,ru,full,57.4,False
P01846,Арман,Бекенов,M,14,8,Северо-Казахстанская область,Восточный район,Школа №5,kk,full,39.6,False
P01847,Дамир,Темирбеков,M,16,10,Акмолинская область,Сельский район,Школа №3,kk,single,68.0,True
P01848,Иван,Попов,M,10,4,Улытауская область,Заречный район,Школа №1,ru,full,42.0,False
P01849,Анна,Соколова,F,10,5,Восточно-Казахстанская область,Южный район,Школа №2,ru,full,69.5,True
P01850,Алмат,Бекенов,M,14,8,Мангистауская область,Западный район,Школа №1,kk,single,55.4,False
P01851,Шынгыс,Кадыров,M,11,6,Кызылординская область,Заречный район,Школа №4,kk,full,45.3,False
P01852,Максим,Кузнецов,M,14,8,Кызылординская область,Северный район,Школа №5,ru,single,75.6,True
P01853,Олжас,Бекенов,M,14,9,г. Шымкент,Северный район,Школа №5,kk,full,37.1,False
P01854,Екатерина,Попова,F,11,5,Жетысуская область,Северный район,Школа №4,ru,single,62.8,False
P01855,Айдар,Тулегенов,M,14,9,Северо-Казахстанская область,Центральный район,Школа №4,kk,single,64.0,False
P01856,Екатерина,Лебедева,F,11,6,Акмолинская область, Центральный район ,Школа №1,ru,full,44.9,False
P01857,Полина,Кузнецова,F,16,10,г. Алматы,Заречный район,Школа №2,ru,full,75.9,True
P01858,Дана,Тулегенов,F,13,7,Западно-Казахстанская область,Сельский район,Школа №2,kk,full,51.2,False
P01859,Владислав,Смирнов,M,9,4,Атырауская область,Северный район,Школа №5,ru,single,53.3,False
P01860,Иван,Морозов,M,12,6,г. Астана,Северный район,Школа №2,ru,full,58.9,False
P01861,Никита,Попов,M,13,7,Жамбылская область,Южный район,Школа №4,ru,single,47.0,False
P01862,Андрей,Морозов,M,13,7,Акмолинская область,Южный район,Школа №4,ru,full,67.2,True
P01863,Сауле,Жумабеков,F,9,4,Алматинская область,Заречный район,Школа №2,kk,full,66.9,True
P01864,Айдар,Тулегенов,M,16,10,Карагандинская область,Заречный район,Школа №5,kk,full,28.8,False
P01865,Дамир,Абилов,M,11,5,Акмолинская область,Южный район,Школа №5,kk,single,68.6,True
P01866,Малика,Маратов,F,13,7,Западно-Казахстанская область,Центральный район,Школа №3,kk,full,30.1,False
P01867,Камила,Сатпаев,F,14,8,Жамбылская область,Западный район,Школа №5,kk,full,70.5,True
P01868,Анастасия,Соколова,F,11,5,Восточно-Казахстанская область,Восточный район,Школа №1,ru,full,71.9,True
P01869,Дария,Сериков,F,18,11,Жамбылская область,Западный район,Школа №4,kk,full,38.6,False
P01870,Камила,Темирбеков,F,12,6,г. Астана,Западный район,Школа №1,kk,single,42.8,False
P01871,Артём,Смирнов,M,14,8,Северо-Казахстанская область,Заречный район,Школа №1,ru,full,38.4,False
P01872,Наргиз,Касенов,F,18,11,г. Алматы,Восточный район,Школа №2,kk,single,45.8,False
P01873,Алтынай,Сатпаев,F,12,7,Актюбинская область,Заречный район,Школа №3,kk,single,44.4,False
P01874,Ксения,Смирнова,F,10,5,Жетысуская область,Центральный район,Школа №2,ru,full,66.7,True
P01875,Жаныбек,Жумабеков,M,13,8,Карагандинская область,Западный район,Школа №3,kk,full,74.7,True
P01876,Жаныбек,Жумабеков,M,14,8,Карагандинская область,Западный район,Школа №4,kk,full,75.9,True
P01877,Анна,Лебедева,F,15,10,Жамбылская область,Восточный район,Школа №4,ru,full,46.6,False
P01878,Бекжан,Кадыров,M,10,4,Костанайская область,Заречный район,Школа №2,kk,single,45.9,False
P01879,Меруерт,Абилов,F,15,9,Актюбинская область,Центральный район,Школа №5,kk,full,29.7,False
P01880,Айдар,Маратов,M,12,6,Кызылординская область,Западный район,Школа №1,kk,full,42.9,False
P01881,Балжан,Нурланов,F,16,9,Карагандинская область,Северный район,Школа №3,kk,full,69.5,True
P01882,Динара,Сатпаев,F,15,9,Мангистауская область,Южный район,Школа №4,kk,full,79.2,True
P01883,Данияр,Маратов,M,16,10,Жетысуская область,Южный район,Школа №1,kk,full,36.5,False
P01884,Никита,Кузнецов,M,13,7,г. Шымкент,Северный район,Школа №3,ru,full,46.1,False
P01885,Малика,Жумабеков,F,12,6,Абайская область,Западный район,Школа №5,kk,full,54.6,False
P01886,Шынгыс,Маратов,M,16,9,Туркестанская область,Заречный район,Школа №5,kk,full,59.2,False
P01887,Дана,Сериков,F,18,11,Жетысуская область,Северный район,Школа №1,kk,full,42.9,False
P01888,Рамазан,Темирбеков,M,13,7,Туркестанская область,Южный район,Школа №5,kk,full,61.4,False
P01889,Наргиз,Сатпаев,F,12,7,Атырауская область,Сельский район,Школа №1,kk,full,47.9,False
P01890,Мария,Петрова,F,10,5,Атырауская область,Заречный район,Школа №5,ru,full,54.8,False
P01891,Аружан,Сериков,F,16,10,Жамбылская область,Заречный район,Школа №3,kk,full,63.2,False
P01892,Томирис,Кадыров,F,16,11,Туркестанская область,Центральный район,Школа №4,kk,single,49.1,False
P01893,Елена,Попова,F,14,8,г. Алматы,Южный район,Школа №3,ru,full,48.5,False
P01894,Ержан,Темирбеков,M,16,10,Жамбылская область,Южный район,Школа №2,kk,single,47.4,False
P01895,Гульнара,Бекенов,F,13,8,Карагандинская область,Восточный район,Школа №3,kk,full,53.7,False
P01896,Тимур,Нурланов,M,17,10,Улытауская область,Заречный район,Школа №4,kk,single,43.4,False
P01897,Иван,Смирнов,M,17,11,г. Астана,Сельский район,Школа №5,ru,single,45.1,False
P01898,Наргиз,Абилов,F,17,11,Карагандинская область,Центральный район,Школа №2,kk,full,79.0,True
P01899,Темирлан,Кадыров,M,15,9,Акмолинская область,Северный район,Школа №5,kk,full,63.4,False
P01900,Ерасыл,Маратов,M,18,11,Восточно-Казахстанская область,Северный район,Школа №5,kk,single,44.6,False
P01901,Ерасыл,Нурланов,M,12,6,г. Астана,Центральный район,Школа №1,kk,full,65.5,False
P01902,Алмат,Касенов,M,14,8,Павлодарская область,Сельский район,Школа №1,kk,full,50.0,False
P01903,Ерасыл,Бекенов,M,11,6,Акмолинская область,Северный район,Школа №3,kk,single,66.6,True
P01904,Тимур,Тулегенов,M,10,4,Западно-Казахстанская область,Сельский район,Школа №2,kk,single,54.5,False
P01905,Аружан,Тулегенов,F,15,10,Карагандинская область,Восточный район,Школа №5,kk,full,53.4,False
P01906,Дарья,Соколова,F,17,11,Акмолинская область,Южный район,Школа №4,ru,full,61.7,False
P01907,Анна,Новикова,F,12,5,Туркестанская область,Южный район,Школа №4,ru,single,25.4,False
P01908,Жаныбек,Кадыров,M,12,6,г. Алматы,Северный район,Школа №4,kk,full,38.1,False
P01909,Андрей,Смирнов,M,16,10,Атырауская область,Южный район,Школа №5,ru,full,37.1,False
P01910,Дана,Тулегенов,F,13,8,Атырауская область,Северный район,Школа №2,kk,single,51.1,False
P01911,Айдар,Сериков,M,13,7,Улытауская область,Восточный район,Школа №1,kk,single,75.0,True
P01912,София,Иванова,F,12,7,Актюбинская область,Восточный район,Школа №4,ru,single,82.5,True
P01913,Жансая,Сериков,F,12,6,г. Астана,Западный район,Школа №3,kk,single,58.6,False
P01914,Алтынай,Алиев,F,16,10,Восточно-Казахстанская область,Северный район,Школа №4,kk,full,62.5,False
P01915,Ержан,Жумабеков,M,14,8,Атырауская область,Северный район,Школа №2,kk,full,28.0,False
P01916,Кирилл,Кузнецов,M,16,10,Жамбылская область,Заречный район,Школа №5,ru,single,40.9,False
P01917,Адильхан,Жумабеков,M,15,9,Улытауская область,Сельский район,Школа №5,kk,full,43.2,False
P01918,Александр,Попов,M,15,10,г. Шымкент,Заречный район,Школа №5,ru,full,45.7,False
P01919,Меруерт,Абилов,F,14,8,Западно-Казахстанская область,Западный район,Школа №2,kk,full,52.5,False
P01920,Мария,Кузнецова,F,14,8,Западно-Казахстанская область,Северный район,Школа №4,ru,full,47.9,False
P01921,Нурлан,Сериков,M,16,10,Мангистауская область,Южный район,Школа №2,kk,full,25.3,False
P01922,Артём,Смирнов,M,17,11,г. Астана,Южный район,Школа №3,ru,full,66.2,True
P01923,Тимур,Нурланов,M,15,9,Жетысуская область,Восточный район,Школа №2,kk,single,32.9,False
P01924,Дарья,Иванова,F,14,9,Павлодарская область,Восточный район,Школа №3,ru,full,58.6,False
P01925,Балжан,Маратов,F,11,4,Алматинская область,Северный район,Школа №1,kk,full,86.1,True
P01926,Дарья,Петрова,F,17,11,Актюбинская область,Северный район,Школа №1,ru,single,35.2,False
P01927,Алмат,Маратов,M,16,9,Кызылординская область,Западный район,Школа №4,kk,full,17.0,False
P01928,Андрей,Волков,M,15,9,Алматинская область,Западный район,Школа №5,ru,full,50.7,False
P01929,Адильхан,Темирбеков,M,17,11,Мангистауская область,Северный район,Школа №5,kk,full,71.5,True
P01930,Динара,Тулегенов,F,15,9,Костанайская область,Сельский район,Школа №4,kk,single,78.4,True
P01931,Алмат,Сатпаев,M,14,9,Павлодарская область,Заречный район,Школа №3,kk,full,36.6,False
P01932,Аружан,Алиев,F,15,10,Актюбинская область,Северный район,Школа №3,kk,full,62.5,False
P01933,Алтынай,Жумабеков,F,15,10,Туркестанская область,Западный район,Школа №5,kk,full,48.0,False
P01934,Малика,Сатпаев,F,16,9,г. Шымкент,Западный район,Школа №3,kk,full,53.4,False
P01935,Андрей,Морозов,M,13,8,Абайская область,Центральный район,Школа №4,ru,single,88.7,True
P01936,Анастасия,Иванова,F,14,7,Кызылординская область,Северный район,Школа №5,ru,full,32.5,False
P01937,Айдана,Кадыров,F,18,11,Восточно-Казахстанская область,Южный район,Школа №5,kk,single,52.8,False
P01938,Аяна,Нурланов,F,15,10,г. Шымкент,Северный район,Школа №5,kk,full,62.0,False
P01939,Артём,Новиков,M,16,10,Павлодарская область,Северный район,Школа №2,ru,single,65.3,False
P01940,Екатерина,Кузнецова,F,14,9,Туркестанская область,Восточный район,Школа №1,ru,single,50.5,False
P01941,Мария,Смирнова,F,14,9,Мангистауская область,Восточный район,Школа №4,ru,full,59.6,False
P01942,Санжар,Алиев,M,12,5,Жамбылская область,Северный район,Школа №2,kk,single,43.1,False
P01943,Аяна,Абилов,F,13,8,г. Шымкент,Заречный район,Школа №5,kk,full,59.0,False
P01944,Алтынай,Касенов,F,16,10,Акмолинская область,Восточный район,Школа №3,kk,full,49.9,False
P01945,Алтынай,Касенов,F,12,5,Западно-Казахстанская область,Северный район,Школа №5,kk,full,64.3,False
P01946,Санжар,Маратов,M,16,9,Алматинская область,Южный район,Школа №4,kk,full,49.5,False
P01947,Наргиз,Алиев,F,16,10,Абайская область,Заречный район,Школа №2,kk,full,60.7,False
P01948,Камила,Алиев,F,12,6,г. Шымкент,Сельский район,Школа №1,kk,full,54.6,False
P01949,Аяна,Кадыров,F,14,9,Костанайская область,Северный район,Школа №4,kk,single,65.9,True
P01950,София,Волкова,F,13,6,Абайская область,Восточный район,Школа №4,ru,full,54.2,False
P01951,Анна,Новикова,F,16,9,г. Астана,Западный район,Школа №1,ru,single,22.4,False
P01952,Максим,Соколов,M,13,7,г. Алматы,Южный район,Школа №5,ru,full,73.9,True
P01953,Полина,Соколова,F,17,10,Алматинская область,Восточный район,Школа №3,ru,single,35.4,False
P01954,Тимур,Тулегенов,M,17,10,г. Алматы,Центральный район,Школа №3,kk,full,45.2,False
P01955,Шынгыс,Алиев,M,13,7,Улытауская область,Сельский район,Школа №1,kk,full,46.1,False
P01956,Камила,Алиев,F,14,9,Северо-Казахстанская область,Центральный район,Школа №3,kk,full,75.6,True
P01957,Дана,Кадыров,F,16,9,Улытауская область,Центральный район,Школа №1,kk,full,23.0,False
P01958,Александр,Попов,M,16,9,Туркестанская область,Южный район,Школа №5,ru,full,100.0,True
P01959,Андрей,Морозов,M,10,4,Кызылординская область,Восточный район,Школа №2,ru,single,64.8,False
P01960,Балжан,Темирбеков,F,12,5,Кызылординская область,Заречный район,Школа №4,kk,full,58.3,False
P01961,Иван,Лебедев,M,12,6,Карагандинская область,Центральный район,Школа №5,ru,single,48.2,False
P01962,Елена,Лебедева,F,16,11,Северо-Казахстанская область,Западный район,Школа №4,ru,full,59.3,False
P01963,Айдана,Темирбеков,F,13,8,Алматинская область,Заречный район,Школа №4,kk,full,62.8,False
P01964,Дамир,Алиев,M,14,8,г. Шымкент,Западный район,Школа №4,kk,single,58.7,False
P01965,Ксения,Смирнова,F,11,5,Карагандинская область,Центральный район,Школа №2,ru,full,63.3,False
P01966,Ерасыл,Нурланов,M,10,5,Восточно-Казахстанская область,Северный район,Школа №2,kk,full,56.3,False
P01967,Данияр,Абилов,M,17,11,Абайская область,Южный район,Школа №4,kk,full,52.0,False
P01968,Эльмира,Бекенов,F,16,10,г. Шымкент,Восточный район,Школа №1,kk,full,52.7,False
P01969,Алихан,Алиев,M,12,5,Карагандинская область,Южный район,Школа №2,kk,full,52.1,False
P01970,Аяна,Сериков,F,17,11,Актюбинская область,Заречный район,Школа №2,kk,full,72.0,True
P01971,Дамир,Тулегенов,M,15,9,г. Алматы,Заречный район,Школа №3,kk,full,63.9,False
P01972,Данияр,Алиев,M,10,5,Кызылординская область,Северный район,Школа №3,kk,single,4.9,False
P01973,Алихан,Абилов,M,14,9,Актюбинская область,Центральный район,Школа №1,kk,full,64.8,False
P01974,Меруерт,Жумабеков,F,15,9,Западно-Казахстанская область,Восточный район,Школа №3,kk,single,51.9,False
P01975,Дмитрий,Петров,M,17,10,Северо-Казахстанская область,Центральный район,Школа №3,ru,full,54.7,False
P01976,Никита,Кузнецов,M,15,9,Акмолинская область,Южный район,Школа №5,ru,full,49.2,False
P01977,Алина,Маратов,F,17,11,Жамбылская область,Северный район,Школа №5,kk,full,71.9,True
P01978,Темирлан,Алиев,M,14,8,г. Алматы,Центральный район,Школа №2,kk,full,69.2,True
P01979,Аян,Кадыров,M,16,10,Актюбинская область,Южный район,Школа №4,kk,full,43.4,False
P01980,Екатерина,Новикова,F,17,11,Улытауская область,Центральный район,Школа №5,ru,full,61.1,False
P01981,Жаныбек,Абилов,M,18,11,Актюбинская область,Заречный район,Школа №4,kk,single,34.4,False
P01982,Дария,Бекенов,F,15,9,Жамбылская область,Сельский район,Школа №5,kk,single,28.3,False
P01983,Динара,Темирбеков,F,15,10,г. Шымкент,Западный район,Школа №1,kk,full,45.6,False
P01984,Гульнара,Сатпаев,F,11,6,Абайская область,Западный район,Школа №3,kk,full,67.9,True
P01985,Данияр,Алиев,M,16,10,Карагандинская область,Восточный район,Школа №5,kk,full,69.3,True
P01986,София,Новикова,F,17,11,г. Астана,Южный район,Школа №5,ru,single,56.7,False
P01987,Томирис,Кадыров,F,15,10,Улытауская область,Северный район,Школа №1,kk,full,65.9,True
P01988,Максим,Морозов,M,16,10,г. Шымкент,Заречный район,Школа №1,ru,full,62.7,False
P01989,Олжас,Сериков,M,15,9,Северо-Казахстанская область,Центральный район,Школа №5,kk,single,39.4,False
P01990,Екатерина,Лебедева,F,18,11,Туркестанская область,Сельский район,Школа №5,ru,full,61.5,False
P01991,Адильхан,Бекенов,M,15,10,Улытауская область,Западный район,Школа №4,kk,single,61.0,False
P01992,Наргиз,Тулегенов,F,14,9,Актюбинская область,Южный район,Школа №3,kk,single,60.3,False
P01993,София,Смирнова,F,14,8,Алматинская область,Восточный район,Школа №1,ru,full,72.8,True
P01994,Бауыржан,Бекенов,M,17,10,Кызылординская область,Центральный район,Школа №3,kk,single,59.6,False
P01995,Айгерим,Касенов,F,9,4,Костанайская область,Северный район,Школа №4,kk,full,60.3,False
P01996,Адильхан,Бекенов,M,13,7,г. Алматы,Северный район,Школа №4,kk,full,71.1,True
P01997,Тимур,Темирбеков,M,15,10,Улытауская область,Южный район,Школа №1,kk,full,54.6,False
P01998,Дмитрий,Кузнецов,M,18,11,Северо-Казахстанская область,Северный район,Школа №3,ru,full,41.8,False
P01999,Олжас,Сериков,M,14,8,Жамбылская область,Заречный район,Школа №5,kk,full,52.6,False
P02000,Адильхан,Касенов,M,11,5,Костанайская область,Западный район,Школа №4,kk,full,43.8,False
P02001,Кирилл,Лебедев,M,13,8,Жетысуская область,Западный район,Школа №2,ru,full,44.9,False
P02002,Шынгыс,Темирбеков,M,14,8,Атырауская область,Сельский район,Школа №2,kk,full,52.8,False
P02003,Малика,Касенов,F,14,7,Мангистауская область, Восточный район ,Школа №2,kk,full,43.1,False
P02004,Малика,Сериков,F,17,11,Акмолинская область,Центральный район,Школа №4,kk,full,50.4,False
P02005,Данияр,Нурланов,M,11,4,Западно-Казахстанская область,Центральный район,Школа №1,kk,full,26.6,False
P02006,Александр,Соколов,M,13,6,Атырауская область,Восточный район,Школа №4,ru,single,52.2,False
P02007,Дамир,Абилов,M,15,9,Алматинская область,Западный район,Школа №2,kk,single,49.0,False
P02008,Айдана,Нурланов,F,14,9,Туркестанская область,Восточный район,Школа №5,kk,full,42.7,False
P02009,Дамир,Сатпаев,M,16,10,Улытауская область,Восточный район,Школа №3,kk,full,64.9,False
P02010,Ксения,Морозова,F,14,8,Северо-Казахстанская область,Северный район,Школа №1,ru,full,69.1,True
P02011,Полина,Петрова,F,15,10,Алматинская область,Сельский район,Школа №3,ru,full,30.9,False
P02012,Сабина,Сериков,F,14,8,Улытауская область,Восточный район,Школа №4,kk,single,37.6,False
P02013,Жаныбек,Жумабеков,M,10,5,Туркестанская область, Восточный район ,Школа №3,kk,full,43.5,False
P02014,Жансая,Бекенов,F,17,11,Улытауская область,Сельский район,Школа №4,kk,full,40.9,False
P02015,Аян,Темирбеков,M,17,11,Западно-Казахстанская область,Центральный район,Школа №2,kk,single,61.4,False
P02016,Ксения,Новикова,F,10,5,Северо-Казахстанская область, Северный район ,Школа №3,ru,single,46.1,False
P02017,Дана,Сериков,F,17,11,г. Астана,Северный район,Школа №3,kk,single,45.0,False
P02018,Наргиз,Маратов,F,12,6,г. Шымкент,Южный район,Школа №2,kk,full,24.9,False
P02019,Темирлан,Абилов,M,18,11,Атырауская область,Заречный район,Школа №3,kk,full,64.5,False
P02020,Рамазан,Жумабеков,M,16,10,Атырауская область,Северный район,Школа №3,kk,full,36.4,False
P02021,Шынгыс,Темирбеков,M,14,8,Акмолинская область,Северный район,Школа №5,kk,full,55.9,False
P02022,Жаныбек,Абилов,M,15,10,Восточно-Казахстанская область,Центральный район,Школа №2,kk,full,59.2,False
P02023,Малика,Маратов,F,15,8,Атырауская область,Центральный район,Школа №2,kk,full,75.4,True
P02024,Шынгыс,Кадыров,M,13,6,Абайская область,Центральный район,Школа №2,kk,single,29.4,False
P02025,Шынгыс,Абилов,M,15,9,Актюбинская область,Северный район,Школа №1,kk,full,9.7,False
P02026,Жаныбек,Сатпаев,M,15,9,Акмолинская область,Заречный район,Школа №1,kk,full,57.8,False
P02027,Дмитрий,Попов,M,16,11,Западно-Казахстанская область,Заречный район,Школа №1,ru,full,82.0,True
P02028,Анна,Новикова,F,14,8,Абайская область,Восточный район,Школа №2,ru,single,67.6,True
P02029,Аружан,Алиев,F,10,4,Кызылординская область,Северный район,Школа №4,kk,full,58.1,False
P02030,Алина,Алиев,F,16,10,Абайская область,Западный район,Школа №4,kk,single,41.6,False
P02031,Аян,Нурланов,M,13,8,Кызылординская область,Южный район,Школа №2,kk,full,67.1,True
P02032,Сауле,Темирбеков,F,15,9,Атырауская область,Южный район,Школа №3,kk,full,40.4,False
P02033,Тимур,Касенов,M,14,9,Алматинская область,Южный район,Школа №5,kk,full,62.1,False
P02034,Дмитрий,Волков,M,15,8,г. Алматы,Восточный район,Школа №5,ru,full,62.6,False
P02035,Айдар,Темирбеков,M,14,7,Улытауская область,Западный район,Школа №4,kk,single,64.9,False
P02036,Андрей,Волков,M,16,9,Алматинская область,Западный район,Школа №3,ru,full,96.4,True
P02037,Жаныбек,Сатпаев,M,14,8,Улытауская область,Сельский район,Школа №2,kk,single,54.9,False
P02038,Елена,Морозова,F,16,11,Западно-Казахстанская область,Западный район,Школа №4,ru,full,47.4,False
P02039,Санжар,Нурланов,M,15,10,Костанайская область,Южный район,Школа №2,kk,full,54.6,False
P02040,Наргиз,Касенов,F,10,4,Атырауская область, Сельский район ,Школа №3,kk,single,22.5,False
P02041,Темирлан,Тулегенов,M,15,8,Мангистауская область,Северный район,Школа №4,kk,full,44.6,False
P02042,Тимур,Сатпаев,M,15,10,Актюбинская область,Центральный район,Школа №4,kk,full,48.9,False
P02043,Томирис,Маратов,F,12,6,Атырауская область,Сельский район,Школа №4,kk,single,41.1,False
P02044,Томирис,Маратов,F,15,8,Северо-Казахстанская область,Заречный район,Школа №1,kk,single,51.3,False
P02045,Алихан,Тулегенов,M,12,7,Павлодарская область,Восточный район,Школа №4,kk,full,42.7,False
P02046,София,Морозова,F,10,5,Западно-Казахстанская область,Заречный район,Школа №4,ru,single,65.8,False
P02047,Алмат,Тулегенов,M,15,9,Актюбинская область,Южный район,Школа №5,kk,full,55.0,False
P02048,Тимур,Жумабеков,M,15,10,Атырауская область,Центральный район,Школа №3,kk,full,54.9,False
P02049,Дмитрий,Лебедев,M,18,11,Павлодарская область,Центральный район,Школа №4,ru,full,50.1,False
P02050,Дмитрий,Лебедев,M,12,5,Павлодарская область,Восточный район,Школа №1,ru,full,57.3,False
P02051,Дарья,Морозова,F,16,9,Актюбинская область,Заречный район,Школа №2,ru,full,67.4,True
P02052,Айгерим,Алиев,F,14,9,Мангистауская область,Северный район,Школа №3,kk,full,42.0,False
P02053,Ольга,Кузнецова,F,13,7,Кызылординская область,Заречный район,Школа №4,ru,full,45.1,False
P02054,Алихан,Алиев,M,18,11,г. Шымкент,Центральный район,Школа №5,kk,single,44.4,False
P02055,Нурлан,Сериков,M,12,7,Восточно-Казахстанская область,Сельский район,Школа №3,kk,full,34.8,False
P02056,Айдана,Темирбеков,F,13,7,Северо-Казахстанская область,Западный район,Школа №1,kk,full,42.7,False
P02057,Санжар,Алиев,M,12,6,Северо-Казахстанская область, Центральный район ,Школа №2,kk,full,47.9,False
P02058,Алина,Кадыров,F,17,11,Актюбинская область, Северный район ,Школа №3,kk,full,68.1,True
P02059,Динара,Бекенов,F,17,11,Западно-Казахстанская область,Южный район,Школа №1,kk,full,58.9,False
P02060,Мария,Кузнецова,F,10,5,Карагандинская область,Восточный район,Школа №1,ru,full,57.9,False
P02061,Бауыржан,Маратов,M,14,7,Карагандинская область,Восточный район,Школа №3,kk,single,61.8,False
P02062,Михаил,Смирнов,M,16,10,Восточно-Казахстанская область,Южный район,Школа №2,ru,full,52.9,False
P02063,Малика,Маратов,F,17,11,Мангистауская область,Южный район,Школа №4,kk,full,60.9,False
P02064,Максим,Лебедев,M,16,10,г. Алматы,Восточный район,Школа №3,ru,full,53.5,False
P02065,София,Иванова,F,16,11,Жамбылская область, Южный район ,Школа №4,ru,single,53.0,False
P02066,Данияр,Алиев,M,16,10,Атырауская область,Северный район,Школа №3,kk,full,46.3,False
P02067,Мария,Морозова,F,16,10,Атырауская область,Центральный район,Школа №3,ru,single,12.4,False
P02068,Дарья,Попова,F,17,11,Западно-Казахстанская область,Западный район,Школа №1,ru,single,47.0,False
P02069,Алтынай,Сериков,F,16,9,г. Шымкент,Восточный район,Школа №5,kk,full,76.3,True
P02070,Кирилл,Кузнецов,M,17,10,Карагандинская область,Северный район,Школа №5,ru,single,62.9,False
P02071,Алина,Тулегенов,F,15,9,Улытауская область,Южный район,Школа №4,kk,full,69.5,True
P02072,Алтынай,Сериков,F,13,7,Акмолинская область,Северный район,Школа №3,kk,full,73.5,True
P02073,Айгерим,Сериков,F,14,8,Мангистауская область,Центральный район,Школа №5,kk,full,56.3,False
P02074,Михаил,Лебедев,M,17,11,Акмолинская область,Центральный район,Школа №1,ru,full,58.0,False
P02075,Никита,Волков,M,9,4,Акмолинская область,Центральный район,Школа №3,ru,full,45.7,False
P02076,Алтынай,Бекенов,F,15,9,Алматинская область,Сельский район,Школа №1,kk,single,44.3,False
P02077,Алтынай,Касенов,F,17,10,Мангистауская область,Северный район,Школа №3,kk,single,58.2,False
P02078,Елена,Петрова,F,16,10,г. Астана,Заречный район,Школа №4,ru,single,67.1,True
P02079,Алина,Бекенов,F,11,6,Северо-Казахстанская область,Южный район,Школа №5,kk,full,52.9,False
P02080,Меруерт,Тулегенов,F,14,9,Абайская область,Восточный район,Школа №4,kk,single,42.2,False
P02081,Андрей,Лебедев,M,16,10,Абайская область,Западный район,Школа №1,ru,single,49.0,False
P02082,Никита,Волков,M,15,9,Мангистауская область,Южный район,Школа №1,ru,full,64.0,False
P02083,Нурлан,Тулегенов,M,16,9,Алматинская область,Центральный район,Школа №3,kk,full,33.3,False
P02084,Михаил,Иванов,M,12,6,Абайская область,Северный район,Школа №3,ru,full,20.6,False
P02085,Алмат,Нурланов,M,15,9,г. Астана,Центральный район,Школа №4,kk,full,46.7,False
P02086,Наргиз,Темирбеков,F,12,5,Мангистауская область,Сельский район,Школа №3,kk,full,36.7,False
P02087,Иван,Смирнов,M,16,10,Актюбинская область,Южный район,Школа №1,ru,single,41.4,False
P02088,Адильхан,Бекенов,M,16,10,Жамбылская область,Южный район,Школа №5,kk,full,52.8,False
P02089,Андрей,Волков,M,13,7,г. Алматы,Сельский район,Школа №2,ru,full,48.2,False
P02090,Алмат,Маратов,M,16,10,Павлодарская область,Западный район,Школа №1,kk,single,70.8,True
P02091,Алихан,Нурланов,M,17,11,Туркестанская область,Заречный район,Школа №5,kk,full,59.9,False
P02092,Эльмира,Кадыров,F,9,4,Жетысуская область,Южный район,Школа №1,kk,single,53.5,False
P02093,Наргиз,Нурланов,F,16,9,Западно-Казахстанская область,Сельский район,Школа №4,kk,single,58.3,False
P02094,Наргиз,Бекенов,F,11,6,г. Алматы,Южный район,Школа №1,kk,single,31.9,False
P02095,Алтынай,Алиев,F,13,8,Жетысуская область,Западный район,Школа №5,kk,full,70.6,True
P02096,Айдар,Касенов,M,10,4,г. Шымкент,Восточный район,Школа №4,kk,single,47.9,False
P02097,Иван,Соколов,M,9,4,Павлодарская область,Сельский район,Школа №2,ru,full,65.1,False
P02098,Санжар,Абилов,M,16,10,Алматинская область,Южный район,Школа №3,kk,full,38.9,False
P02099,Айдана,Бекенов,F,15,9,Алматинская область,Восточный район,Школа №2,kk,single,25.7,False
P02100,Данияр,Тулегенов,M,14,8,Костанайская область,Заречный район,Школа №2,kk,full,67.3,True
P02101,Кирилл,Морозов,M,15,9,Мангистауская область,Северный район,Школа №2,ru,single,54.6,False
P02102,Арман,Темирбеков,M,11,6,Северо-Казахстанская область,Заречный район,Школа №2,kk,single,35.5,False
P02103,Екатерина,Морозова,F,14,8,Мангистауская область,Восточный район,Школа №2,ru,full,42.0,False
P02104,Ольга,Волкова,F,17,10,Акмолинская область,Восточный район,Школа №1,ru,single,65.9,True
P02105,Гульнара,Алиев,F,16,10,Акмолинская область,Заречный район,Школа №3,kk,full,37.2,False
P02106,София,Смирнова,F,17,11,Туркестанская область,Северный район,Школа №1,ru,full,79.6,True
P02107,Александр,Попов,M,13,8,Жамбылская область,Заречный район,Школа №3,ru,single,35.5,False
P02108,Ольга,Попова,F,14,9,Кызылординская область,Южный район,Школа №1,ru,full,64.6,False
P02109,Аяна,Абилов,F,14,8,Жамбылская область,Сельский район,Школа №2,kk,full,50.1,False
P02110,Аружан,Абилов,F,16,10,Алматинская область,Центральный район,Школа №4,kk,full,64.0,False
P02111,Нурлан,Алиев,M,17,11,Акмолинская область,Сельский район,Школа №5,kk,full,46.8,False
P02112,Тимур,Тулегенов,M,17,10,Жетысуская область,Центральный район,Школа №1,kk,full,52.6,False
P02113,Дарья,Иванова,F,15,10,Восточно-Казахстанская область,Заречный район,Школа №5,ru,full,55.6,False
P02114,Камила,Жумабеков,F,14,9,Туркестанская область,Сельский район,Школа №4,kk,full,40.0,False
P02115,Екатерина,Петрова,F,16,11,Мангистауская область,Северный район,Школа №1,ru,single,60.1,False
P02116,Аян,Нурланов,M,14,8,Северо-Казахстанская область,Северный район,Школа №3,kk,single,41.3,False
P02117,Томирис,Жумабеков,F,10,4,Северо-Казахстанская область,Восточный район,Школа №5,kk,single,45.6,False
P02118,Ерасыл,Жумабеков,M,17,10,Акмолинская область,Северный район,Школа №5,kk,full,40.1,False
P02119,Эльмира,Бекенов,F,11,6,Атырауская область,Восточный район,Школа №4,kk,full,16.6,False
P02120,Екатерина,Попова,F,15,10,Акмолинская область,Южный район,Школа №5,ru,full,52.1,False
P02121,Жаныбек,Касенов,M,15,9,Костанайская область,Сельский район,Школа №2,kk,full,91.2,True
P02122,Шынгыс,Маратов,M,16,9,г. Астана, Южный район ,Школа №1,kk,full,66.8,True
P02123,Наргиз,Кадыров,F,9,4,Павлодарская область,Сельский район,Школа №2,kk,full,54.7,False
P02124,Аяна,Сатпаев,F,17,11,Акмолинская область,Северный район,Школа №1,kk,single,45.1,False
P02125,Дамир,Тулегенов,M,17,11,г. Астана,Центральный район,Школа №2,kk,single,49.3,False
P02126,Аян,Бекенов,M,17,11,Кызылординская область,Центральный район,Школа №3,kk,full,63.2,False
P02127,Гульнара,Кадыров,F,12,6,Карагандинская область,Южный район,Школа №1,kk,full,37.3,False
P02128,Елена,Кузнецова,F,12,6,г. Шымкент,Северный район,Школа №2,ru,full,71.7,True
P02129,Никита,Лебедев,M,14,7,Атырауская область,Центральный район,Школа №1,ru,single,59.7,False
P02130,Дамир,Жумабеков,M,14,8,Актюбинская область,Северный район,Школа №1,kk,single,59.8,False
P02131,Никита,Волков,M,12,6,г. Шымкент,Северный район,Школа №1,ru,full,61.6,False
P02132,Тимур,Кадыров,M,15,8,Западно-Казахстанская область,Северный район,Школа №1,kk,single,49.3,False
P02133,Бауыржан,Абилов,M,15,9,Костанайская область,Западный район,Школа №1,kk,full,65.1,False
P02134,Рамазан,Кадыров,M,16,10,Жетысуская область,Заречный район,Школа №4,kk,full,63.9,False
P02135,Кирилл,Соколов,M,17,10,Мангистауская область,Центральный район,Школа №2,ru,full,49.7,False
P02136,Александр,Иванов,M,17,11,г. Астана,Западный район,Школа №5,ru,single,40.4,False
P02137,Алмат,Сериков,M,14,8,Кызылординская область,Заречный район,Школа №3,kk,full,56.5,False
P02138,Андрей,Волков,M,15,9,Алматинская область,Южный район,Школа №1,ru,full,78.2,True
P02139,Дана,Абилов,F,16,10,г. Шымкент,Северный район,Школа №3,kk,single,30.4,False
P02140,Дана,Касенов,F,14,9,Костанайская область,Заречный район,Школа №1,kk,full,33.0,False
P02141,Малика,Абилов,F,17,11,Мангистауская область,Сельский район,Школа №2,kk,full,57.5,False
P02142,Алтынай,Кадыров,F,16,10,г. Шымкент,Центральный район,Школа №4,kk,single,49.8,False
P02143,Иван,Морозов,M,17,10,Кызылординская область,Заречный район,Школа №2,ru,full,57.6,False
P02144,Ольга,Смирнова,F,13,7,Мангистауская область,Сельский район,Школа №5,ru,full,58.7,False
P02145,Дария,Бекенов,F,15,8,Костанайская область,Заречный район,Школа №5,kk,full,51.7,False
P02146,Алмат,Тулегенов,M,12,6,Восточно-Казахстанская область,Южный район,Школа №4,kk,full,77.3,True
P02147,Дана,Алиев,F,16,10,Абайская область,Центральный район,Школа №2,kk,single,25.0,False
P02148,Аян,Сатпаев,M,14,8,Абайская область, Сельский район ,Школа №4,kk,full,42.6,False
P02149,Ерасыл,Темирбеков,M,11,5,г. Астана,Южный район,Школа №2,kk,full,53.5,False
P02150,Алихан,Темирбеков,M,17,10,Актюбинская область,Западный район,Школа №3,kk,full,30.4,False
P02151,Олжас,Сериков,M,16,10,Актюбинская область,Западный район,Школа №1,kk,single,46.4,False
P02152,Наргиз,Касенов,F,11,5,Акмолинская область,Южный район,Школа №4,kk,single,73.9,True
P02153,Артём,Лебедев,M,11,4,Карагандинская область,Северный район,Школа №3,ru,full,55.3,False
P02154,Нурлан,Сериков,M,15,10,Северо-Казахстанская область,Сельский район,Школа №2,kk,full,58.5,False
P02155,Малика,Сериков,F,12,7,Абайская область,Заречный район,Школа №5,kk,single,30.1,False
P02156,Андрей,Лебедев,M,11,5,Кызылординская область,Южный район,Школа №3,ru,full,45.8,False
P02157,Кирилл,Морозов,M,14,8,Кызылординская область,Восточный район,Школа №1,ru,single,43.4,False
P02158,Айдана,Жумабеков,F,15,10,Павлодарская область,Сельский район,Школа №3,kk,full,50.2,False
P02159,Максим,Волков,M,15,10,г. Шымкент,Западный район,Школа №3,ru,single,68.2,True
P02160,Данияр,Жумабеков,M,12,6,Западно-Казахстанская область,Центральный район,Школа №2,kk,full,63.4,False
P02161,Жаныбек,Сатпаев,M,12,6,Западно-Казахстанская область,Восточный район,Школа №1,kk,single,32.3,False
P02162,Арман,Нурланов,M,13,6,г. Алматы,Западный район,Школа №4,kk,full,58.7,False
P02163,Айгерим,Темирбеков,F,15,9,г. Шымкент,Южный район,Школа №3,kk,full,62.5,False
P02164,Камила,Маратов,F,14,9,Западно-Казахстанская область,Северный район,Школа №5,kk,full,72.1,True
P02165,Дамир,Касенов,M,16,10,Павлодарская область,Центральный район,Школа №4,kk,full,78.7,True
P02166,Елена,Соколова,F,11,5,Жамбылская область,Восточный район,Школа №4,ru,single,33.8,False
P02167,Малика,Жумабеков,F,16,10,Павлодарская область,Сельский район,Школа №4,kk,full,42.8,False
P02168,Анна,Попова,F,17,10,Карагандинская область,Заречный район,Школа №3,ru,full,36.1,False
P02169,Наргиз,Маратов,F,16,10,Восточно-Казахстанская область,Западный район,Школа №1,kk,full,51.5,False
P02170,Сауле,Нурланов,F,14,8,Абайская область,Южный район,Школа №3,kk,full,62.0,False
P02171,Гульнара,Абилов,F,12,6,Западно-Казахстанская область,Восточный район,Школа №2,kk,full,69.8,True
P02172,Жаныбек,Абилов,M,16,10,Алматинская область,Западный район,Школа №2,kk,full,53.9,False
P02173,Елена,Петрова,F,16,9,г. Шымкент,Центральный район,Школа №4,ru,full,50.2,False
P02174,Никита,Иванов,M,14,8,Мангистауская область,Восточный район,Школа №5,ru,full,57.3,False
P02175,Шынгыс,Тулегенов,M,16,10,Туркестанская область, Восточный район ,Школа №3,kk,single,36.5,False
P02176,Томирис,Алиев,F,12,5,Атырауская область,Сельский район,Школа №4,kk,full,86.3,True
P02177,Камила,Касенов,F,11,6,Северо-Казахстанская область,Центральный район,Школа №2,kk,single,24.9,False
P02178,Адильхан,Абилов,M,17,10,Жамбылская область,Сельский район,Школа №2,kk,single,51.8,False
P02179,Михаил,Смирнов,M,16,10,Туркестанская область,Центральный район,Школа №4,ru,single,79.4,True
P02180,Адильхан,Тулегенов,M,13,7,Павлодарская область,Сельский район,Школа №5,kk,full,55.1,False
P02181,Тимур,Тулегенов,M,17,11,Жетысуская область,Центральный район,Школа №2,kk,full,52.1,False
P02182,Анна,Соколова,F,14,8,Кызылординская область,Сельский район,Школа №4,ru,full,49.6,False
P02183,Темирлан,Абилов,M,15,9,Жамбылская область,Центральный район,Школа №5,kk,full,52.3,False
P02184,Елена,Кузнецова,F,15,8,Акмолинская область,Заречный район,Школа №1,ru,full,75.6,True
P02185,Александр,Лебедев,M,15,9,Мангистауская область,Заречный район,Школа №2,ru,single,15.8,False
P02186,Анастасия,Петрова,F,17,11,Мангистауская область,Заречный район,Школа №5,ru,single,72.0,True
P02187,Айгерим,Бекенов,F,12,5,Северо-Казахстанская область,Сельский район,Школа №4,kk,single,27.6,False
P02188,Олжас,Темирбеков,M,9,4,Жамбылская область,Центральный район,Школа №5,kk,full,51.0,False
P02189,Шынгыс,Нурланов,M,17,10,г. Алматы,Северный район,Школа №3,kk,full,48.6,False
P02190,Анастасия,Новикова,F,18,11,Атырауская область,Западный район,Школа №5,ru,full,63.8,False
P02191,Алина,Сериков,F,17,10,Павлодарская область, Западный район ,Школа №5,kk,single,25.0,False
P02192,Рамазан,Нурланов,M,14,9,Мангистауская область, Северный район ,Школа №1,kk,full,61.9,False
P02193,Аян,Нурланов,M,13,7,Жамбылская область,Заречный район,Школа №3,kk,full,85.4,True
P02194,Аяна,Касенов,F,16,11,Западно-Казахстанская область,Южный район,Школа №4,kk,full,34.6,False
P02195,Аружан,Жумабеков,F,13,8,Восточно-Казахстанская область,Заречный район,Школа №2,kk,full,57.8,False
P02196,Гульнара,Абилов,F,18,11,Кызылординская область, Северный район ,Школа №5,kk,full,45.1,False
P02197,Анастасия,Кузнецова,F,10,4,г. Шымкент,Восточный район,Школа №4,ru,full,61.4,False
P02198,Дмитрий,Иванов,M,12,7,Кызылординская область,Южный район,Школа №4,ru,full,55.3,False
P02199,Елена,Иванова,F,17,10,Жетысуская область,Сельский район,Школа №3,ru,full,45.4,False
P02200,Никита,Новиков,M,17,11,Туркестанская область,Северный район,Школа №3,ru,full,62.3,False
P02201,Екатерина,Лебедева,F,16,9,Акмолинская область,Восточный район,Школа №4,ru,single,76.1,True
P02202,Арман,Кадыров,M,17,11,г. Астана,Южный район,Школа №4,kk,full,52.1,False
P02203,Шынгыс,Тулегенов,M,15,9,Мангистауская область,Северный район,Школа №4,kk,full,65.8,False
P02204,Олжас,Сатпаев,M,15,8,г. Астана,Восточный район,Школа №3,kk,single,29.6,False
P02205,Дарья,Волкова,F,13,7,г. Шымкент,Сельский район,Школа №5,ru,single,34.7,False
P02206,Мария,Морозова,F,15,9,Улытауская область,Восточный район,Школа №4,ru,single,56.1,False
P02207,Бекжан,Жумабеков,M,17,11,Улытауская область,Северный район,Школа №3,kk,full,77.3,True
P02208,Бауыржан,Сатпаев,M,9,4,Актюбинская область,Северный район,Школа №4,kk,single,54.3,False
P02209,Олжас,Нурланов,M,17,11,Атырауская область,Сельский район,Школа №1,kk,single,44.3,False
P02210,Елена,Волкова,F,13,6,Актюбинская область,Северный район,Школа №1,ru,full,55.0,False
P02211,Темирлан,Абилов,M,14,8,Атырауская область,Центральный район,Школа №5,kk,single,30.2,False
P02212,Арман,Жумабеков,M,11,5,Абайская область,Южный район,Школа №2,kk,full,64.1,False
P02213,Наргиз,Нурланов,F,15,9,Павлодарская область,Западный район,Школа №1,kk,full,68.2,True
P02214,Томирис,Тулегенов,F,14,8,Акмолинская область,Заречный район,Школа №3,kk,single,42.2,False
P02215,Владислав,Иванов,M,17,11,Северо-Казахстанская область,Западный район,Школа №1,ru,full,47.9,False
P02216,Дария,Темирбеков,F,13,8,Карагандинская область,Северный район,Школа №3,kk,single,53.0,False
P02217,Владислав,Новиков,M,10,4,г. Шымкент,Южный район,Школа №1,ru,full,48.4,False
P02218,Рамазан,Кадыров,M,16,10,Акмолинская область,Северный район,Школа №5,kk,single,48.0,False
P02219,Шынгыс,Маратов,M,12,6,г. Астана,Западный район,Школа №5,kk,full,86.5,True
P02220,Аян,Жумабеков,M,14,9,Карагандинская область,Южный район,Школа №3,kk,single,45.3,False
P02221,Сауле,Нурланов,F,16,11,Атырауская область,Сельский район,Школа №1,kk,full,49.6,False
P02222,Шынгыс,Сериков,M,16,10,Туркестанская область,Заречный район,Школа №5,kk,full,45.3,False
P02223,Дарья,Морозова,F,14,8,г. Астана,Южный район,Школа №3,ru,full,66.2,True
P02224,Жансая,Тулегенов,F,15,10,Абайская область,Южный район,Школа №1,kk,full,52.3,False
P02225,Эльмира,Нурланов,F,16,11,Кызылординская область,Северный район,Школа №1,kk,full,45.3,False
P02226,Дария,Темирбеков,F,16,10,г. Астана,Северный район,Школа №1,kk,single,68.8,True
P02227,Адильхан,Бекенов,M,13,6,г. Шымкент,Сельский район,Школа №2,kk,full,76.3,True
P02228,Аян,Маратов,M,15,9,Акмолинская область,Северный район,Школа №5,kk,full,46.0,False
P02229,Меруерт,Тулегенов,F,12,6,г. Алматы,Центральный район,Школа №3,kk,full,27.0,False
P02230,Малика,Маратов,F,13,7,г. Шымкент,Северный район,Школа №2,kk,full,70.1,True
P02231,Олжас,Жумабеков,M,17,11,Западно-Казахстанская область, Сельский район ,Школа №5,kk,full,44.7,False
P02232,Полина,Новикова,F,16,9,Акмолинская область,Западный район,Школа №1,ru,full,66.9,True
P02233,Елена,Кузнецова,F,16,10,Актюбинская область,Центральный район,Школа №2,ru,full,25.4,False
P02234,Ерасыл,Тулегенов,M,12,7,Акмолинская область,Южный район,Школа №4,kk,full,68.4,True
P02235,Меруерт,Касенов,F,15,9,Восточно-Казахстанская область, Северный район ,Школа №2,kk,full,36.8,False
P02236,Иван,Соколов,M,17,11,Карагандинская область,Восточный район,Школа №1,ru,single,60.0,False
P02237,Алина,Жумабеков,F,15,9,Мангистауская область,Заречный район,Школа №5,kk,full,55.2,False
P02238,Кирилл,Лебедев,M,14,7,Атырауская область,Сельский район,Школа №2,ru,full,40.7,False
P02239,Адильхан,Алиев,M,10,4,Мангистауская область,Центральный район,Школа №3,kk,full,48.9,False
P02240,Балжан,Нурланов,F,13,8,Улытауская область,Восточный район,Школа №1,kk,full,65.3,False
P02241,Иван,Иванов,M,15,9,Атырауская область,Заречный район,Школа №1,ru,full,56.6,False
P02242,Алмат,Темирбеков,M,16,11,Жамбылская область,Западный район,Школа №1,kk,single,57.8,False
P02243,Ержан,Алиев,M,16,10,Абайская область,Западный район,Школа №2,kk,single,78.6,True
P02244,Ксения,Кузнецова,F,16,11,Алматинская область,Западный район,Школа №2,ru,full,31.5,False
P02245,Аружан,Абилов,F,15,9,Кызылординская область,Сельский район,Школа №3,kk,single,73.3,True
P02246,Аружан,Темирбеков,F,13,7,Костанайская область,Южный район,Школа №5,kk,single,50.6,False
P02247,Темирлан,Темирбеков,M,14,8,г. Алматы,Центральный район,Школа №5,kk,full,41.5,False
P02248,Дмитрий,Попов,M,15,9,Мангистауская область,Восточный район,Школа №2,ru,full,35.0,False
P02249,Динара,Маратов,F,11,5,Павлодарская область, Восточный район ,Школа №4,kk,single,46.2,False
P02250,Олжас,Темирбеков,M,16,10,Карагандинская область,Восточный район,Школа №2,kk,full,68.8,True
P02251,Андрей,Попов,M,16,11,Улытауская область, Южный район ,Школа №3,ru,full,53.1,False
P02252,Андрей,Лебедев,M,12,5,Туркестанская область,Сельский район,Школа №4,ru,full,77.7,True
P02253,Дамир,Жумабеков,M,14,7,Актюбинская область,Северный район,Школа №3,kk,full,33.2,False
P02254,Ксения,Кузнецова,F,15,9,Алматинская область,Заречный район,Школа №4,ru,single,48.8,False
P02255,Андрей,Морозов,M,16,10,г. Астана,Западный район,Школа №3,ru,full,36.2,False
P02256,Алмат,Тулегенов,M,15,8,Жетысуская область,Северный район,Школа №5,kk,full,60.5,False
P02257,Меруерт,Темирбеков,F,15,10,Восточно-Казахстанская область,Северный район,Школа №4,kk,full,68.3,True
P02258,Алмат,Сатпаев,M,14,8,Восточно-Казахстанская область, Северный район ,Школа №3,kk,full,48.7,False
P02259,Эльмира,Маратов,F,12,6,Туркестанская область,Северный район,Школа №2,kk,full,15.9,False
P02260,Артём,Попов,M,17,11,Жетысуская область,Сельский район,Школа №4,ru,full,58.0,False
P02261,Елена,Смирнова,F,17,11,Северо-Казахстанская область,Восточный район,Школа №5,ru,full,61.6,False
P02262,Аружан,Темирбеков,F,15,9,Атырауская область,Северный район,Школа №1,kk,full,61.1,False
P02263,Бауыржан,Бекенов,M,12,6,Восточно-Казахстанская область,Западный район,Школа №2,kk,full,73.5,True
P02264,Арман,Сатпаев,M,15,10,Абайская область,Сельский район,Школа №3,kk,full,38.9,False
P02265,Жаныбек,Темирбеков,M,15,9,Северо-Казахстанская область,Южный район,Школа №5,kk,full,65.2,False
P02266,Жаныбек,Жумабеков,M,16,10,Жетысуская область,Северный район,Школа №2,kk,single,66.9,True
P02267,Аружан,Абилов,F,17,11,Северо-Казахстанская область,Восточный район,Школа №2,kk,single,22.3,False
P02268,Мария,Лебедева,F,11,4,Карагандинская область,Заречный район,Школа №4,ru,full,59.8,False
P02269,Иван,Волков,M,12,6,Костанайская область,Северный район,Школа №3,ru,full,47.4,False
P02270,Дария,Маратов,F,10,4,Акмолинская область,Северный район,Школа №3,kk,full,53.8,False
P02271,Малика,Абилов,F,16,10,Павлодарская область,Северный район,Школа №1,kk,single,54.2,False
P02272,Жаныбек,Бекенов,M,17,11,Улытауская область,Заречный район,Школа №4,kk,single,41.7,False
P02273,Меруерт,Жумабеков,F,13,6,Костанайская область,Западный район,Школа №5,kk,single,38.9,False
P02274,София,Новикова,F,17,10,г. Астана,Сельский район,Школа №3,ru,single,49.5,False
P02275,Михаил,Лебедев,M,15,10,Акмолинская область,Западный район,Школа №3,ru,single,32.7,False
P02276,Екатерина,Смирнова,F,12,6,Павлодарская область,Сельский район,Школа №3,ru,single,32.7,False
P02277,Камила,Сериков,F,16,9,Атырауская область,Центральный район,Школа №5,kk,single,59.2,False
P02278,Андрей,Попов,M,11,6,г. Шымкент,Южный район,Школа №3,ru,full,37.8,False
P02279,Кирилл,Смирнов,M,16,10,Атырауская область,Северный район,Школа №5,ru,single,59.0,False
P02280,Артём,Попов,M,15,10,Мангистауская область,Заречный район,Школа №5,ru,single,55.9,False
P02281,Аружан,Бекенов,F,12,5,Северо-Казахстанская область,Западный район,Школа №4,kk,single,23.1,False
P02282,Айдар,Нурланов,M,15,9,Актюбинская область,Заречный район,Школа №3,kk,full,44.8,False
P02283,Никита,Морозов,M,15,9,Западно-Казахстанская область, Восточный район ,Школа №3,ru,full,72.9,True
P02284,Екатерина,Морозова,F,12,6,Жетысуская область,Центральный район,Школа №4,ru,single,34.3,False
P02285,Тимур,Алиев,M,10,4,Павлодарская область,Центральный район,Школа №2,kk,full,48.0,False
P02286,Полина,Лебедева,F,17,11,Западно-Казахстанская область,Южный район,Школа №5,ru,full,61.9,False
P02287,Ксения,Петрова,F,9,4,Восточно-Казахстанская область,Южный район,Школа №3,ru,full,66.8,True
P02288,Нурлан,Тулегенов,M,11,5,Атырауская область,Южный район,Школа №3,kk,full,51.2,False
P02289,Дамир,Жумабеков,M,15,9,Западно-Казахстанская область,Центральный район,Школа №5,kk,full,46.0,False
P02290,Екатерина,Морозова,F,15,9,Павлодарская область,Западный район,Школа №1,ru,single,70.3,True
P02291,Анна,Новикова,F,17,11,Абайская область,Северный район,Школа №1,ru,single,75.1,True
P02292,Михаил,Лебедев,M,17,10,Акмолинская область,Северный район,Школа №3,ru,full,69.7,True
P02293,Эльмира,Жумабеков,F,10,4,Актюбинская область,Северный район,Школа №5,kk,full,56.3,False
P02294,Наргиз,Сатпаев,F,18,11,Туркестанская область,Северный район,Школа №3,kk,full,42.9,False
P02295,Дамир,Тулегенов,M,14,8,Абайская область,Южный район,Школа №1,kk,single,36.5,False
P02296,Дмитрий,Морозов,M,14,9,Абайская область,Западный район,Школа №2,ru,single,56.8,False
P02297,Сауле,Темирбеков,F,13,6,Атырауская область,Заречный район,Школа №1,kk,full,61.3,False
P02298,Александр,Кузнецов,M,17,11,Актюбинская область,Южный район,Школа №5,ru,full,76.0,True
P02299,Александр,Новиков,M,13,6,Жамбылская область,Сельский район,Школа №1,ru,single,58.8,False
P02300,Сауле,Нурланов,F,14,9,Северо-Казахстанская область,Южный район,Школа №1,kk,full,32.5,False
P02301,Санжар,Маратов,M,16,10,Восточно-Казахстанская область, Северный район ,Школа №5,kk,single,64.8,False
P02302,Жаныбек,Маратов,M,15,9,Улытауская область,Сельский район,Школа №1,kk,full,40.0,False
P02303,Малика,Темирбеков,F,16,10,Кызылординская область,Заречный район,Школа №5,kk,full,49.2,False
P02304,Сабина,Бекенов,F,16,10,Алматинская область,Сельский район,Школа №2,kk,full,58.8,False
P02305,Алина,Кадыров,F,15,8,Актюбинская область,Сельский район,Школа №1,kk,full,84.9,True
P02306,Ксения,Попова,F,14,9,г. Астана,Южный район,Школа №5,ru,single,95.6,True
P02307,Меруерт,Маратов,F,15,8,Атырауская область,Северный район,Школа №1,kk,single,58.1,False
P02308,Аян,Бекенов,M,10,4,Туркестанская область,Заречный район,Школа №1,kk,full,52.3,False
P02309,Михаил,Новиков,M,16,10,Акмолинская область,Заречный район,Школа №3,ru,full,63.0,False
P02310,Меруерт,Нурланов,F,16,9,Туркестанская область,Южный район,Школа №5,kk,full,68.3,True
P02311,Екатерина,Новикова,F,14,7,Улытауская область,Центральный район,Школа №1,ru,full,50.2,False
P02312,Эльмира,Маратов,F,12,6,Мангистауская область,Северный район,Школа №5,kk,full,81.9,True
P02313,Адильхан,Алиев,M,13,6,Абайская область,Заречный район,Школа №1,kk,full,58.5,False
P02314,Шынгыс,Темирбеков,M,12,5,Костанайская область,Заречный район,Школа №5,kk,full,62.5,False
P02315,Алтынай,Тулегенов,F,10,4,Атырауская область,Сельский район,Школа №4,kk,full,65.0,False
P02316,Анастасия,Петрова,F,14,8,Акмолинская область,Восточный район,Школа №2,ru,full,61.3,False
P02317,Бекжан,Бекенов,M,16,9,Западно-Казахстанская область,Заречный район,Школа №4,kk,single,61.6,False
P02318,Динара,Темирбеков,F,16,9,Павлодарская область,Восточный район,Школа №5,kk,single,39.7,False
P02319,Екатерина,Попова,F,13,8,Кызылординская область,Заречный район,Школа №4,ru,single,40.6,False
P02320,Екатерина,Петрова,F,16,10,Костанайская область,Южный район,Школа №1,ru,full,38.5,False
P02321,Алина,Тулегенов,F,15,9,Туркестанская область,Западный район,Школа №2,kk,full,61.6,False
P02322,Михаил,Кузнецов,M,16,11,Алматинская область,Центральный район,Школа №3,ru,full,66.7,True
P02323,Екатерина,Попова,F,11,5,Акмолинская область,Северный район,Школа №4,ru,single,55.9,False
P02324,Айдана,Сатпаев,F,15,9,Северо-Казахстанская область,Сельский район,Школа №4,kk,full,80.1,True
P02325,Елена,Попова,F,18,11,Павлодарская область,Западный район,Школа №4,ru,single,48.9,False
P02326,Владислав,Лебедев,M,14,8,Павлодарская область,Южный район,Школа №1,ru,full,65.0,False
P02327,Михаил,Кузнецов,M,14,8,Алматинская область,Южный район,Школа №4,ru,full,38.6,False
P02328,Меруерт,Бекенов,F,16,10,Алматинская область,Западный район,Школа №5,kk,single,43.2,False
P02329,Иван,Морозов,M,17,11,Кызылординская область,Заречный район,Школа №2,ru,full,65.4,False
P02330,Ержан,Сериков,M,16,9,г. Алматы,Южный район,Школа №3,kk,full,67.7,True
P02331,Владислав,Соколов,M,16,10,Карагандинская область,Сельский район,Школа №4,ru,full,50.6,False
P02332,Никита,Попов,M,14,7,г. Алматы,Южный район,Школа №4,ru,full,53.9,False
P02333,Адильхан,Алиев,M,15,8,Восточно-Казахстанская область,Центральный район,Школа №1,kk,full,32.2,False
P02334,Алтынай,Бекенов,F,13,8,Карагандинская область,Сельский район,Школа №4,kk,single,43.6,False
P02335,Рамазан,Абилов,M,15,9,Карагандинская область,Центральный район,Школа №2,kk,full,68.4,True
P02336,Бекжан,Бекенов,M,16,11,Абайская область,Сельский район,Школа №3,kk,full,63.6,False
P02337,Аяна,Сериков,F,15,8,г. Алматы,Северный район,Школа №4,kk,single,56.5,False
P02338,Алина,Темирбеков,F,12,7,Атырауская область,Южный район,Школа №2,kk,full,55.7,False
P02339,Гульнара,Жумабеков,F,17,11,г. Шымкент,Западный район,Школа №1,kk,single,49.1,False
P02340,Малика,Абилов,F,14,8,Кызылординская область,Западный район,Школа №1,kk,full,45.1,False
P02341,Дамир,Нурланов,M,12,6,Алматинская область,Южный район,Школа №5,kk,single,59.5,False
P02342,Жаныбек,Кадыров,M,15,10,Павлодарская область,Южный район,Школа №4,kk,full,61.3,False
P02343,Кирилл,Кузнецов,M,16,10,Актюбинская область,Западный район,Школа №3,ru,single,56.4,False
P02344,Аяна,Касенов,F,16,10,Восточно-Казахстанская область,Восточный район,Школа №4,kk,single,41.1,False
P02345,Бауыржан,Тулегенов,M,13,7,Костанайская область,Центральный район,Школа №3,kk,single,16.7,False
P02346,Дария,Касенов,F,13,6,Западно-Казахстанская область,Западный район,Школа №2,kk,full,71.5,True
P02347,Бекжан,Бекенов,M,13,8,Актюбинская область,Южный район,Школа №3,kk,full,47.8,False
P02348,Балжан,Алиев,F,15,8,Кызылординская область,Центральный район,Школа №5,kk,full,42.1,False
P02349,Аружан,Маратов,F,13,7,Абайская область, Южный район ,Школа №3,kk,full,65.4,False
P02350,Бауыржан,Темирбеков,M,12,5,Улытауская область,Сельский район,Школа №1,kk,full,49.1,False
P02351,Тимур,Сериков,M,12,6,Костанайская область,Центральный район,Школа №3,kk,full,70.9,True
P02352,Адильхан,Абилов,M,10,4,г. Алматы,Центральный район,Школа №1,kk,full,64.3,False
P02353,Ерасыл,Абилов,M,12,6,Акмолинская область,Восточный район,Школа №1,kk,single,59.3,False
P02354,Алина,Кадыров,F,9,4,Западно-Казахстанская область,Северный район,Школа №2,kk,full,34.5,False
P02355,Санжар,Нурланов,M,16,11,Костанайская область,Заречный район,Школа №3,kk,full,73.2,True
P02356,Дария,Маратов,F,10,4,Алматинская область,Центральный район,Школа №2,kk,full,58.9,False
P02357,Ерасыл,Маратов,M,17,11,г. Астана,Западный район,Школа №1,kk,full,49.5,False
P02358,Михаил,Смирнов,M,10,4,Атырауская область,Северный район,Школа №3,ru,full,57.2,False
P02359,Аяна,Темирбеков,F,12,5,Кызылординская область,Восточный район,Школа №1,kk,single,22.4,False
P02360,Балжан,Жумабеков,F,11,5,г. Алматы,Южный район,Школа №5,kk,full,61.1,False
P02361,Алмат,Бекенов,M,13,7,Восточно-Казахстанская область,Северный район,Школа №3,kk,full,39.6,False
P02362,Аян,Тулегенов,M,15,9,Мангистауская область,Южный район,Школа №3,kk,single,28.7,False
P02363,Нурлан,Нурланов,M,17,10,Жамбылская область,Южный район,Школа №1,kk,single,26.2,False
P02364,Максим,Кузнецов,M,12,6,Западно-Казахстанская область,Заречный район,Школа №3,ru,single,65.7,False
P02365,Андрей,Попов,M,14,8,Восточно-Казахстанская область,Восточный район,Школа №4,ru,full,45.6,False
P02366,Жаныбек,Алиев,M,11,5,Кызылординская область,Сельский район,Школа №5,kk,full,78.0,True
P02367,Ержан,Бекенов,M,12,6,Жетысуская область,Восточный район,Школа №3,kk,single,41.0,False
P02368,Мария,Лебедева,F,15,9,Костанайская область,Заречный район,Школа №2,ru,full,29.4,False
P02369,Полина,Попова,F,15,8,Жетысуская область,Северный район,Школа №4,ru,full,38.3,False
P02370,Аян,Касенов,M,18,11,Северо-Казахстанская область,Сельский район,Школа №4,kk,single,67.5,True
P02371,Данияр,Нурланов,M,14,7,г. Алматы,Южный район,Школа №4,kk,full,52.7,False
P02372,Сауле,Алиев,F,16,9,Карагандинская область,Западный район,Школа №2,kk,single,40.8,False
P02373,Бекжан,Касенов,M,15,9,Улытауская область,Центральный район,Школа №5,kk,full,57.4,False
P02374,Бауыржан,Абилов,M,15,10,Атырауская область,Восточный район,Школа №2,kk,single,56.5,False
P02375,Рамазан,Тулегенов,M,17,10,Абайская область,Западный район,Школа №4,kk,full,71.8,True
P02376,Данияр,Нурланов,M,14,8,Жамбылская область,Западный район,Школа №4,kk,full,76.7,True
P02377,Дарья,Лебедева,F,17,11,Карагандинская область,Южный район,Школа №2,ru,full,49.6,False
P02378,Никита,Волков,M,12,7,Карагандинская область,Центральный район,Школа №5,ru,single,29.1,False
P02379,Жаныбек,Маратов,M,13,8,Карагандинская область,Западный район,Школа №5,kk,full,48.8,False
P02380,Динара,Бекенов,F,11,5,г. Шымкент,Центральный район,Школа №4,kk,single,52.9,False
P02381,Гульнара,Сатпаев,F,15,10,г. Шымкент,Южный район,Школа №1,kk,full,40.5,False
P02382,Владислав,Новиков,M,17,11,Павлодарская область,Сельский район,Школа №2,ru,full,40.6,False
P02383,Тимур,Тулегенов,M,17,11,Западно-Казахстанская область,Центральный район,Школа №1,kk,full,60.2,False
P02384,Михаил,Петров,M,16,9,Алматинская область, Восточный район ,Школа №3,ru,full,54.3,False
P02385,Данияр,Касенов,M,16,10,Восточно-Казахстанская область,Центральный район,Школа №5,kk,single,49.5,False
P02386,Сауле,Темирбеков,F,12,7,Актюбинская область,Западный район,Школа №2,kk,single,37.6,False
P02387,Динара,Жумабеков,F,12,6,г. Алматы,Южный район,Школа №1,kk,full,51.5,False
P02388,Алмат,Абилов,M,13,8,г. Астана,Центральный район,Школа №5,kk,full,41.1,False
P02389,Анна,Новикова,F,15,9,Алматинская область,Северный район,Школа №1,ru,single,62.4,False
P02390,Елена,Новикова,F,14,9,Абайская область,Северный район,Школа №5,ru,full,70.5,True
P02391,Максим,Соколов,M,17,10,Костанайская область,Северный район,Школа №1,ru,full,27.3,False
P02392,Иван,Новиков,M,15,9,Мангистауская область,Южный район,Школа №2,ru,full,41.1,False
P02393,Наргиз,Жумабеков,F,12,5,г. Шымкент,Центральный район,Школа №4,kk,single,26.6,False
P02394,Алмат,Кадыров,M,11,5,Карагандинская область,Центральный район,Школа №2,kk,full,45.2,False
P02395,Нурлан,Касенов,M,13,7,Восточно-Казахстанская область,Восточный район,Школа №5,kk,full,53.7,False
P02396,Наргиз,Маратов,F,12,7,Карагандинская область, Центральный район ,Школа №3,kk,single,27.3,False
P02397,Шынгыс,Жумабеков,M,15,8,Улытауская область,Западный район,Школа №3,kk,full,41.2,False
P02398,Екатерина,Иванова,F,14,8,Абайская область,Южный район,Школа №3,ru,single,33.9,False
P02399,Жансая,Тулегенов,F,13,8,Карагандинская область,Северный район,Школа №2,kk,full,58.1,False
P02400,Ержан,Нурланов,M,13,8,Кызылординская область,Центральный район,Школа №1,kk,full,56.0,False
P02401,Елена,Петрова,F,15,9,Жетысуская область,Центральный район,Школа №4,ru,single,38.2,False
P02402,Михаил,Новиков,M,15,8,Алматинская область, Центральный район ,Школа №4,ru,full,57.7,False
P02403,Андрей,Новиков,M,14,8,Атырауская область,Западный район,Школа №4,ru,full,46.8,False
P02404,Аян,Алиев,M,12,6,Жетысуская область,Северный район,Школа №2,kk,full,50.9,False
P02405,Аружан,Тулегенов,F,14,9,Жамбылская область,Южный район,Школа №5,kk,full,80.1,True
P02406,Михаил,Соколов,M,13,8,Северо-Казахстанская область,Западный район,Школа №2,ru,single,69.1,True
P02407,Айгерим,Кадыров,F,17,11,Жамбылская область,Южный район,Школа №4,kk,single,29.5,False
P02408,Айгерим,Нурланов,F,18,11,Карагандинская область,Центральный район,Школа №3,kk,single,61.4,False
P02409,Гульнара,Темирбеков,F,10,4,Атырауская область, Западный район ,Школа №1,kk,full,67.2,True
P02410,Иван,Кузнецов,M,17,10,Карагандинская область,Центральный район,Школа №2,ru,single,31.8,False
P02411,Дмитрий,Новиков,M,16,10,г. Алматы,Восточный район,Школа №3,ru,full,67.3,True
P02412,Темирлан,Сатпаев,M,15,8,Жетысуская область,Центральный район,Школа №3,kk,full,78.1,True
P02413,Екатерина,Новикова,F,12,5,г. Алматы,Западный район,Школа №2,ru,single,32.2,False
P02414,Гульнара,Маратов,F,17,10,Мангистауская область,Западный район,Школа №3,kk,full,41.2,False
P02415,Ержан,Сатпаев,M,15,9,г. Астана,Южный район,Школа №1,kk,full,70.3,True
P02416,Малика,Сатпаев,F,14,8,Павлодарская область,Западный район,Школа №3,kk,full,59.1,False
P02417,Камила,Сериков,F,13,7,Акмолинская область,Восточный район,Школа №4,kk,single,57.3,False
P02418,Андрей,Лебедев,M,17,11,Костанайская область,Северный район,Школа №1,ru,full,60.1,False
P02419,Темирлан,Темирбеков,M,15,9,Атырауская область,Южный район,Школа №1,kk,full,60.9,False
P02420,Шынгыс,Нурланов,M,16,10,Карагандинская область,Южный район,Школа №4,kk,full,35.1,False
P02421,Дария,Касенов,F,12,6,Восточно-Казахстанская область,Северный район,Школа №3,kk,full,70.7,True
P02422,Меруерт,Маратов,F,13,7,Атырауская область,Южный район,Школа №3,kk,full,72.5,True
P02423,Олжас,Жумабеков,M,15,9,г. Астана,Центральный район,Школа №4,kk,full,51.6,False
P02424,Айдар,Бекенов,M,17,10,Жамбылская область,Северный район,Школа №5,kk,full,54.3,False
P02425,Алихан,Кадыров,M,12,6,г. Алматы,Сельский район,Школа №4,kk,full,32.0,False
P02426,Камила,Алиев,F,11,5,г. Шымкент,Западный район,Школа №2,kk,single,56.7,False
P02427,Анастасия,Соколова,F,17,11,Актюбинская область,Восточный район,Школа №2,ru,full,63.6,False
P02428,Мария,Волкова,F,14,8,Жамбылская область,Восточный район,Школа №1,ru,single,48.1,False
P02429,Анна,Кузнецова,F,15,9,г. Астана,Северный район,Школа №3,ru,full,71.9,True
P02430,Тимур,Темирбеков,M,13,6,Алматинская область,Западный район,Школа №2,kk,full,50.0,False
P02431,Айдана,Темирбеков,F,15,9,Акмолинская область, Заречный район ,Школа №5,kk,full,63.5,False
P02432,Кирилл,Соколов,M,15,8,Туркестанская область,Центральный район,Школа №3,ru,full,39.7,False
P02433,Эльмира,Алиев,F,16,10,Жетысуская область,Центральный район,Школа №3,kk,full,54.6,False
P02434,Максим,Новиков,M,14,8,г. Алматы,Сельский район,Школа №3,ru,single,46.4,False
P02435,Алтынай,Сатпаев,F,15,10,Карагандинская область,Сельский район,Школа №5,kk,single,52.4,False
P02436,Мария,Лебедева,F,15,9,Павлодарская область,Южный район,Школа №2,ru,full,49.5,False
P02437,Темирлан,Сериков,M,16,9,Костанайская область,Восточный район,Школа №4,kk,full,53.0,False
P02438,Алмат,Нурланов,M,10,4,Туркестанская область,Заречный район,Школа №4,kk,full,67.4,True
P02439,Арман,Бекенов,M,12,6,Туркестанская область,Центральный район,Школа №5,kk,full,48.4,False
P02440,Полина,Попова,F,11,5,Павлодарская область,Северный район,Школа №1,ru,full,30.9,False
P02441,Бекжан,Абилов,M,17,10,Костанайская область,Сельский район,Школа №5,kk,single,75.2,True
P02442,Алихан,Бекенов,M,16,9,Атырауская область,Южный район,Школа №5,kk,single,69.7,True
P02443,Рамазан,Тулегенов,M,12,6,Западно-Казахстанская область,Центральный район,Школа №5,kk,full,35.6,False
P02444,Ксения,Кузнецова,F,15,10,Улытауская область,Северный район,Школа №1,ru,single,59.3,False
P02445,Малика,Нурланов,F,17,11,Карагандинская область,Северный район,Школа №2,kk,full,47.5,False
P02446,Дамир,Кадыров,M,14,8,Кызылординская область,Северный район,Школа №2,kk,full,59.0,False
P02447,Никита,Новиков,M,13,7,Павлодарская область,Южный район,Школа №5,ru,full,59.4,False
P02448,Дмитрий,Попов,M,13,7,Алматинская область,Центральный район,Школа №2,ru,full,51.5,False
P02449,Камила,Тулегенов,F,17,11,Костанайская область,Сельский район,Школа №1,kk,single,37.2,False
P02450,Дарья,Волкова,F,16,9,Жетысуская область,Заречный район,Школа №1,ru,single,38.6,False
P02451,Артём,Петров,M,17,11,Атырауская область,Западный район,Школа №4,ru,single,35.3,False
P02452,Дмитрий,Новиков,M,13,7,Северо-Казахстанская область,Западный район,Школа №1,ru,single,36.5,False
P02453,Аружан,Кадыров,F,14,8,Алматинская область,Сельский район,Школа №1,kk,full,54.0,False
P02454,Дария,Абилов,F,16,10,г. Алматы,Заречный район,Школа №2,kk,full,44.3,False
P02455,Айдана,Сатпаев,F,14,8,Западно-Казахстанская область,Южный район,Школа №4,kk,full,65.2,False
P02456,Арман,Тулегенов,M,17,11,Павлодарская область, Северный район ,Школа №1,kk,full,77.3,True
P02457,Сабина,Жумабеков,F,17,10,Улытауская область,Южный район,Школа №3,kk,full,46.3,False
P02458,Меруерт,Касенов,F,13,6,г. Астана, Восточный район ,Школа №5,kk,full,58.6,False
P02459,Анна,Кузнецова,F,15,9,Мангистауская область,Центральный район,Школа №3,ru,single,56.5,False
P02460,Айгерим,Тулегенов,F,11,5,Кызылординская область,Восточный район,Школа №1,kk,full,62.1,False
P02461,Анна,Волкова,F,11,5,Жамбылская область,Южный район,Школа №1,ru,full,56.1,False
P02462,Санжар,Маратов,M,18,11,Акмолинская область,Западный район,Школа №2,kk,full,66.1,True
P02463,Елена,Соколова,F,13,7,Актюбинская область,Центральный район,Школа №3,ru,full,62.2,False
P02464,Балжан,Кадыров,F,13,7,Жамбылская область,Западный район,Школа №1,kk,full,36.4,False
P02465,Айдар,Бекенов,M,18,11,Акмолинская область,Западный район,Школа №1,kk,single,62.0,False
P02466,Рамазан,Абилов,M,10,4,г. Алматы,Южный район,Школа №5,kk,single,62.3,False
P02467,Эльмира,Тулегенов,F,16,10,г. Алматы,Заречный район,Школа №4,kk,full,43.6,False
P02468,Кирилл,Морозов,M,14,8,Павлодарская область,Центральный район,Школа №5,ru,full,55.6,False
P02469,Екатерина,Кузнецова,F,15,10,Восточно-Казахстанская область,Восточный район,Школа №1,ru,full,65.2,False
P02470,Балжан,Жумабеков,F,13,7,Кызылординская область,Заречный район,Школа №5,kk,full,51.9,False
P02471,Ержан,Бекенов,M,12,6,Жетысуская область,Западный район,Школа №5,kk,full,71.1,True
P02472,Наргиз,Кадыров,F,15,9,г. Алматы,Центральный район,Школа №3,kk,single,84.5,True
P02473,Бауыржан,Темирбеков,M,13,7,Жамбылская область,Центральный район,Школа №5,kk,single,37.2,False
P02474,Жаныбек,Нурланов,M,12,7,г. Астана,Западный район,Школа №2,kk,full,34.3,False
P02475,Дарья,Попова,F,14,8,Атырауская область,Сельский район,Школа №3,ru,full,59.6,False
P02476,Анастасия,Морозова,F,15,9,г. Астана,Восточный район,Школа №1,ru,full,65.8,False
P02477,Наргиз,Абилов,F,12,5,Туркестанская область,Восточный район,Школа №1,kk,full,51.5,False
P02478,Максим,Морозов,M,11,5,Мангистауская область, Северный район ,Школа №5,ru,single,70.8,True
P02479,Арман,Маратов,M,13,8,Западно-Казахстанская область,Северный район,Школа №3,kk,full,34.9,False
P02480,Ольга,Новикова,F,18,11,Алматинская область,Сельский район,Школа №4,ru,full,65.4,False
P02481,Шынгыс,Нурланов,M,13,8,Кызылординская область,Сельский район,Школа №4,kk,full,45.9,False
P02482,Гульнара,Бекенов,F,15,9,Карагандинская область,Сельский район,Школа №1,kk,full,80.8,True
P02483,Дарья,Лебедева,F,12,6,Кызылординская область,Северный район,Школа №5,ru,full,84.9,True
P02484,Дамир,Бекенов,M,14,8,г. Шымкент, Заречный район ,Школа №1,kk,full,43.5,False
P02485,Алмат,Кадыров,M,11,5,Туркестанская область,Сельский район,Школа №1,kk,full,46.8,False
P02486,Камила,Маратов,F,10,4,Атырауская область, Восточный район ,Школа №5,kk,full,67.9,True
P02487,Дана,Абилов,F,17,11,Костанайская область,Западный район,Школа №5,kk,full,49.2,False
P02488,Бауыржан,Кадыров,M,13,7,Туркестанская область,Центральный район,Школа №1,kk,full,54.3,False
P02489,Бекжан,Маратов,M,16,10,Улытауская область,Восточный район,Школа №4,kk,single,49.4,False
P02490,Рамазан,Маратов,M,15,8,Атырауская область,Сельский район,Школа №4,kk,full,26.2,False
P02491,Тимур,Алиев,M,9,4,Туркестанская область,Заречный район,Школа №1,kk,full,54.8,False
P02492,Анастасия,Морозова,F,15,9,Мангистауская область,Заречный район,Школа №3,ru,single,38.7,False
P02493,Темирлан,Кадыров,M,17,11,Западно-Казахстанская область,Северный район,Школа №4,kk,single,41.6,False
P02494,Бауыржан,Бекенов,M,14,8,Костанайская область,Восточный район,Школа №2,kk,single,70.7,True
P02495,Айдар,Сатпаев,M,14,7,Акмолинская область,Западный район,Школа №5,kk,full,36.2,False
P02496,Данияр,Тулегенов,M,13,7,Акмолинская область,Северный район,Школа №2,kk,full,67.2,True
P02497,Дарья,Волкова,F,17,11,Акмолинская область,Западный район,Школа №1,ru,full,50.8,False
P02498,Нурлан,Нурланов,M,14,9,Восточно-Казахстанская область,Западный район,Школа №1,kk,full,50.8,False
P02499,Санжар,Сериков,M,13,7,Кызылординская область,Сельский район,Школа №5,kk,single,60.9,False
P02500,Анастасия,Попова,F,10,4,Жетысуская область,Центральный район,Школа №1,ru,full,60.1,False
P02501,Екатерина,Иванова,F,16,9,г. Шымкент,Восточный район,Школа №2,ru,full,63.6,False
P02502,Томирис,Сериков,F,13,7,Карагандинская область,Северный район,Школа №5,kk,single,63.5,False
P02503,Алмат,Нурланов,M,15,9,Туркестанская область,Восточный район,Школа №1,kk,full,50.0,False
P02504,Полина,Кузнецова,F,17,11,Павлодарская область,Северный район,Школа №5,ru,full,45.8,False
P02505,Аяна,Абилов,F,14,8,Мангистауская область,Северный район,Школа №2,kk,full,38.7,False
P02506,Томирис,Маратов,F,17,11,Жамбылская область,Восточный район,Школа №1,kk,full,42.6,False
P02507,Сауле,Сатпаев,F,13,7,Абайская область,Восточный район,Школа №5,kk,full,99.2,True
P02508,Шынгыс,Абилов,M,17,11,Туркестанская область,Восточный район,Школа №3,kk,full,73.7,True
P02509,Михаил,Попов,M,17,11,г. Алматы,Центральный район,Школа №1,ru,full,34.7,False
P02510,Кирилл,Попов,M,11,5,Туркестанская область,Западный район,Школа №5,ru,full,35.2,False
P02511,Камила,Кадыров,F,15,9,Актюбинская область,Западный район,Школа №1,kk,full,62.2,False
P02512,Иван,Иванов,M,13,7,Абайская область,Заречный район,Школа №3,ru,full,63.2,False
P02513,Максим,Попов,M,17,10,Северо-Казахстанская область,Центральный район,Школа №1,ru,full,63.2,False
P02514,Артём,Попов,M,15,10,Абайская область,Центральный район,Школа №4,ru,full,51.2,False
P02515,Александр,Лебедев,M,12,6,г. Шымкент,Южный район,Школа №2,ru,full,53.1,False
P02516,Темирлан,Темирбеков,M,16,10,Мангистауская область,Северный район,Школа №1,kk,full,59.9,False
P02517,Дамир,Алиев,M,14,7,Мангистауская область,Заречный район,Школа №2,kk,full,56.3,False
P02518,Дмитрий,Иванов,M,16,10,Костанайская область,Восточный район,Школа №1,ru,full,21.7,False
P02519,Ксения,Лебедева,F,15,9,Туркестанская область,Южный район,Школа №4,ru,single,45.6,False
P02520,Ержан,Бекенов,M,14,8,Западно-Казахстанская область,Южный район,Школа №3,kk,single,36.2,False
P02521,Мария,Попова,F,15,9,Улытауская область,Северный район,Школа №3,ru,full,57.6,False
P02522,Ксения,Морозова,F,16,10,Павлодарская область,Заречный район,Школа №4,ru,full,99.8,True
P02523,Ерасыл,Бекенов,M,15,8,Атырауская область,Центральный район,Школа №4,kk,full,60.5,False
P02524,Елена,Кузнецова,F,17,10,Восточно-Казахстанская область,Сельский район,Школа №4,ru,full,50.3,False
P02525,Дария,Бекенов,F,9,4,Павлодарская область,Западный район,Школа №5,kk,single,62.8,False
P02526,Айдана,Кадыров,F,14,8,Акмолинская область,Западный район,Школа №3,kk,single,56.2,False
P02527,Дамир,Алиев,M,16,10,г. Шымкент,Сельский район,Школа №1,kk,full,61.3,False
P02528,София,Попова,F,14,9,Западно-Казахстанская область,Заречный район,Школа №3,ru,full,64.1,False
P02529,Аружан,Кадыров,F,14,9,г. Алматы,Южный район,Школа №1,kk,full,85.8,True
P02530,Михаил,Петров,M,12,6,Карагандинская область,Северный район,Школа №1,ru,full,38.0,False
P02531,Екатерина,Кузнецова,F,11,6,Туркестанская область,Западный район,Школа №3,ru,full,62.1,False
P02532,Адильхан,Жумабеков,M,16,10,Восточно-Казахстанская область,Восточный район,Школа №4,kk,full,41.1,False
P02533,Аяна,Касенов,F,14,8,Кызылординская область,Центральный район,Школа №5,kk,full,63.3,False
P02534,Ксения,Соколова,F,18,11,Костанайская область,Центральный район,Школа №4,ru,single,35.2,False
P02535,Динара,Сериков,F,13,7,Актюбинская область,Восточный район,Школа №3,kk,full,48.7,False
P02536,Анастасия,Лебедева,F,14,8,Атырауская область,Восточный район,Школа №1,ru,full,50.6,False
P02537,Арман,Сериков,M,16,10,Костанайская область,Сельский район,Школа №4,kk,single,63.6,False
P02538,Нурлан,Темирбеков,M,17,11,Улытауская область,Южный район,Школа №5,kk,full,68.8,True
P02539,Айдар,Нурланов,M,13,7,г. Астана,Северный район,Школа №4,kk,single,30.3,False
P02540,Мария,Новикова,F,17,10,Акмолинская область,Южный район,Школа №3,ru,full,55.8,False
P02541,Малика,Абилов,F,17,11,Жетысуская область,Заречный район,Школа №2,kk,full,44.4,False
P02542,Михаил,Морозов,M,15,9,Акмолинская область,Южный район,Школа №1,ru,full,36.1,False
P02543,Кирилл,Соколов,M,15,9,Кызылординская область,Центральный район,Школа №2,ru,full,51.7,False
P02544,Ержан,Абилов,M,11,5,Мангистауская область,Восточный район,Школа №5,kk,full,50.4,False
P02545,Дамир,Бекенов,M,15,9,Актюбинская область,Западный район,Школа №2,kk,full,91.4,True
P02546,Алина,Темирбеков,F,13,8,Восточно-Казахстанская область,Заречный район,Школа №4,kk,full,61.5,False
P02547,Андрей,Новиков,M,16,10,г. Шымкент,Северный район,Школа №3,ru,full,34.3,False
P02548,Нурлан,Алиев,M,15,8,г. Шымкент,Центральный район,Школа №5,kk,full,46.5,False
P02549,Жаныбек,Сатпаев,M,15,9,Актюбинская область,Сельский район,Школа №2,kk,single,64.3,False
P02550,Арман,Сатпаев,M,14,8,Улытауская область,Заречный район,Школа №1,kk,full,86.3,True
P02551,Алина,Кадыров,F,11,5,Жамбылская область,Центральный район,Школа №3,kk,full,31.2,False
P02552,Сабина,Бекенов,F,17,11,г. Алматы,Восточный район,Школа №1,kk,full,26.8,False
P02553,Динара,Тулегенов,F,12,7,Мангистауская область,Восточный район,Школа №1,kk,full,83.1,True
P02554,Екатерина,Соколова,F,12,7,Павлодарская область,Заречный район,Школа №3,ru,full,60.8,False
P02555,Малика,Тулегенов,F,16,10,Улытауская область,Центральный район,Школа №2,kk,full,42.0,False
P02556,Иван,Петров,M,11,5,Жетысуская область,Северный район,Школа №1,ru,full,63.0,False
P02557,Темирлан,Алиев,M,16,10,Кызылординская область,Сельский район,Школа №1,kk,full,15.5,False
P02558,Кирилл,Морозов,M,11,6,Алматинская область,Заречный район,Школа №4,ru,full,55.1,False
P02559,Анна,Новикова,F,15,8,Жетысуская область,Заречный район,Школа №1,ru,full,59.9,False
P02560,Рамазан,Алиев,M,10,5,Акмолинская область, Центральный район ,Школа №2,kk,single,62.9,False
P02561,Ольга,Петрова,F,16,11,Павлодарская область,Северный район,Школа №3,ru,single,33.8,False
P02562,Ксения,Петрова,F,13,8,Восточно-Казахстанская область,Северный район,Школа №5,ru,single,50.3,False
P02563,Дана,Касенов,F,14,8,Карагандинская область,Южный район,Школа №3,kk,full,41.1,False
P02564,Алмат,Сатпаев,M,13,7,Восточно-Казахстанская область,Восточный район,Школа №1,kk,single,52.8,False
P02565,Полина,Морозова,F,13,7,Павлодарская область,Сельский район,Школа №4,ru,full,41.6,False
P02566,Жаныбек,Абилов,M,14,8,г. Алматы,Северный район,Школа №3,kk,full,48.9,False
P02567,Михаил,Новиков,M,16,10,Карагандинская область,Сельский район,Школа №2,ru,full,40.1,False
P02568,Елена,Лебедева,F,17,11,Актюбинская область,Южный район,Школа №4,ru,full,64.8,False
P02569,Данияр,Касенов,M,16,10,Алматинская область,Центральный район,Школа №4,kk,full,67.9,True
P02570,Дария,Тулегенов,F,16,10,Жетысуская область,Центральный район,Школа №5,kk,single,45.5,False
P02571,Дамир,Нурланов,M,15,8,Костанайская область,Восточный район,Школа №5,kk,single,49.6,False
P02572,Сауле,Тулегенов,F,13,6,Жетысуская область, Центральный район ,Школа №5,kk,single,27.3,False
P02573,Андрей,Попов,M,17,10,г. Астана,Северный район,Школа №2,ru,full,50.5,False
P02574,Айдана,Нурланов,F,10,4,Костанайская область,Западный район,Школа №1,kk,full,54.2,False
P02575,София,Петрова,F,15,9,Актюбинская область,Западный район,Школа №2,ru,full,94.3,True
P02576,Сауле,Сериков,F,15,9,Северо-Казахстанская область,Заречный район,Школа №4,kk,full,38.3,False
P02577,Санжар,Касенов,M,15,9,Западно-Казахстанская область,Сельский район,Школа №3,kk,full,77.0,True
P02578,Арман,Сериков,M,16,10,Туркестанская область,Центральный район,Школа №5,kk,single,64.0,False
P02579,Михаил,Волков,M,14,8,г. Алматы,Заречный район,Школа №1,ru,full,59.2,False
P02580,Ксения,Лебедева,F,16,10,Жетысуская область,Центральный район,Школа №2,ru,full,81.4,True
P02581,Жансая,Абилов,F,12,5,Восточно-Казахстанская область,Заречный район,Школа №4,kk,full,60.6,False
P02582,Темирлан,Тулегенов,M,16,9,Актюбинская область,Центральный район,Школа №2,kk,full,60.8,False
P02583,Сабина,Алиев,F,14,8,Акмолинская область,Центральный район,Школа №1,kk,single,48.2,False
P02584,Артём,Петров,M,13,8,Мангистауская область,Северный район,Школа №2,ru,single,67.4,True
P02585,Санжар,Кадыров,M,14,7,Западно-Казахстанская область,Западный район,Школа №1,kk,single,65.4,False
P02586,Никита,Попов,M,15,9,Карагандинская область,Южный район,Школа №3,ru,full,45.6,False
P02587,Екатерина,Волкова,F,12,6,г. Астана,Западный район,Школа №1,ru,single,29.2,False
P02588,Арман,Кадыров,M,12,5,Костанайская область,Центральный район,Школа №3,kk,single,46.0,False
P02589,Алихан,Касенов,M,16,11,Западно-Казахстанская область,Сельский район,Школа №4,kk,single,37.0,False
P02590,Мария,Иванова,F,15,9,Алматинская область,Заречный район,Школа №2,ru,full,54.0,False
P02591,Темирлан,Жумабеков,M,11,6,Костанайская область,Северный район,Школа №4,kk,full,73.6,True
P02592,Максим,Волков,M,17,10,Мангистауская область,Западный район,Школа №3,ru,full,48.1,False
P02593,Елена,Попова,F,16,11,г. Астана,Западный район,Школа №3,ru,full,54.4,False
P02594,Аяна,Маратов,F,12,7,Алматинская область,Восточный район,Школа №2,kk,full,55.9,False
P02595,Балжан,Бекенов,F,14,8,г. Шымкент,Восточный район,Школа №4,kk,full,67.7,True
P02596,Дмитрий,Иванов,M,15,9,Восточно-Казахстанская область,Южный район,Школа №2,ru,full,21.3,False
P02597,Екатерина,Иванова,F,16,10,Павлодарская область,Заречный район,Школа №2,ru,full,45.9,False
P02598,Сауле,Сериков,F,17,10,Карагандинская область,Южный район,Школа №3,kk,single,52.2,False
P02599,Александр,Смирнов,M,11,4,Западно-Казахстанская область,Северный район,Школа №3,ru,full,73.0,True
P02600,Андрей,Петров,M,14,8,Улытауская область,Восточный район,Школа №3,ru,full,47.6,False
P02601,Дария,Абилов,F,16,10,Кызылординская область,Северный район,Школа №5,kk,full,26.9,False
P02602,Артём,Соколов,M,11,5,Костанайская область,Центральный район,Школа №5,ru,full,64.3,False
P02603,Андрей,Иванов,M,14,7,Жамбылская область,Южный район,Школа №5,ru,full,45.5,False
P02604,Аян,Бекенов,M,15,9,Туркестанская область,Восточный район,Школа №4,kk,full,37.2,False
P02605,Гульнара,Бекенов,F,10,5,г. Алматы,Восточный район,Школа №3,kk,full,45.6,False
P02606,София,Иванова,F,11,5,г. Шымкент,Сельский район,Школа №3,ru,full,52.2,False
P02607,Михаил,Кузнецов,M,16,9,Западно-Казахстанская область,Восточный район,Школа №3,ru,full,45.9,False
P02608,Наргиз,Кадыров,F,17,11,Алматинская область,Заречный район,Школа №4,kk,single,15.9,False
P02609,Ксения,Соколова,F,13,6,Восточно-Казахстанская область,Южный район,Школа №5,ru,single,62.5,False
P02610,Меруерт,Жумабеков,F,15,9,Жамбылская область,Южный район,Школа №1,kk,full,74.1,True
P02611,Сабина,Сатпаев,F,15,10,Кызылординская область,Западный район,Школа №4,kk,full,64.8,False
P02612,Кирилл,Соколов,M,16,10,Костанайская область,Северный район,Школа №1,ru,full,37.9,False
P02613,Темирлан,Тулегенов,M,16,10,Жамбылская область,Центральный район,Школа №5,kk,full,52.0,False
P02614,Екатерина,Соколова,F,16,9,Карагандинская область,Заречный район,Школа №4,ru,single,48.9,False
P02615,Шынгыс,Сатпаев,M,13,8,Западно-Казахстанская область, Восточный район ,Школа №1,kk,single,58.0,False
P02616,Айдана,Сериков,F,11,5,Западно-Казахстанская область,Западный район,Школа №1,kk,single,59.0,False
P02617,Максим,Петров,M,14,8,Костанайская область,Восточный район,Школа №3,ru,full,44.0,False
P02618,Санжар,Нурланов,M,15,9,Абайская область,Заречный район,Школа №4,kk,full,56.2,False
P02619,Дария,Маратов,F,15,9,Жамбылская область,Южный район,Школа №4,kk,full,61.9,False
P02620,Ксения,Иванова,F,16,10,Костанайская область,Сельский район,Школа №5,ru,full,76.8,True
P02621,Дамир,Алиев,M,15,9,г. Алматы,Восточный район,Школа №5,kk,single,59.6,False
P02622,Артём,Попов,M,15,9,Акмолинская область,Сельский район,Школа №2,ru,full,66.8,True
P02623,Данияр,Тулегенов,M,15,9,Актюбинская область,Заречный район,Школа №2,kk,full,56.3,False
P02624,Сауле,Темирбеков,F,11,6,Мангистауская область,Северный район,Школа №3,kk,full,76.2,True
P02625,Максим,Морозов,M,18,11,г. Астана,Восточный район,Школа №1,ru,full,61.1,False
P02626,Санжар,Кадыров,M,15,8,Атырауская область,Сельский район,Школа №4,kk,full,42.1,False
P02627,Кирилл,Попов,M,16,10,Павлодарская область,Северный район,Школа №2,ru,full,76.1,True
P02628,Эльмира,Жумабеков,F,16,10,Мангистауская область,Западный район,Школа №4,kk,full,65.5,False
P02629,Дарья,Кузнецова,F,10,5,Жетысуская область,Южный район,Школа №4,ru,full,48.4,False
P02630,Олжас,Жумабеков,M,17,11,Западно-Казахстанская область,Сельский район,Школа №4,kk,full,47.8,False
P02631,Камила,Абилов,F,16,9,г. Алматы,Южный район,Школа №5,kk,single,53.4,False
P02632,Елена,Новикова,F,15,9,Кызылординская область,Западный район,Школа №3,ru,single,55.9,False
P02633,Жансая,Бекенов,F,16,11,Северо-Казахстанская область,Заречный район,Школа №3,kk,single,52.0,False
P02634,Меруерт,Нурланов,F,16,11,г. Алматы,Восточный район,Школа №3,kk,single,53.7,False
P02635,Алина,Жумабеков,F,11,5,г. Шымкент,Восточный район,Школа №3,kk,single,74.5,True
P02636,Екатерина,Иванова,F,14,9,г. Шымкент,Западный район,Школа №1,ru,full,71.1,True
P02637,Нурлан,Кадыров,M,13,7,Мангистауская область,Южный район,Школа №2,kk,single,51.9,False
P02638,Ерасыл,Касенов,M,17,11,Павлодарская область,Южный район,Школа №2,kk,single,63.1,False
P02639,Адильхан,Темирбеков,M,15,10,Западно-Казахстанская область, Восточный район ,Школа №5,kk,full,39.5,False
P02640,Ержан,Нурланов,M,16,9,Актюбинская область,Центральный район,Школа №5,kk,single,55.0,False
P02641,Анна,Морозова,F,12,6,Алматинская область,Заречный район,Школа №5,ru,single,76.1,True
P02642,Данияр,Маратов,M,15,9,Карагандинская область,Восточный район,Школа №1,kk,full,51.7,False
P02643,Меруерт,Маратов,F,15,9,г. Астана,Восточный район,Школа №4,kk,single,36.3,False
P02644,Арман,Кадыров,M,15,8,Мангистауская область,Южный район,Школа №5,kk,full,45.2,False
P02645,Владислав,Кузнецов,M,14,8,Абайская область,Заречный район,Школа №2,ru,single,32.7,False
P02646,Владислав,Волков,M,10,5,г. Алматы,Восточный район,Школа №2,ru,full,43.2,False
P02647,Жаныбек,Нурланов,M,17,11,Акмолинская область,Южный район,Школа №4,kk,full,49.4,False
P02648,Сабина,Кадыров,F,15,10,Восточно-Казахстанская область,Южный район,Школа №3,kk,full,33.9,False
P02649,Айгерим,Маратов,F,14,8,Восточно-Казахстанская область,Заречный район,Школа №5,kk,single,49.2,False
P02650,Малика,Нурланов,F,13,7,Карагандинская область,Сельский район,Школа №4,kk,full,68.5,True
P02651,Санжар,Касенов,M,14,8,Жамбылская область,Центральный район,Школа №5,kk,single,35.4,False
P02652,Полина,Петрова,F,16,10,Кызылординская область,Северный район,Школа №5,ru,full,77.8,True
P02653,Эльмира,Кадыров,F,17,10,Костанайская область,Западный район,Школа №1,kk,full,62.7,False
P02654,Анна,Смирнова,F,15,10,г. Алматы,Восточный район,Школа №5,ru,full,70.5,True
P02655,Бауыржан,Тулегенов,M,14,7,Жамбылская область,Сельский район,Школа №2,kk,full,45.1,False
P02656,Анастасия,Кузнецова,F,12,6,г. Алматы,Центральный район,Школа №4,ru,single,61.8,False
P02657,Аяна,Сериков,F,16,11,г. Шымкент,Южный район,Школа №2,kk,single,32.6,False
P02658,Алина,Тулегенов,F,12,7,Костанайская область,Северный район,Школа №2,kk,full,68.4,True
P02659,Алихан,Кадыров,M,17,11,Кызылординская область,Южный район,Школа №1,kk,full,57.6,False
P02660,Дмитрий,Иванов,M,18,11,Северо-Казахстанская область,Восточный район,Школа №1,ru,single,57.3,False
P02661,Сауле,Жумабеков,F,13,7,Костанайская область,Южный район,Школа №4,kk,full,37.4,False
P02662,Сауле,Маратов,F,15,8,Восточно-Казахстанская область,Западный район,Школа №2,kk,single,35.6,False
P02663,Айдана,Нурланов,F,16,11,Карагандинская область,Заречный район,Школа №5,kk,full,64.0,False
P02664,Мария,Лебедева,F,15,9,г. Шымкент, Центральный район ,Школа №5,ru,full,40.8,False
P02665,Кирилл,Морозов,M,11,6,Атырауская область,Восточный район,Школа №2,ru,full,61.9,False
P02666,Мария,Смирнова,F,16,11,Мангистауская область,Сельский район,Школа №4,ru,full,34.5,False
P02667,Алина,Маратов,F,12,6,Абайская область,Центральный район,Школа №2,kk,full,67.7,True
P02668,Меруерт,Темирбеков,F,17,11,Жамбылская область,Северный район,Школа №1,kk,single,30.5,False
P02669,Рамазан,Маратов,M,13,8,Атырауская область,Южный район,Школа №5,kk,full,63.3,False
P02670,Аян,Маратов,M,16,11,Акмолинская область,Южный район,Школа №5,kk,single,58.4,False
P02671,Санжар,Нурланов,M,15,9,Абайская область,Сельский район,Школа №3,kk,single,38.5,False
P02672,Малика,Кадыров,F,17,10,Карагандинская область,Восточный район,Школа №4,kk,single,57.7,False
P02673,Дамир,Сериков,M,14,8,Улытауская область,Заречный район,Школа №3,kk,full,58.9,False
P02674,Ержан,Нурланов,M,16,9,Атырауская область,Северный район,Школа №4,kk,full,46.9,False
P02675,Эльмира,Сатпаев,F,14,8,Жетысуская область,Центральный район,Школа №1,kk,single,33.9,False
P02676,Алихан,Сериков,M,15,8,Жамбылская область,Западный район,Школа №3,kk,full,25.6,False
P02677,Анна,Волкова,F,11,6,г. Шымкент,Центральный район,Школа №1,ru,single,54.2,False
P02678,Полина,Волкова,F,18,11,Костанайская область,Заречный район,Школа №2,ru,full,31.5,False
P02679,Андрей,Соколов,M,17,11,Северо-Казахстанская область,Сельский район,Школа №1,ru,full,56.4,False
P02680,Ержан,Сериков,M,16,10,Павлодарская область,Восточный район,Школа №1,kk,single,45.0,False
P02681,Максим,Иванов,M,15,8,г. Алматы,Южный район,Школа №5,ru,single,59.2,False
P02682,Кирилл,Смирнов,M,15,9,г. Астана,Северный район,Школа №5,ru,full,50.5,False
P02683,Адильхан,Сериков,M,12,6,Улытауская область,Северный район,Школа №3,kk,single,44.1,False
P02684,Дария,Касенов,F,16,9,Павлодарская область,Восточный район,Школа №4,kk,single,60.0,False
P02685,Владислав,Новиков,M,16,10,Западно-Казахстанская область,Заречный район,Школа №3,ru,full,60.0,False
P02686,Бауыржан,Сериков,M,15,9,Туркестанская область,Южный район,Школа №3,kk,single,53.7,False
P02687,Сауле,Маратов,F,16,10,Северо-Казахстанская область,Южный район,Школа №1,kk,single,56.0,False
P02688,Артём,Лебедев,M,17,10,Северо-Казахстанская область,Южный район,Школа №1,ru,full,32.0,False
P02689,Шынгыс,Нурланов,M,16,10,Кызылординская область,Сельский район,Школа №3,kk,full,66.4,True
P02690,Санжар,Сатпаев,M,16,11,Павлодарская область,Северный район,Школа №1,kk,full,64.2,False
P02691,Артём,Иванов,M,11,5,Алматинская область,Восточный район,Школа №1,ru,full,39.7,False
P02692,Дана,Алиев,F,16,10,Атырауская область,Западный район,Школа №5,kk,full,51.3,False
P02693,Камила,Нурланов,F,16,10,г. Алматы,Центральный район,Школа №5,kk,full,54.4,False
P02694,Санжар,Темирбеков,M,18,11,Западно-Казахстанская область,Центральный район,Школа №2,kk,full,53.0,False
P02695,Гульнара,Абилов,F,14,8,Жетысуская область,Южный район,Школа №5,kk,full,60.0,False
P02696,Нурлан,Темирбеков,M,10,4,Кызылординская область,Северный район,Школа №4,kk,full,76.5,True
P02697,Кирилл,Смирнов,M,16,10,Туркестанская область,Северный район,Школа №3,ru,single,65.2,False
P02698,Томирис,Сериков,F,16,10,Алматинская область,Западный район,Школа №5,kk,full,35.3,False
P02699,Дарья,Морозова,F,17,11,Кызылординская область,Заречный район,Школа №1,ru,single,58.3,False
P02700,Екатерина,Морозова,F,14,8,Жетысуская область, Сельский район ,Школа №4,ru,full,74.9,True
P02701,Аян,Нурланов,M,15,8,Западно-Казахстанская область,Северный район,Школа №3,kk,full,60.8,False
P02702,Сауле,Сатпаев,F,12,5,Абайская область,Сельский район,Школа №3,kk,full,71.4,True
P02703,Алина,Абилов,F,15,9,Туркестанская область,Южный район,Школа №2,kk,full,85.2,True
P02704,Аяна,Кадыров,F,15,9,Жамбылская область,Заречный район,Школа №3,kk,full,70.4,True
P02705,Динара,Касенов,F,14,8,г. Астана,Восточный район,Школа №4,kk,single,52.7,False
P02706,Айгерим,Кадыров,F,15,9,Костанайская область,Южный район,Школа №3,kk,full,70.7,True
P02707,Кирилл,Морозов,M,17,10,Туркестанская область,Заречный район,Школа №3,ru,full,57.2,False
P02708,Тимур,Жумабеков,M,14,8,г. Шымкент,Сельский район,Школа №4,kk,full,55.4,False
P02709,Тимур,Абилов,M,11,5,Северо-Казахстанская область,Центральный район,Школа №1,kk,full,49.7,False
P02710,Дмитрий,Волков,M,16,10,Западно-Казахстанская область,Северный район,Школа №3,ru,full,78.5,True
P02711,Санжар,Кадыров,M,13,7,Мангистауская область,Южный район,Школа №3,kk,full,42.7,False
P02712,Ержан,Абилов,M,13,7,Жамбылская область,Западный район,Школа №2,kk,full,78.0,True
P02713,Айгерим,Касенов,F,15,8,г. Астана,Сельский район,Школа №3,kk,full,62.5,False
P02714,Анна,Лебедева,F,16,10,Мангистауская область,Центральный район,Школа №5,ru,full,34.0,False
P02715,Аян,Бекенов,M,14,8,Жамбылская область,Заречный район,Школа №3,kk,full,60.5,False
P02716,Тимур,Абилов,M,15,9,Алматинская область,Южный район,Школа №4,kk,single,17.5,False
P02717,Елена,Петрова,F,12,7,г. Алматы,Южный район,Школа №5,ru,full,64.4,False
P02718,Иван,Лебедев,M,15,9,Акмолинская область,Центральный район,Школа №2,ru,full,68.3,True
P02719,Адильхан,Касенов,M,17,11,Акмолинская область,Сельский район,Школа №1,kk,full,46.1,False
P02720,Наргиз,Тулегенов,F,12,7,Павлодарская область,Заречный район,Школа №5,kk,full,56.9,False
P02721,Жансая,Сатпаев,F,14,8,Жетысуская область,Заречный район,Школа №5,kk,full,84.3,True
P02722,Нурлан,Абилов,M,17,10,Жетысуская область,Южный район,Школа №3,kk,full,47.4,False
P02723,Аружан,Тулегенов,F,17,11,г. Алматы,Северный район,Школа №1,kk,single,33.1,False
P02724,София,Иванова,F,14,8,Актюбинская область,Южный район,Школа №5,ru,full,77.2,True
P02725,Екатерина,Лебедева,F,14,7,Мангистауская область,Сельский район,Школа №2,ru,full,84.4,True
P02726,Елена,Морозова,F,15,9,Абайская область,Северный район,Школа №1,ru,full,55.1,False
P02727,Нурлан,Кадыров,M,15,9,г. Алматы,Сельский район,Школа №1,kk,full,70.2,True
P02728,Наргиз,Сатпаев,F,13,6,Западно-Казахстанская область,Заречный район,Школа №1,kk,single,69.1,True
P02729,Томирис,Сериков,F,17,11,Актюбинская область,Сельский район,Школа №2,kk,full,43.9,False
P02730,Аяна,Нурланов,F,15,9,Актюбинская область,Центральный район,Школа №5,kk,single,41.7,False
P02731,Мария,Попова,F,14,8,Северо-Казахстанская область,Южный район,Школа №3,ru,single,67.5,True
P02732,Иван,Соколов,M,17,10,Карагандинская область,Центральный район,Школа №1,ru,full,80.3,True
P02733,Анна,Кузнецова,F,16,10,Мангистауская область,Восточный район,Школа №1,ru,full,63.4,False
P02734,Сауле,Сериков,F,14,9,г. Астана,Северный район,Школа №4,kk,full,41.8,False
P02735,Анна,Соколова,F,17,11,Мангистауская область,Заречный район,Школа №1,ru,full,84.8,True
P02736,Дамир,Темирбеков,M,15,9,Алматинская область,Центральный район,Школа №2,kk,full,47.0,False
P02737,Жаныбек,Жумабеков,M,10,4,Северо-Казахстанская область,Восточный район,Школа №5,kk,full,50.0,False
P02738,Сауле,Бекенов,F,14,8,Северо-Казахстанская область,Восточный район,Школа №5,kk,full,60.1,False
P02739,Мария,Смирнова,F,16,9,Алматинская область,Восточный район,Школа №3,ru,full,78.3,True
P02740,Санжар,Нурланов,M,14,8,г. Астана,Северный район,Школа №2,kk,full,67.8,True
P02741,Малика,Абилов,F,14,8,Карагандинская область,Центральный район,Школа №1,kk,single,55.2,False
P02742,Айгерим,Нурланов,F,17,11,Западно-Казахстанская область,Сельский район,Школа №1,kk,full,61.9,False
P02743,Алмат,Маратов,M,15,9,г. Шымкент,Восточный район,Школа №1,kk,full,55.7,False
P02744,Темирлан,Алиев,M,14,8,г. Астана,Восточный район,Школа №1,kk,full,63.4,False
P02745,Шынгыс,Бекенов,M,17,11,Мангистауская область,Заречный район,Школа №3,kk,single,11.1,False
P02746,Тимур,Маратов,M,14,8,Абайская область,Западный район,Школа №4,kk,full,50.6,False
P02747,Никита,Кузнецов,M,14,7,Жамбылская область,Сельский район,Школа №5,ru,single,52.6,False
P02748,Андрей,Иванов,M,16,10,Павлодарская область,Южный район,Школа №3,ru,full,37.7,False
P02749,Балжан,Маратов,F,16,10,Кызылординская область, Центральный район ,Школа №2,kk,full,60.8,False
P02750,Сауле,Бекенов,F,16,9,Жамбылская область,Центральный район,Школа №3,kk,single,45.9,False
P02751,Гульнара,Кадыров,F,11,5,г. Шымкент,Восточный район,Школа №4,kk,full,81.3,True
P02752,Санжар,Абилов,M,13,7,Акмолинская область,Западный район,Школа №2,kk,full,78.6,True
P02753,Темирлан,Бекенов,M,15,8,г. Алматы,Западный район,Школа №2,kk,full,48.0,False
P02754,Камила,Абилов,F,10,4,Северо-Казахстанская область,Сельский район,Школа №1,kk,full,52.7,False
P02755,Никита,Новиков,M,15,10,Жетысуская область,Сельский район,Школа №4,ru,full,53.9,False
P02756,Нурлан,Маратов,M,17,11,Северо-Казахстанская область,Южный район,Школа №4,kk,single,42.2,False
P02757,Дмитрий,Морозов,M,13,7,Западно-Казахстанская область,Западный район,Школа №5,ru,single,51.9,False
P02758,Алихан,Кадыров,M,11,6,Мангистауская область,Центральный район,Школа №3,kk,full,43.6,False
P02759,Жансая,Сатпаев,F,10,5,Карагандинская область,Сельский район,Школа №1,kk,full,38.0,False
P02760,Дария,Абилов,F,14,8,Кызылординская область,Южный район,Школа №3,kk,full,64.3,False
P02761,Аяна,Нурланов,F,12,7,г. Астана,Северный район,Школа №3,kk,single,58.4,False
P02762,Дана,Касенов,F,10,4,Мангистауская область,Западный район,Школа №4,kk,full,42.9,False
P02763,Малика,Сериков,F,16,10,Жамбылская область,Западный район,Школа №4,kk,full,68.4,True
P02764,Меруерт,Абилов,F,16,10,Северо-Казахстанская область,Западный район,Школа №1,kk,full,45.5,False
P02765,Камила,Бекенов,F,10,5,Туркестанская область,Восточный район,Школа №4,kk,full,58.8,False
P02766,Ержан,Сериков,M,11,6,Атырауская область,Западный район,Школа №2,kk,full,67.3,True
P02767,Дарья,Соколова,F,11,5,Жамбылская область,Северный район,Школа №2,ru,full,54.5,False
P02768,Дана,Нурланов,F,16,10,Абайская область,Сельский район,Школа №1,kk,full,61.8,False
P02769,Анастасия,Лебедева,F,14,7,г. Шымкент,Южный район,Школа №2,ru,single,41.3,False
P02770,Данияр,Сериков,M,15,10,Атырауская область,Западный район,Школа №4,kk,full,52.1,False
P02771,Дмитрий,Морозов,M,16,10,г. Алматы,Южный район,Школа №4,ru,full,51.9,False
P02772,Санжар,Темирбеков,M,18,11,Западно-Казахстанская область,Северный район,Школа №3,kk,single,37.8,False
P02773,Кирилл,Соколов,M,14,8,Атырауская область,Южный район,Школа №1,ru,full,52.3,False
P02774,Камила,Темирбеков,F,17,11,Восточно-Казахстанская область,Центральный район,Школа №5,kk,full,31.8,False
P02775,Анастасия,Петрова,F,14,8,г. Шымкент,Заречный район,Школа №5,ru,single,41.6,False
P02776,Дарья,Морозова,F,13,6,Туркестанская область,Западный район,Школа №4,ru,full,50.7,False
P02777,Елена,Смирнова,F,11,6,Карагандинская область,Западный район,Школа №4,ru,full,51.2,False
P02778,Дария,Сериков,F,16,9,Павлодарская область,Центральный район,Школа №2,kk,full,51.4,False
P02779,Айдар,Алиев,M,11,6,Улытауская область,Восточный район,Школа №1,kk,full,54.1,False
P02780,Александр,Петров,M,11,5,Туркестанская область,Южный район,Школа №3,ru,full,62.2,False
P02781,Анна,Иванова,F,12,7,Западно-Казахстанская область,Восточный район,Школа №4,ru,single,62.1,False
P02782,Тимур,Абилов,M,12,6,Западно-Казахстанская область,Южный район,Школа №1,kk,full,45.3,False
P02783,Елена,Морозова,F,15,9,Жамбылская область, Северный район ,Школа №3,ru,full,37.0,False
P02784,Жаныбек,Тулегенов,M,17,11,Абайская область,Восточный район,Школа №1,kk,full,39.4,False
P02785,Камила,Абилов,F,12,7,Актюбинская область,Южный район,Школа №5,kk,full,47.7,False
P02786,Айдар,Маратов,M,17,11,Алматинская область,Западный район,Школа №5,kk,full,49.7,False
P02787,Алихан,Сатпаев,M,12,6,Атырауская область,Центральный район,Школа №5,kk,full,43.5,False
P02788,Тимур,Абилов,M,17,10,Абайская область,Сельский район,Школа №2,kk,full,35.6,False
P02789,Иван,Морозов,M,14,8,Кызылординская область,Южный район,Школа №1,ru,single,42.2,False
P02790,Эльмира,Алиев,F,12,7,Абайская область,Сельский район,Школа №4,kk,single,51.7,False
P02791,Елена,Морозова,F,12,6,Северо-Казахстанская область,Сельский район,Школа №4,ru,full,63.9,False
P02792,Владислав,Петров,M,16,10,Восточно-Казахстанская область,Южный район,Школа №4,ru,single,40.6,False
P02793,Ольга,Новикова,F,15,9,Восточно-Казахстанская область,Сельский район,Школа №2,ru,full,48.8,False
P02794,Олжас,Тулегенов,M,13,8,Туркестанская область,Северный район,Школа №4,kk,full,41.1,False
P02795,Дмитрий,Кузнецов,M,17,10,Улытауская область,Сельский район,Школа №1,ru,single,48.5,False
P02796,Дмитрий,Морозов,M,14,8,Абайская область,Заречный район,Школа №3,ru,single,36.3,False
P02797,София,Соколова,F,14,8,Абайская область,Западный район,Школа №3,ru,full,63.6,False
P02798,Жаныбек,Маратов,M,11,6,Атырауская область,Северный район,Школа №5,kk,full,28.2,False
P02799,Эльмира,Сериков,F,17,11,Западно-Казахстанская область,Сельский район,Школа №1,kk,full,49.6,False
P02800,Андрей,Новиков,M,17,11,Восточно-Казахстанская область,Сельский район,Школа №3,ru,full,59.5,False
P02801,Айгерим,Темирбеков,F,16,10,Актюбинская область,Западный район,Школа №5,kk,single,51.8,False
P02802,Елена,Новикова,F,15,9,Карагандинская область,Северный район,Школа №5,ru,full,95.4,True
P02803,Ольга,Новикова,F,10,4,Актюбинская область,Южный район,Школа №5,ru,full,60.2,False
P02804,Дария,Абилов,F,16,10,Жетысуская область,Восточный район,Школа №1,kk,full,39.9,False
P02805,Айдар,Нурланов,M,17,11,Карагандинская область,Сельский район,Школа №1,kk,full,53.6,False
P02806,Ерасыл,Кадыров,M,12,6,Западно-Казахстанская область,Заречный район,Школа №3,kk,full,28.4,False
P02807,Айдана,Маратов,F,17,11,Павлодарская область,Восточный район,Школа №3,kk,full,53.8,False
P02808,Тимур,Нурланов,M,17,10,г. Астана,Центральный район,Школа №2,kk,single,36.5,False
P02809,Дарья,Морозова,F,14,8,Туркестанская область,Западный район,Школа №3,ru,single,62.7,False
P02810,Гульнара,Бекенов,F,13,7,Абайская область,Восточный район,Школа №3,kk,full,46.8,False
P02811,Алтынай,Алиев,F,11,4,Атырауская область,Южный район,Школа №3,kk,full,53.2,False
P02812,Артём,Иванов,M,17,11,Жетысуская область,Северный район,Школа №3,ru,full,45.5,False
P02813,Алмат,Темирбеков,M,13,7,Туркестанская область,Заречный район,Школа №3,kk,full,81.1,True
P02814,Анастасия,Соколова,F,17,11,Атырауская область,Северный район,Школа №3,ru,full,50.2,False
P02815,Ержан,Кадыров,M,15,10,Актюбинская область,Северный район,Школа №5,kk,single,76.5,True
P02816,Алина,Бекенов,F,16,10,Кызылординская область,Центральный район,Школа №2,kk,full,67.2,True
P02817,Андрей,Волков,M,16,10,Туркестанская область,Центральный район,Школа №4,ru,full,62.2,False
P02818,Мария,Лебедева,F,17,11,Жетысуская область,Северный район,Школа №2,ru,full,60.5,False
P02819,Малика,Алиев,F,15,9,Актюбинская область,Заречный район,Школа №5,kk,full,60.9,False
P02820,Александр,Новиков,M,12,6,Павлодарская область,Центральный район,Школа №3,ru,full,26.1,False
P02821,Жансая,Касенов,F,13,7,Павлодарская область,Западный район,Школа №1,kk,full,50.8,False
P02822,Михаил,Иванов,M,17,11,г. Астана,Центральный район,Школа №1,ru,single,61.7,False
P02823,София,Смирнова,F,16,9,Туркестанская область,Сельский район,Школа №5,ru,full,54.3,False
P02824,Кирилл,Петров,M,15,8,Мангистауская область,Северный район,Школа №1,ru,full,33.9,False
P02825,Сабина,Касенов,F,16,11,Кызылординская область,Восточный район,Школа №1,kk,full,54.2,False
P02826,Михаил,Морозов,M,10,4,Восточно-Казахстанская область,Восточный район,Школа №5,ru,single,74.6,True
P02827,Айгерим,Маратов,F,14,8,г. Алматы,Центральный район,Школа №3,kk,full,73.7,True
P02828,Олжас,Тулегенов,M,17,11,Жетысуская область,Заречный район,Школа №1,kk,full,54.1,False
P02829,Санжар,Сатпаев,M,11,5,г. Астана,Заречный район,Школа №3,kk,full,69.3,True
P02830,Нурлан,Абилов,M,15,9,Актюбинская область,Южный район,Школа №3,kk,full,49.5,False
P02831,Жансая,Сериков,F,11,5,г. Алматы,Южный район,Школа №1,kk,full,29.4,False
P02832,Иван,Лебедев,M,15,9,Жамбылская область,Южный район,Школа №1,ru,full,41.1,False
P02833,Айдана,Алиев,F,14,8,Кызылординская область,Западный район,Школа №3,kk,full,78.4,True
P02834,Бекжан,Темирбеков,M,15,8,Жамбылская область,Центральный район,Школа №5,kk,single,44.9,False
P02835,Дария,Тулегенов,F,11,6,Туркестанская область,Заречный район,Школа №1,kk,full,51.3,False
P02836,Иван,Попов,M,12,7,Абайская область,Заречный район,Школа №3,ru,full,50.5,False
P02837,Томирис,Сатпаев,F,14,8,г. Алматы,Сельский район,Школа №4,kk,full,83.6,True
P02838,Камила,Сериков,F,13,7,Мангистауская область, Северный район ,Школа №3,kk,single,73.4,True
P02839,Алихан,Жумабеков,M,15,9,Жетысуская область,Южный район,Школа №3,kk,single,82.3,True
P02840,Елена,Петрова,F,13,7,Северо-Казахстанская область,Западный район,Школа №4,ru,full,52.6,False
P02841,Рамазан,Маратов,M,16,10,Жамбылская область,Южный район,Школа №5,kk,full,59.4,False
P02842,Кирилл,Иванов,M,11,5,Абайская область,Северный район,Школа №1,ru,full,32.3,False
P02843,Алмат,Алиев,M,14,9,Кызылординская область,Центральный район,Школа №5,kk,single,71.2,True
P02844,Аян,Тулегенов,M,15,8,Абайская область,Южный район,Школа №4,kk,single,31.5,False
P02845,Аружан,Абилов,F,15,8,Улытауская область,Западный район,Школа №3,kk,full,58.3,False
P02846,Мария,Петрова,F,14,7,Костанайская область,Северный район,Школа №5,ru,single,32.5,False
P02847,Дария,Алиев,F,16,10,Абайская область,Северный район,Школа №3,kk,full,46.2,False
P02848,Алина,Бекенов,F,14,8,Северо-Казахстанская область,Северный район,Школа №3,kk,single,36.4,False
P02849,Полина,Иванова,F,16,10,Атырауская область,Восточный район,Школа №5,ru,single,39.9,False
P02850,Томирис,Нурланов,F,13,8,Абайская область,Восточный район,Школа №3,kk,single,40.9,False
P02851,Анна,Волкова,F,18,11,г. Шымкент,Северный район,Школа №4,ru,full,46.8,False
P02852,Темирлан,Тулегенов,M,11,6,Жамбылская область,Южный район,Школа №1,kk,full,67.5,True
P02853,Алмат,Сериков,M,17,11,г. Алматы,Заречный район,Школа №1,kk,single,32.4,False
P02854,Динара,Касенов,F,13,7,Алматинская область,Восточный район,Школа №1,kk,full,58.3,False
P02855,Дамир,Темирбеков,M,14,8,Мангистауская область,Восточный район,Школа №5,kk,full,73.3,True
P02856,Ержан,Нурланов,M,14,8,Западно-Казахстанская область,Южный район,Школа №2,kk,full,47.3,False
P02857,Дана,Темирбеков,F,14,7,Жетысуская область,Северный район,Школа №4,kk,full,44.2,False
P02858,Ольга,Иванова,F,16,10,г. Шымкент,Северный район,Школа №1,ru,single,45.5,False
P02859,Аяна,Касенов,F,10,4,Мангистауская область,Южный район,Школа №4,kk,full,72.7,True
P02860,Алина,Маратов,F,12,7,г. Алматы,Центральный район,Школа №4,kk,full,57.9,False
P02861,Динара,Жумабеков,F,11,6,Павлодарская область,Сельский район,Школа №3,kk,full,47.0,False
P02862,Олжас,Жумабеков,M,17,11,Улытауская область,Восточный район,Школа №3,kk,single,56.3,False
P02863,София,Соколова,F,10,4,Улытауская область,Южный район,Школа №4,ru,full,38.5,False
P02864,Максим,Новиков,M,17,11,Абайская область,Сельский район,Школа №4,ru,full,65.2,False
P02865,Никита,Кузнецов,M,13,8,Жамбылская область,Сельский район,Школа №1,ru,full,61.1,False
P02866,Томирис,Маратов,F,12,7,Павлодарская область,Сельский район,Школа №1,kk,full,50.4,False
P02867,Алихан,Кадыров,M,13,7,Костанайская область,Сельский район,Школа №4,kk,full,42.4,False
P02868,Томирис,Маратов,F,17,11,Павлодарская область,Заречный район,Школа №3,kk,full,41.7,False
P02869,Александр,Кузнецов,M,16,11,Жетысуская область,Южный район,Школа №1,ru,full,63.0,False
P02870,Аяна,Нурланов,F,17,10,Мангистауская область,Южный район,Школа №4,kk,full,73.4,True
P02871,Меруерт,Бекенов,F,16,10,г. Астана,Сельский район,Школа №4,kk,full,45.4,False
P02872,Екатерина,Морозова,F,17,11,Кызылординская область,Сельский район,Школа №3,ru,single,55.9,False
P02873,Жаныбек,Тулегенов,M,17,11,Северо-Казахстанская область,Заречный район,Школа №1,kk,full,23.7,False
P02874,Рамазан,Сатпаев,M,10,4,Мангистауская область,Восточный район,Школа №4,kk,full,46.2,False
P02875,Иван,Новиков,M,14,8,г. Шымкент,Северный район,Школа №1,ru,full,54.5,False
P02876,Эльмира,Бекенов,F,15,8,Кызылординская область,Сельский район,Школа №3,kk,full,41.4,False
P02877,Дария,Касенов,F,15,9,Костанайская область,Южный район,Школа №2,kk,full,41.0,False
P02878,Андрей,Морозов,M,17,11,Мангистауская область,Восточный район,Школа №5,ru,full,45.0,False
P02879,Анастасия,Попова,F,16,11,Абайская область,Западный район,Школа №4,ru,full,59.4,False
P02880,Андрей,Иванов,M,15,8,Актюбинская область,Сельский район,Школа №1,ru,full,52.2,False
P02881,София,Морозова,F,11,4,Актюбинская область,Северный район,Школа №2,ru,full,21.4,False
P02882,Дария,Касенов,F,17,10,Мангистауская область,Сельский район,Школа №1,kk,single,17.2,False
P02883,Бауыржан,Сериков,M,11,5,Акмолинская область,Южный район,Школа №5,kk,single,39.9,False
P02884,Иван,Попов,M,18,11,Павлодарская область,Центральный район,Школа №2,ru,full,61.9,False
P02885,Балжан,Сериков,F,11,5,Улытауская область,Заречный район,Школа №3,kk,full,13.8,False
P02886,Екатерина,Иванова,F,16,10,Атырауская область,Северный район,Школа №1,ru,full,47.5,False
P02887,Шынгыс,Сатпаев,M,13,7,Актюбинская область,Восточный район,Школа №4,kk,full,47.1,False
P02888,София,Кузнецова,F,12,6,Восточно-Казахстанская область,Южный район,Школа №5,ru,single,69.8,True
P02889,Эльмира,Бекенов,F,15,9,Северо-Казахстанская область,Западный район,Школа №5,kk,single,43.2,False
P02890,Кирилл,Соколов,M,16,10,Западно-Казахстанская область,Южный район,Школа №3,ru,single,54.7,False
P02891,Сауле,Нурланов,F,11,5,Улытауская область,Центральный район,Школа №1,kk,full,57.1,False
P02892,Санжар,Темирбеков,M,16,10,Костанайская область,Западный район,Школа №1,kk,single,17.0,False
P02893,Анастасия,Лебедева,F,16,11,Восточно-Казахстанская область,Сельский район,Школа №4,ru,full,66.5,True
P02894,Арман,Темирбеков,M,12,6,Западно-Казахстанская область,Восточный район,Школа №4,kk,full,58.2,False
P02895,Айгерим,Бекенов,F,10,5,Атырауская область,Северный район,Школа №3,kk,full,62.6,False
P02896,Никита,Волков,M,18,11,Туркестанская область,Восточный район,Школа №4,ru,full,100.0,True
P02897,София,Попова,F,13,7,Кызылординская область,Центральный район,Школа №2,ru,full,23.7,False
P02898,Бауыржан,Нурланов,M,14,8,Северо-Казахстанская область,Центральный район,Школа №5,kk,full,80.9,True
P02899,Анна,Петрова,F,16,10,Восточно-Казахстанская область,Южный район,Школа №3,ru,full,50.7,False
P02900,Айдар,Кадыров,M,17,10,Мангистауская область,Северный район,Школа №5,kk,single,53.3,False
P02901,Полина,Смирнова,F,15,10,Улытауская область,Восточный район,Школа №2,ru,single,48.3,False
P02902,Балжан,Сериков,F,17,11,Восточно-Казахстанская область,Заречный район,Школа №4,kk,full,48.6,False
P02903,Арман,Темирбеков,M,15,9,Актюбинская область,Западный район,Школа №1,kk,full,46.5,False
P02904,Кирилл,Смирнов,M,15,9,Туркестанская область,Западный район,Школа №2,ru,full,59.9,False
P02905,Ксения,Попова,F,16,11,Актюбинская область,Заречный район,Школа №1,ru,full,32.2,False
P02906,Темирлан,Жумабеков,M,11,6,Атырауская область,Северный район,Школа №2,kk,full,66.3,True
P02907,Артём,Смирнов,M,13,7,Жетысуская область,Южный район,Школа №5,ru,full,48.8,False
P02908,Елена,Кузнецова,F,11,5,Северо-Казахстанская область,Южный район,Школа №5,ru,single,32.0,False
P02909,Александр,Волков,M,12,6,Алматинская область,Сельский район,Школа №4,ru,single,42.2,False
P02910,Сауле,Абилов,F,13,7,Карагандинская область,Центральный район,Школа №1,kk,single,67.9,True
P02911,Алмат,Нурланов,M,11,4,Мангистауская область,Южный район,Школа №1,kk,full,47.0,False
P02912,Айгерим,Сериков,F,14,8,Костанайская область,Заречный район,Школа №4,kk,full,60.4,False
P02913,Михаил,Иванов,M,14,8,г. Астана,Северный район,Школа №1,ru,single,38.0,False
P02914,Мария,Волкова,F,11,5,г. Астана,Заречный район,Школа №2,ru,single,60.4,False
P02915,Артём,Смирнов,M,12,6,г. Алматы,Центральный район,Школа №5,ru,full,65.3,False
P02916,Дана,Маратов,F,14,8,Акмолинская область,Заречный район,Школа №3,kk,full,82.7,True
P02917,Владислав,Волков,M,11,5,Кызылординская область,Центральный район,Школа №1,ru,single,46.4,False
P02918,Малика,Алиев,F,15,9,Северо-Казахстанская область,Восточный район,Школа №5,kk,full,65.0,False
P02919,Темирлан,Сатпаев,M,17,10,Абайская область, Северный район ,Школа №3,kk,single,50.5,False
P02920,София,Новикова,F,16,10,Алматинская область,Сельский район,Школа №1,ru,single,68.4,True
P02921,Бекжан,Кадыров,M,15,9,Костанайская область,Заречный район,Школа №3,kk,full,44.2,False
P02922,Малика,Абилов,F,16,11,Костанайская область,Восточный район,Школа №5,kk,full,66.2,True
P02923,Тимур,Тулегенов,M,14,8,Жетысуская область,Центральный район,Школа №3,kk,full,52.1,False
P02924,Андрей,Петров,M,18,11,Мангистауская область,Центральный район,Школа №3,ru,full,54.0,False
P02925,Анна,Попова,F,13,6,Восточно-Казахстанская область,Северный район,Школа №2,ru,full,56.4,False
P02926,Санжар,Бекенов,M,12,5,Западно-Казахстанская область,Восточный район,Школа №1,kk,full,58.8,False
P02927,Гульнара,Темирбеков,F,16,10,Туркестанская область,Южный район,Школа №1,kk,single,47.3,False
P02928,Ольга,Волкова,F,15,10,г. Шымкент,Северный район,Школа №3,ru,single,52.2,False
P02929,Сабина,Касенов,F,15,9,Туркестанская область,Заречный район,Школа №5,kk,full,78.7,True
P02930,Полина,Волкова,F,15,9,Улытауская область,Восточный район,Школа №1,ru,single,63.8,False
P02931,Гульнара,Темирбеков,F,14,7,г. Астана,Центральный район,Школа №4,kk,full,68.0,True
P02932,Дария,Жумабеков,F,17,11,Костанайская область,Восточный район,Школа №3,kk,full,48.2,False
P02933,Камила,Сатпаев,F,15,9,Восточно-Казахстанская область,Заречный район,Школа №4,kk,full,41.7,False
P02934,Иван,Волков,M,14,7,Алматинская область,Заречный район,Школа №3,ru,full,69.3,True
P02935,Полина,Попова,F,17,10,г. Астана,Заречный район,Школа №5,ru,single,62.1,False
P02936,Максим,Морозов,M,16,9,Жетысуская область,Заречный район,Школа №4,ru,full,77.1,True
P02937,Бауыржан,Жумабеков,M,11,5,Акмолинская область,Восточный район,Школа №2,kk,full,45.9,False
P02938,Максим,Новиков,M,12,7,Мангистауская область,Центральный район,Школа №2,ru,full,51.6,False
P02939,Бауыржан,Нурланов,M,17,10,г. Астана,Северный район,Школа №2,kk,full,30.4,False
P02940,Кирилл,Волков,M,12,7,г. Астана,Западный район,Школа №5,ru,single,43.1,False
P02941,Артём,Лебедев,M,13,7,Костанайская область,Северный район,Школа №2,ru,single,63.9,False
P02942,Дамир,Сатпаев,M,13,7,Акмолинская область,Северный район,Школа №2,kk,full,48.0,False
P02943,Иван,Иванов,M,14,8,г. Астана,Северный район,Школа №3,ru,single,58.6,False
P02944,Александр,Иванов,M,12,6,Павлодарская область,Центральный район,Школа №1,ru,full,52.1,False
P02945,Дана,Абилов,F,15,9,Мангистауская область,Центральный район,Школа №1,kk,single,53.9,False
P02946,Дарья,Новикова,F,14,8,Абайская область,Сельский район,Школа №1,ru,full,37.8,False
P02947,Михаил,Кузнецов,M,14,8,Абайская область,Южный район,Школа №3,ru,full,56.3,False
P02948,Ержан,Кадыров,M,17,11,Костанайская область,Западный район,Школа №2,kk,single,4.1,False
P02949,Рамазан,Тулегенов,M,13,7,г. Шымкент,Сельский район,Школа №2,kk,full,52.2,False
P02950,Эльмира,Темирбеков,F,10,4,Западно-Казахстанская область,Заречный район,Школа №1,kk,full,30.5,False
P02951,Камила,Маратов,F,10,4,Атырауская область,Восточный район,Школа №5,kk,full,73.1,True
P02952,Динара,Касенов,F,10,4,Абайская область,Восточный район,Школа №5,kk,full,66.7,True
P02953,Анна,Смирнова,F,14,7,Акмолинская область,Центральный район,Школа №2,ru,full,62.0,False
P02954,Аян,Сериков,M,15,9,Мангистауская область,Северный район,Школа №5,kk,single,71.8,True
P02955,Алина,Маратов,F,17,10,г. Шымкент,Северный район,Школа №4,kk,full,40.8,False
P02956,Адильхан,Абилов,M,9,4,Актюбинская область,Северный район,Школа №4,kk,single,75.2,True
P02957,Бекжан,Касенов,M,13,8,Северо-Казахстанская область,Восточный район,Школа №2,kk,full,69.0,True
P02958,Сауле,Тулегенов,F,16,11,Северо-Казахстанская область,Сельский район,Школа №5,kk,full,51.5,False
P02959,Михаил,Иванов,M,15,9,Актюбинская область,Северный район,Школа №5,ru,full,72.0,True
P02960,Томирис,Кадыров,F,15,8,Атырауская область,Заречный район,Школа №4,kk,full,38.4,False
P02961,Малика,Жумабеков,F,17,11,Северо-Казахстанская область,Северный район,Школа №3,kk,full,42.6,False
P02962,Олжас,Маратов,M,13,7,Западно-Казахстанская область,Восточный район,Школа №5,kk,full,45.9,False
P02963,Малика,Кадыров,F,16,11,Туркестанская область,Восточный район,Школа №1,kk,full,47.1,False
P02964,Меруерт,Алиев,F,12,5,г. Алматы,Южный район,Школа №5,kk,full,39.2,False
P02965,Камила,Касенов,F,13,7,Актюбинская область,Заречный район,Школа №4,kk,full,73.3,True
P02966,Андрей,Морозов,M,14,9,Павлодарская область,Центральный район,Школа №4,ru,single,45.1,False
P02967,Кирилл,Лебедев,M,15,10,Карагандинская область,Восточный район,Школа №5,ru,full,60.3,False
P02968,Алтынай,Алиев,F,13,7,Западно-Казахстанская область,Северный район,Школа №3,kk,full,46.4,False
P02969,Александр,Петров,M,15,9,г. Астана,Западный район,Школа №5,ru,full,27.7,False
P02970,Алтынай,Абилов,F,13,8,Абайская область,Заречный район,Школа №4,kk,full,59.1,False
P02971,Алмат,Маратов,M,13,7,Акмолинская область,Восточный район,Школа №1,kk,full,26.3,False
P02972,Меруерт,Сатпаев,F,13,8,Мангистауская область,Восточный район,Школа №3,kk,full,54.0,False
P02973,Тимур,Темирбеков,M,14,8,Акмолинская область,Заречный район,Школа №1,kk,full,34.5,False
P02974,Арман,Кадыров,M,17,10,Карагандинская область,Западный район,Школа №2,kk,full,84.8,True
P02975,Артём,Волков,M,14,8,Туркестанская область,Южный район,Школа №5,ru,full,68.7,True
P02976,Ксения,Кузнецова,F,16,10,г. Шымкент,Восточный район,Школа №4,ru,single,50.6,False
P02977,Шынгыс,Маратов,M,13,7,Западно-Казахстанская область,Заречный район,Школа №1,kk,full,74.0,True
P02978,Максим,Соколов,M,11,5,Акмолинская область,Сельский район,Школа №3,ru,full,42.3,False
P02979,Екатерина,Новикова,F,17,10,Павлодарская область,Сельский район,Школа №5,ru,full,63.2,False
P02980,Мария,Иванова,F,16,10,Улытауская область,Южный район,Школа №1,ru,full,58.0,False
P02981,Полина,Соколова,F,11,5,г. Шымкент,Заречный район,Школа №5,ru,full,59.0,False
P02982,Ерасыл,Тулегенов,M,15,9,Мангистауская область,Северный район,Школа №1,kk,full,74.1,True
P02983,Тимур,Тулегенов,M,16,10,Павлодарская область,Северный район,Школа №3,kk,full,66.0,True
P02984,Алмат,Сериков,M,13,8,Актюбинская область,Заречный район,Школа №5,kk,single,53.3,False
P02985,Михаил,Волков,M,15,9,г. Алматы,Заречный район,Школа №3,ru,full,30.2,False
P02986,Алмат,Тулегенов,M,16,10,Жамбылская область,Центральный район,Школа №4,kk,full,40.6,False
P02987,Анастасия,Иванова,F,13,7,Атырауская область,Северный район,Школа №4,ru,full,53.2,False
P02988,Дарья,Иванова,F,17,10,Костанайская область,Сельский район,Школа №5,ru,full,56.4,False
P02989,Сауле,Сериков,F,14,8,г. Шымкент,Северный район,Школа №3,kk,full,38.0,False
P02990,Камила,Темирбеков,F,17,11,Карагандинская область,Северный район,Школа №4,kk,single,85.2,True
P02991,Дарья,Петрова,F,15,8,Западно-Казахстанская область,Восточный район,Школа №2,ru,full,77.7,True
P02992,Никита,Смирнов,M,16,9,Павлодарская область,Восточный район,Школа №4,ru,full,64.0,False
P02993,Сауле,Тулегенов,F,13,7,Северо-Казахстанская область,Восточный район,Школа №3,kk,single,50.1,False
P02994,Екатерина,Соколова,F,17,10,Абайская область,Центральный район,Школа №2,ru,single,45.8,False
P02995,Айгерим,Маратов,F,12,7,Костанайская область,Западный район,Школа №4,kk,single,34.7,False
P02996,Гульнара,Тулегенов,F,17,10,г. Шымкент,Центральный район,Школа №3,kk,full,56.2,False
P02997,Нурлан,Маратов,M,17,11,Кызылординская область,Восточный район,Школа №1,kk,full,58.9,False
P02998,Владислав,Иванов,M,16,9,Северо-Казахстанская область,Центральный район,Школа №3,ru,full,36.4,False
P02999,Жаныбек,Темирбеков,M,12,7,Атырауская область,Заречный район,Школа №3,kk,full,60.0,False
P03000,Максим,Петров,M,13,7,г. Алматы,Восточный район,Школа №2,ru,single,46.7,False
P03001,Алихан,Сериков,M,16,10,Атырауская область,Заречный район,Школа №5,kk,full,26.4,False
P03002,Михаил,Иванов,M,14,7,Мангистауская область,Восточный район,Школа №3,ru,full,42.1,False
P03003,Нурлан,Кадыров,M,13,6,Карагандинская область,Центральный район,Школа №1,kk,full,48.8,False
P03004,Аян,Касенов,M,15,9,Улытауская область,Заречный район,Школа №4,kk,single,77.3,True
P03005,Эльмира,Тулегенов,F,18,11,Карагандинская область,Северный район,Школа №2,kk,single,57.3,False
P03006,Арман,Темирбеков,M,17,10,Жетысуская область,Центральный район,Школа №2,kk,full,35.0,False
P03007,Аяна,Бекенов,F,18,11,Восточно-Казахстанская область,Центральный район,Школа №4,kk,full,62.3,False
P03008,Максим,Морозов,M,16,10,Мангистауская область,Северный район,Школа №5,ru,full,31.8,False
P03009,Жаныбек,Темирбеков,M,14,8,Жетысуская область, Северный район ,Школа №4,kk,single,65.2,False
P03010,Адильхан,Нурланов,M,13,7,Восточно-Казахстанская область,Заречный район,Школа №2,kk,single,41.9,False
P03011,Ксения,Новикова,F,12,6,Жетысуская область,Южный район,Школа №2,ru,single,47.6,False
P03012,Айдана,Темирбеков,F,15,8,Западно-Казахстанская область,Южный район,Школа №5,kk,full,74.9,True
P03013,Олжас,Бекенов,M,16,11,Атырауская область,Северный район,Школа №4,kk,full,35.7,False
P03014,Арман,Кадыров,M,15,9,Костанайская область,Южный район,Школа №4,kk,single,28.0,False
P03015,Ольга,Иванова,F,18,11,Карагандинская область,Центральный район,Школа №4,ru,single,40.2,False
P03016,Кирилл,Соколов,M,15,9,Мангистауская область,Сельский район,Школа №2,ru,full,70.6,True
P03017,Дмитрий,Морозов,M,16,10,Западно-Казахстанская область,Заречный район,Школа №4,ru,full,32.2,False
P03018,Артём,Соколов,M,14,8,г. Алматы,Западный район,Школа №5,ru,full,12.5,False
P03019,Аяна,Бекенов,F,16,10,г. Шымкент,Южный район,Школа №5,kk,single,42.2,False
P03020,Нурлан,Темирбеков,M,10,5,г. Алматы,Западный район,Школа №1,kk,full,63.3,False
P03021,Айгерим,Маратов,F,14,8,Алматинская область,Северный район,Школа №5,kk,full,73.0,True
P03022,Темирлан,Сатпаев,M,15,10,Акмолинская область,Южный район,Школа №5,kk,full,48.1,False
P03023,Ксения,Кузнецова,F,13,7,Жамбылская область,Восточный район,Школа №2,ru,full,48.8,False
P03024,Аяна,Тулегенов,F,14,8,Северо-Казахстанская область,Центральный район,Школа №4,kk,full,72.3,True
P03025,Никита,Соколов,M,15,9,Кызылординская область,Восточный район,Школа №3,ru,single,21.0,False
P03026,Бекжан,Маратов,M,14,8,Мангистауская область,Северный район,Школа №1,kk,full,49.2,False
P03027,Елена,Петрова,F,16,10,г. Алматы,Северный район,Школа №2,ru,single,51.9,False
P03028,Айдана,Абилов,F,15,10,Улытауская область,Заречный район,Школа №2,kk,full,61.7,False
P03029,Никита,Смирнов,M,14,8,Актюбинская область,Южный район,Школа №3,ru,full,47.4,False
P03030,Арман,Абилов,M,13,8,Мангистауская область,Сельский район,Школа №3,kk,full,55.5,False
P03031,Айдана,Бекенов,F,15,10,Кызылординская область,Заречный район,Школа №2,kk,single,11.7,False
P03032,Дария,Темирбеков,F,12,7,Восточно-Казахстанская область,Западный район,Школа №4,kk,full,45.1,False
P03033,Андрей,Морозов,M,15,8,Акмолинская область,Южный район,Школа №2,ru,full,61.8,False
P03034,Елена,Новикова,F,17,11,г. Шымкент,Южный район,Школа №2,ru,full,40.3,False
P03035,Шынгыс,Сериков,M,14,7,Алматинская область,Северный район,Школа №2,kk,single,49.9,False
P03036,Шынгыс,Касенов,M,14,8,г. Шымкент,Восточный район,Школа №4,kk,full,61.7,False
P03037,Аружан,Сериков,F,15,9,Алматинская область, Северный район ,Школа №2,kk,full,49.9,False
P03038,Дария,Сатпаев,F,16,9,Карагандинская область,Западный район,Школа №5,kk,full,57.6,False
P03039,Алина,Сатпаев,F,11,6,Мангистауская область,Заречный район,Школа №3,kk,single,34.6,False
P03040,Тимур,Темирбеков,M,12,6,Улытауская область,Северный район,Школа №2,kk,single,45.9,False
P03041,Анна,Новикова,F,14,8,Атырауская область,Северный район,Школа №4,ru,single,58.2,False
P03042,Анна,Новикова,F,17,10,Актюбинская область,Центральный район,Школа №2,ru,full,57.4,False
P03043,Рамазан,Жумабеков,M,11,5,Акмолинская область,Южный район,Школа №1,kk,single,40.2,False
P03044,Владислав,Соколов,M,16,11,Западно-Казахстанская область,Западный район,Школа №1,ru,full,58.4,False
P03045,Ксения,Иванова,F,14,8,Туркестанская область,Восточный район,Школа №2,ru,full,65.7,False
P03046,Бауыржан,Сериков,M,18,11,Мангистауская область,Центральный район,Школа №4,kk,single,18.3,False
P03047,Александр,Попов,M,17,10,Северо-Казахстанская область,Сельский район,Школа №2,ru,full,72.4,True
P03048,Малика,Нурланов,F,15,9,Северо-Казахстанская область, Центральный район ,Школа №5,kk,single,44.0,False
P03049,Мария,Волкова,F,12,6,Жетысуская область,Сельский район,Школа №2,ru,full,61.4,False
P03050,Ксения,Морозова,F,16,11,Абайская область, Сельский район ,Школа №4,ru,full,73.0,True
P03051,Бекжан,Алиев,M,16,10,Жамбылская область,Южный район,Школа №1,kk,full,34.4,False
P03052,Дария,Маратов,F,15,9,г. Алматы,Заречный район,Школа №2,kk,full,44.4,False
P03053,Никита,Новиков,M,17,11,Восточно-Казахстанская область,Северный район,Школа №3,ru,full,50.7,False
P03054,Дана,Кадыров,F,17,10,Костанайская область,Сельский район,Школа №5,kk,single,37.2,False
P03055,Елена,Морозова,F,15,8,Восточно-Казахстанская область,Сельский район,Школа №4,ru,single,75.0,True
P03056,Камила,Сатпаев,F,10,4,Жамбылская область,Северный район,Школа №5,kk,full,42.1,False
P03057,Санжар,Жумабеков,M,15,9,Павлодарская область,Восточный район,Школа №3,kk,single,40.7,False
P03058,Рамазан,Сериков,M,14,8,Атырауская область,Центральный район,Школа №1,kk,single,52.1,False
P03059,Айдана,Сериков,F,14,9,Западно-Казахстанская область,Южный район,Школа №1,kk,single,31.0,False
P03060,Иван,Новиков,M,16,10,Восточно-Казахстанская область,Западный район,Школа №3,ru,single,43.1,False
P03061,Алмат,Сериков,M,16,11,Карагандинская область,Восточный район,Школа №2,kk,full,59.8,False
P03062,Айгерим,Кадыров,F,14,8,Костанайская область,Южный район,Школа №3,kk,single,44.0,False
P03063,Бекжан,Нурланов,M,13,8,Улытауская область,Сельский район,Школа №2,kk,single,47.6,False
P03064,Дана,Касенов,F,14,8,Костанайская область,Южный район,Школа №5,kk,single,41.1,False
P03065,Адильхан,Сериков,M,12,6,Актюбинская область,Западный район,Школа №2,kk,single,26.3,False
P03066,Томирис,Абилов,F,15,9,Западно-Казахстанская область,Заречный район,Школа №1,kk,single,53.8,False
P03067,Сабина,Бекенов,F,17,11,г. Алматы,Южный район,Школа №1,kk,single,75.3,True
P03068,Томирис,Бекенов,F,15,9,Западно-Казахстанская область,Центральный район,Школа №5,kk,full,55.3,False
P03069,Алтынай,Сериков,F,15,10,Жамбылская область,Восточный район,Школа №3,kk,full,58.4,False
P03070,Сауле,Жумабеков,F,15,10,Жамбылская область,Сельский район,Школа №4,kk,full,65.4,False
P03071,Никита,Попов,M,13,7,г. Астана,Южный район,Школа №1,ru,full,36.0,False
P03072,Жаныбек,Нурланов,M,17,11,г. Астана,Южный район,Школа №1,kk,single,74.5,True
P03073,Малика,Алиев,F,16,11,Туркестанская область,Южный район,Школа №1,kk,full,58.0,False
P03074,Анна,Новикова,F,15,9,Жамбылская область,Южный район,Школа №5,ru,full,79.5,True
P03075,Ерасыл,Касенов,M,15,9,Алматинская область,Сельский район,Школа №2,kk,full,44.0,False
P03076,Наргиз,Маратов,F,11,5,Актюбинская область,Заречный район,Школа №1,kk,full,82.3,True
P03077,Дарья,Волкова,F,13,8,Карагандинская область,Заречный район,Школа №4,ru,single,60.6,False
P03078,Никита,Соколов,M,12,6,г. Алматы,Южный район,Школа №3,ru,full,63.3,False
P03079,Темирлан,Бекенов,M,16,10,Жамбылская область,Восточный район,Школа №5,kk,single,52.5,False
P03080,Сауле,Сериков,F,17,11,Жамбылская область,Центральный район,Школа №4,kk,full,51.3,False
P03081,Андрей,Петров,M,16,10,Костанайская область,Западный район,Школа №1,ru,single,67.0,True
P03082,Эльмира,Жумабеков,F,15,10,Актюбинская область,Заречный район,Школа №4,kk,full,57.1,False
P03083,Жаныбек,Жумабеков,M,18,11,Западно-Казахстанская область,Восточный район,Школа №1,kk,single,19.5,False
P03084,Максим,Попов,M,17,11,Карагандинская область,Северный район,Школа №3,ru,full,38.2,False
P03085,Полина,Морозова,F,17,11,Костанайская область,Заречный район,Школа №4,ru,single,46.2,False
P03086,Ольга,Новикова,F,17,11,Абайская область,Центральный район,Школа №5,ru,full,59.6,False
P03087,Артём,Петров,M,16,10,г. Алматы,Сельский район,Школа №2,ru,full,54.2,False
P03088,Малика,Касенов,F,15,9,Мангистауская область,Восточный район,Школа №2,kk,single,67.3,True
P03089,Балжан,Сатпаев,F,15,8,Кызылординская область,Восточный район,Школа №3,kk,full,25.7,False
P03090,Александр,Кузнецов,M,15,10,Туркестанская область,Центральный район,Школа №5,ru,full,57.2,False
P03091,Айдана,Тулегенов,F,17,10,Улытауская область,Сельский район,Школа №4,kk,full,27.7,False
P03092,Александр,Волков,M,15,9,Улытауская область,Северный район,Школа №3,ru,full,66.4,True
P03093,Нурлан,Касенов,M,16,10,Восточно-Казахстанская область,Западный район,Школа №1,kk,full,53.6,False
P03094,Ерасыл,Абилов,M,14,9,Атырауская область,Восточный район,Школа №3,kk,single,55.3,False
P03095,Меруерт,Сатпаев,F,9,4,Западно-Казахстанская область,Восточный район,Школа №3,kk,full,42.0,False
P03096,Арман,Темирбеков,M,15,9,Восточно-Казахстанская область,Восточный район,Школа №4,kk,full,74.2,True
P03097,Дмитрий,Попов,M,14,7,Восточно-Казахстанская область,Южный район,Школа №2,ru,single,64.6,False
P03098,Ольга,Соколова,F,12,5,Акмолинская область,Заречный район,Школа №3,ru,full,63.8,False
P03099,Камила,Маратов,F,16,10,Туркестанская область,Южный район,Школа №3,kk,full,53.1,False
P03100,Айгерим,Темирбеков,F,14,8,Кызылординская область,Сельский район,Школа №2,kk,full,63.7,False
P03101,Нурлан,Бекенов,M,17,11,Жамбылская область,Южный район,Школа №5,kk,full,44.4,False
P03102,Меруерт,Алиев,F,14,7,Жетысуская область,Восточный район,Школа №2,kk,full,67.8,True
P03103,Максим,Иванов,M,12,6,Абайская область,Западный район,Школа №3,ru,full,79.7,True
P03104,Меруерт,Темирбеков,F,17,10,Западно-Казахстанская область,Северный район,Школа №2,kk,single,65.1,False
P03105,Жансая,Нурланов,F,16,11,Актюбинская область,Северный район,Школа №4,kk,full,44.1,False
P03106,Санжар,Маратов,M,14,8,Кызылординская область,Сельский район,Школа №1,kk,full,60.4,False
P03107,Жаныбек,Жумабеков,M,13,7,Кызылординская область,Сельский район,Школа №3,kk,full,35.6,False
P03108,Екатерина,Новикова,F,10,4,г. Шымкент,Заречный район,Школа №3,ru,single,57.6,False
P03109,Эльмира,Нурланов,F,13,7,Улытауская область,Западный район,Школа №2,kk,full,61.8,False
P03110,Томирис,Темирбеков,F,15,8,Жетысуская область,Западный район,Школа №5,kk,single,21.0,False
P03111,Жансая,Темирбеков,F,15,8,Жетысуская область,Северный район,Школа №5,kk,single,31.6,False
P03112,Ержан,Сериков,M,15,8,Абайская область,Северный район,Школа №4,kk,full,50.8,False
P03113,Меруерт,Бекенов,F,18,11,Карагандинская область,Восточный район,Школа №1,kk,full,50.5,False
P03114,Сауле,Сатпаев,F,13,7,Кызылординская область,Заречный район,Школа №1,kk,full,36.9,False
P03115,Аян,Алиев,M,13,7,Алматинская область,Южный район,Школа №4,kk,full,60.8,False
P03116,Екатерина,Волкова,F,13,7,г. Шымкент,Южный район,Школа №5,ru,full,58.8,False
P03117,Дмитрий,Лебедев,M,12,6,Кызылординская область,Восточный район,Школа №3,ru,full,52.1,False
P03118,Аружан,Маратов,F,17,11,Актюбинская область,Центральный район,Школа №4,kk,full,43.7,False
P03119,Артём,Попов,M,16,10,Мангистауская область,Заречный район,Школа №2,ru,full,70.7,True
P03120,Сабина,Абилов,F,14,8,Западно-Казахстанская область,Западный район,Школа №1,kk,full,79.8,True
P03121,Шынгыс,Темирбеков,M,15,10,Карагандинская область,Западный район,Школа №4,kk,single,41.7,False
P03122,Артём,Лебедев,M,17,10,Карагандинская область,Южный район,Школа №4,ru,single,39.8,False
P03123,Наргиз,Тулегенов,F,11,5,Кызылординская область,Западный район,Школа №3,kk,single,56.4,False
P03124,Айгерим,Сатпаев,F,13,7,Жамбылская область,Восточный район,Школа №4,kk,full,49.6,False
P03125,Жансая,Абилов,F,17,11,Жетысуская область,Заречный район,Школа №4,kk,full,52.9,False
P03126,Гульнара,Тулегенов,F,16,10,Северо-Казахстанская область,Сельский район,Школа №1,kk,full,66.1,True
P03127,Динара,Нурланов,F,15,9,Павлодарская область,Южный район,Школа №1,kk,full,26.4,False
P03128,Ольга,Петрова,F,15,9,г. Астана,Западный район,Школа №5,ru,full,74.8,True
P03129,Эльмира,Нурланов,F,10,4,Улытауская область,Южный район,Школа №5,kk,single,50.1,False
P03130,Санжар,Сатпаев,M,15,8,г. Астана,Сельский район,Школа №3,kk,single,42.8,False
P03131,Дмитрий,Кузнецов,M,12,7,Кызылординская область,Южный район,Школа №5,ru,full,53.7,False
P03132,Айдар,Бекенов,M,15,9,Улытауская область,Восточный район,Школа №5,kk,full,54.4,False
P03133,Жаныбек,Нурланов,M,12,6,Абайская область,Южный район,Школа №1,kk,full,29.0,False
P03134,Тимур,Сериков,M,11,5,Актюбинская область,Восточный район,Школа №2,kk,full,77.4,True
P03135,Мария,Попова,F,15,10,Кызылординская область,Западный район,Школа №5,ru,full,55.6,False
P03136,Дария,Сериков,F,12,6,Костанайская область,Западный район,Школа №2,kk,single,55.6,False
P03137,Кирилл,Иванов,M,12,7,Алматинская область,Сельский район,Школа №3,ru,single,63.3,False
P03138,Рамазан,Бекенов,M,11,5,Улытауская область,Центральный район,Школа №1,kk,single,33.7,False
P03139,Сауле,Сериков,F,16,9,Кызылординская область,Западный район,Школа №1,kk,full,62.1,False
P03140,Камила,Касенов,F,10,5,Кызылординская область,Центральный район,Школа №3,kk,full,51.0,False
P03141,Томирис,Нурланов,F,16,10,г. Алматы,Восточный район,Школа №4,kk,full,67.7,True
P03142,Данияр,Сатпаев,M,17,10,Атырауская область,Западный район,Школа №2,kk,single,17.1,False
P03143,Ксения,Иванова,F,12,5,Туркестанская область,Заречный район,Школа №4,ru,full,53.5,False
P03144,Балжан,Жумабеков,F,10,4,г. Астана,Южный район,Школа №2,kk,full,46.0,False
P03145,Владислав,Новиков,M,15,9,Актюбинская область,Восточный район,Школа №5,ru,full,61.5,False
P03146,Жаныбек,Нурланов,M,17,11,Алматинская область,Центральный район,Школа №2,kk,single,56.1,False
P03147,Мария,Волкова,F,15,9,Кызылординская область,Центральный район,Школа №4,ru,full,44.4,False
P03148,Алина,Тулегенов,F,17,11,Актюбинская область,Центральный район,Школа №2,kk,single,38.3,False
P03149,Гульнара,Бекенов,F,18,11,Акмолинская область,Северный район,Школа №5,kk,single,47.3,False
P03150,Анастасия,Лебедева,F,16,10,Атырауская область,Северный район,Школа №3,ru,full,41.6,False
P03151,София,Петрова,F,15,9,Абайская область,Западный район,Школа №1,ru,single,61.6,False
P03152,Адильхан,Кадыров,M,16,10,Восточно-Казахстанская область,Центральный район,Школа №1,kk,full,49.5,False
P03153,Андрей,Морозов,M,17,10,Абайская область,Южный район,Школа №4,ru,single,5.4,False
P03154,Алтынай,Жумабеков,F,14,7,Акмолинская область,Сельский район,Школа №2,kk,full,49.4,False
P03155,Александр,Лебедев,M,17,10,Абайская область,Западный район,Школа №3,ru,full,39.4,False
P03156,Ольга,Соколова,F,13,6,Костанайская область,Восточный район,Школа №5,ru,full,30.5,False
P03157,Айдана,Абилов,F,11,5,Западно-Казахстанская область,Северный район,Школа №3,kk,full,36.4,False
P03158,Жансая,Абилов,F,16,9,Северо-Казахстанская область,Восточный район,Школа №2,kk,full,56.6,False
P03159,Алихан,Сатпаев,M,17,11,Кызылординская область,Северный район,Школа №4,kk,full,74.9,True
P03160,Алтынай,Абилов,F,12,7,Карагандинская область,Заречный район,Школа №5,kk,full,59.7,False
P03161,Дарья,Волкова,F,15,8,Северо-Казахстанская область,Восточный район,Школа №4,ru,full,45.9,False
P03162,Шынгыс,Тулегенов,M,18,11,Атырауская область,Южный район,Школа №4,kk,single,55.8,False
P03163,Ольга,Иванова,F,16,10,Алматинская область,Восточный район,Школа №2,ru,single,42.1,False
P03164,Ержан,Абилов,M,13,7,Атырауская область,Северный район,Школа №2,kk,full,44.6,False
P03165,Жаныбек,Темирбеков,M,16,10,Абайская область,Западный район,Школа №5,kk,full,37.7,False
P03166,Алтынай,Кадыров,F,15,9,Акмолинская область,Южный район,Школа №1,kk,full,28.7,False
P03167,Алтынай,Тулегенов,F,14,7,Западно-Казахстанская область,Южный район,Школа №1,kk,full,49.2,False
P03168,Аружан,Маратов,F,18,11,Алматинская область,Центральный район,Школа №2,kk,full,57.4,False
P03169,Андрей,Соколов,M,17,11,Актюбинская область,Южный район,Школа №5,ru,full,53.6,False
P03170,Владислав,Новиков,M,16,10,Туркестанская область,Западный район,Школа №2,ru,full,48.8,False
P03171,Кирилл,Морозов,M,16,9,Атырауская область,Северный район,Школа №4,ru,single,34.8,False
P03172,Сабина,Сериков,F,14,8,Абайская область,Центральный район,Школа №5,kk,full,64.1,False
P03173,Михаил,Волков,M,14,8,Павлодарская область,Сельский район,Школа №3,ru,full,35.2,False
P03174,Иван,Смирнов,M,16,9,Павлодарская область,Северный район,Школа №3,ru,full,66.6,True
P03175,Дарья,Попова,F,15,9,Карагандинская область,Южный район,Школа №2,ru,full,40.0,False
P03176,Санжар,Касенов,M,13,7,г. Алматы,Сельский район,Школа №1,kk,full,43.7,False
P03177,Санжар,Алиев,M,14,8,Улытауская область,Восточный район,Школа №3,kk,full,33.0,False
P03178,Полина,Смирнова,F,14,7,г. Алматы,Западный район,Школа №3,ru,full,47.5,False
P03179,Наргиз,Кадыров,F,16,10,Жамбылская область,Центральный район,Школа №2,kk,full,69.6,True
P03180,Аружан,Нурланов,F,14,8,Атырауская область,Центральный район,Школа №1,kk,single,56.7,False
P03181,Дана,Бекенов,F,15,10,Абайская область,Заречный район,Школа №1,kk,full,69.7,True
P03182,Шынгыс,Нурланов,M,13,7,Карагандинская область,Южный район,Школа №3,kk,full,62.8,False
P03183,Наргиз,Сериков,F,12,6,Алматинская область,Заречный район,Школа №2,kk,single,32.4,False
P03184,Дарья,Волкова,F,10,5,Павлодарская область,Сельский район,Школа №1,ru,single,44.0,False
P03185,Дария,Жумабеков,F,17,10,г. Шымкент,Западный район,Школа №5,kk,single,37.3,False
P03186,Полина,Морозова,F,14,8,Актюбинская область,Сельский район,Школа №5,ru,full,75.0,True
P03187,Эльмира,Жумабеков,F,15,9,Жамбылская область,Восточный район,Школа №2,kk,single,31.0,False
P03188,Балжан,Бекенов,F,17,11,Алматинская область,Северный район,Школа №2,kk,full,68.4,True
P03189,Александр,Соколов,M,17,10,Северо-Казахстанская область,Северный район,Школа №3,ru,full,68.4,True
P03190,Олжас,Абилов,M,12,6,Туркестанская область, Южный район ,Школа №1,kk,full,82.4,True
P03191,Мария,Иванова,F,17,11,Абайская область,Заречный район,Школа №4,ru,full,48.9,False
P03192,Анна,Смирнова,F,17,10,г. Алматы,Северный район,Школа №2,ru,full,65.7,False
P03193,Сауле,Жумабеков,F,15,9,Северо-Казахстанская область,Северный район,Школа №2,kk,single,83.2,True
P03194,Ксения,Волкова,F,17,11,Павлодарская область,Западный район,Школа №1,ru,full,45.7,False
P03195,Михаил,Попов,M,15,9,Жетысуская область,Центральный район,Школа №3,ru,full,32.0,False
P03196,Дмитрий,Волков,M,15,9,г. Алматы,Центральный район,Школа №5,ru,full,26.8,False
P03197,Алмат,Темирбеков,M,16,10,Мангистауская область,Заречный район,Школа №5,kk,single,59.7,False
P03198,Бекжан,Нурланов,M,11,5,Западно-Казахстанская область,Заречный район,Школа №1,kk,single,20.8,False
P03199,Полина,Попова,F,14,7,г. Астана,Южный район,Школа №5,ru,single,43.4,False
P03200,Малика,Бекенов,F,14,8,Мангистауская область,Южный район,Школа №2,kk,full,61.6,False
P03201,Томирис,Бекенов,F,12,6,Кызылординская область,Сельский район,Школа №1,kk,full,57.8,False
P03202,Тимур,Кадыров,M,11,4,Жетысуская область,Сельский район,Школа №5,kk,full,61.4,False
P03203,Наргиз,Алиев,F,15,9,Жамбылская область,Северный район,Школа №1,kk,single,52.3,False
P03204,Александр,Петров,M,14,7,Актюбинская область,Центральный район,Школа №1,ru,single,68.2,True
P03205,Бауыржан,Нурланов,M,14,7,Западно-Казахстанская область,Восточный район,Школа №1,kk,full,40.7,False
P03206,Михаил,Лебедев,M,17,10,Алматинская область,Сельский район,Школа №3,ru,full,44.8,False
P03207,София,Волкова,F,11,6,Актюбинская область,Южный район,Школа №4,ru,full,43.4,False
P03208,Меруерт,Касенов,F,15,9,Жетысуская область,Восточный район,Школа №1,kk,full,67.5,True
P03209,Ольга,Смирнова,F,12,5,Павлодарская область,Южный район,Школа №2,ru,single,62.5,False
P03210,Аяна,Жумабеков,F,15,9,Кызылординская область,Западный район,Школа №1,kk,full,61.8,False
P03211,Аяна,Абилов,F,14,7,Северо-Казахстанская область,Центральный район,Школа №3,kk,full,72.8,True
P03212,Екатерина,Смирнова,F,14,8,Павлодарская область,Центральный район,Школа №5,ru,full,37.3,False
P03213,Сауле,Нурланов,F,14,7,Актюбинская область,Центральный район,Школа №5,kk,full,80.0,True
P03214,Наргиз,Сатпаев,F,17,11,Карагандинская область,Сельский район,Школа №2,kk,full,77.8,True
P03215,Камила,Бекенов,F,15,9,Атырауская область,Восточный район,Школа №4,kk,full,66.0,True
P03216,Ксения,Морозова,F,16,9,Северо-Казахстанская область,Заречный район,Школа №4,ru,full,81.7,True
P03217,Ксения,Попова,F,16,11,Жетысуская область,Южный район,Школа №3,ru,single,24.2,False
P03218,Ержан,Бекенов,M,15,9,Северо-Казахстанская область,Восточный район,Школа №1,kk,full,47.1,False
P03219,Динара,Бекенов,F,13,7,г. Шымкент,Южный район,Школа №1,kk,full,44.0,False
P03220,Наргиз,Тулегенов,F,13,6,Абайская область,Южный район,Школа №2,kk,full,65.8,False
P03221,Шынгыс,Сериков,M,18,11,Жетысуская область,Восточный район,Школа №3,kk,full,39.2,False
P03222,Анастасия,Новикова,F,10,5,Жетысуская область,Восточный район,Школа №3,ru,single,60.4,False
P03223,Дамир,Темирбеков,M,15,8,Костанайская область,Центральный район,Школа №2,kk,full,75.6,True
P03224,Малика,Бекенов,F,13,7,Жамбылская область,Южный район,Школа №4,kk,full,65.4,False
P03225,Мария,Лебедева,F,17,11,Акмолинская область,Северный район,Школа №2,ru,single,53.3,False
P03226,Алтынай,Кадыров,F,12,7,г. Шымкент,Северный район,Школа №5,kk,full,40.2,False
P03227,Рамазан,Нурланов,M,17,10,Акмолинская область,Восточный район,Школа №1,kk,full,42.3,False
P03228,Дмитрий,Волков,M,12,6,Северо-Казахстанская область,Восточный район,Школа №4,ru,single,67.7,True
P03229,Алина,Жумабеков,F,17,11,Западно-Казахстанская область,Северный район,Школа №4,kk,full,66.7,True
P03230,Балжан,Кадыров,F,14,8,Абайская область,Сельский район,Школа №2,kk,single,48.4,False
P03231,Санжар,Абилов,M,15,8,Костанайская область,Восточный район,Школа №1,kk,full,48.7,False
P03232,Аян,Бекенов,M,11,5,Мангистауская область,Центральный район,Школа №5,kk,full,24.6,False
P03233,Тимур,Тулегенов,M,17,11,Карагандинская область,Заречный район,Школа №2,kk,full,38.9,False
P03234,Динара,Маратов,F,14,9,Улытауская область,Сельский район,Школа №4,kk,full,83.7,True
P03235,Ксения,Петрова,F,14,8,Абайская область,Сельский район,Школа №1,ru,full,35.8,False
P03236,Елена,Новикова,F,16,10,Улытауская область,Заречный район,Школа №2,ru,full,57.8,False
P03237,Балжан,Нурланов,F,17,11,Костанайская область,Заречный район,Школа №1,kk,full,70.1,True
P03238,Шынгыс,Темирбеков,M,18,11,Жамбылская область,Центральный район,Школа №5,kk,full,36.2,False
P03239,Дана,Бекенов,F,14,7,Актюбинская область,Восточный район,Школа №5,kk,full,57.8,False
P03240,Дамир,Темирбеков,M,18,11,г. Алматы,Западный район,Школа №3,kk,full,69.1,True
P03241,Айдар,Абилов,M,13,6,Кызылординская область, Восточный район ,Школа №3,kk,full,55.2,False
P03242,Артём,Кузнецов,M,15,9,Акмолинская область,Северный район,Школа №5,ru,full,98.0,True
P03243,Артём,Кузнецов,M,12,7,Кызылординская область,Сельский район,Школа №3,ru,single,24.0,False
P03244,Тимур,Сериков,M,16,10,Кызылординская область,Южный район,Школа №1,kk,full,70.9,True
P03245,Шынгыс,Кадыров,M,10,4,Жамбылская область,Центральный район,Школа №3,kk,full,52.4,False
P03246,Артём,Иванов,M,12,7,Мангистауская область,Западный район,Школа №1,ru,single,60.6,False
P03247,Айдар,Кадыров,M,13,6,Карагандинская область,Западный район,Школа №4,kk,full,61.6,False
P03248,Меруерт,Бекенов,F,13,7,г. Астана,Сельский район,Школа №2,kk,full,44.0,False
P03249,Алмат,Кадыров,M,16,10,Актюбинская область,Западный район,Школа №2,kk,single,52.4,False
P03250,Дана,Алиев,F,15,9,г. Астана,Южный район,Школа №1,kk,single,21.1,False
P03251,Нурлан,Тулегенов,M,18,11,Улытауская область,Заречный район,Школа №3,kk,full,64.0,False
P03252,Тимур,Нурланов,M,16,10,г. Шымкент,Южный район,Школа №3,kk,full,59.5,False
P03253,Дария,Тулегенов,F,17,11,г. Алматы,Южный район,Школа №1,kk,single,58.6,False
P03254,Дана,Жумабеков,F,16,11,Павлодарская область,Заречный район,Школа №2,kk,full,70.9,True
P03255,Жансая,Кадыров,F,14,8,Кызылординская область,Западный район,Школа №2,kk,full,60.5,False
P03256,Арман,Касенов,M,13,7,Атырауская область,Восточный район,Школа №3,kk,full,57.2,False
P03257,Томирис,Алиев,F,12,5,Кызылординская область,Южный район,Школа №1,kk,full,41.8,False
P03258,Екатерина,Новикова,F,14,8,г. Шымкент,Восточный район,Школа №1,ru,single,38.3,False
P03259,Дария,Тулегенов,F,14,8,Карагандинская область,Западный район,Школа №4,kk,single,66.8,True
P03260,Малика,Алиев,F,15,9,Жамбылская область,Заречный район,Школа №4,kk,full,76.5,True
P03261,Ерасыл,Темирбеков,M,12,7,Восточно-Казахстанская область,Сельский район,Школа №4,kk,full,51.4,False
P03262,Арман,Абилов,M,11,6,Атырауская область,Заречный район,Школа №3,kk,single,49.7,False
P03263,Екатерина,Соколова,F,11,5,Алматинская область,Восточный район,Школа №1,ru,single,35.4,False
P03264,Данияр,Кадыров,M,17,11,Кызылординская область,Западный район,Школа №3,kk,single,66.6,True
P03265,Бауыржан,Бекенов,M,16,10,Кызылординская область,Сельский район,Школа №4,kk,full,65.0,False
P03266,Никита,Попов,M,12,5,Абайская область,Южный район,Школа №5,ru,full,84.1,True
P03267,Алина,Абилов,F,15,9,Актюбинская область,Южный район,Школа №4,kk,full,41.8,False
P03268,Гульнара,Бекенов,F,17,10,Мангистауская область,Западный район,Школа №1,kk,full,49.3,False
P03269,Нурлан,Темирбеков,M,18,11,Улытауская область,Западный район,Школа №5,kk,full,58.5,False
P03270,Анастасия,Попова,F,14,9,Кызылординская область,Сельский район,Школа №2,ru,full,64.7,False
P03271,Аяна,Нурланов,F,16,10,Карагандинская область,Центральный район,Школа №2,kk,single,45.8,False
P03272,Наргиз,Сатпаев,F,15,9,Акмолинская область,Северный район,Школа №2,kk,full,41.9,False
P03273,Анна,Морозова,F,13,7,г. Алматы,Западный район,Школа №3,ru,full,68.2,True
P03274,Меруерт,Нурланов,F,17,11,Мангистауская область,Северный район,Школа №3,kk,single,59.8,False
P03275,Алина,Алиев,F,14,8,Карагандинская область,Северный район,Школа №4,kk,full,41.3,False
P03276,Дана,Темирбеков,F,16,10,Западно-Казахстанская область,Восточный район,Школа №2,kk,single,69.3,True
P03277,Гульнара,Абилов,F,12,5,г. Шымкент,Сельский район,Школа №5,kk,full,72.6,True
P03278,Эльмира,Сатпаев,F,15,9,Восточно-Казахстанская область,Южный район,Школа №4,kk,single,51.0,False
P03279,Владислав,Волков,M,16,10,г. Шымкент,Заречный район,Школа №1,ru,single,50.2,False
P03280,Владислав,Волков,M,17,10,Западно-Казахстанская область,Центральный район,Школа №4,ru,single,57.3,False
P03281,Мария,Соколова,F,10,5,г. Астана,Восточный район,Школа №5,ru,full,42.1,False
P03282,София,Смирнова,F,14,7,Жетысуская область,Заречный район,Школа №2,ru,full,55.5,False
P03283,Олжас,Бекенов,M,11,5,Жетысуская область,Восточный район,Школа №3,kk,full,22.7,False
P03284,Рамазан,Жумабеков,M,11,5,Улытауская область,Южный район,Школа №2,kk,single,62.1,False
P03285,Ерасыл,Касенов,M,16,10,Северо-Казахстанская область,Заречный район,Школа №3,kk,full,31.6,False
P03286,Жансая,Кадыров,F,15,9,Актюбинская область,Сельский район,Школа №4,kk,full,77.6,True
P03287,Шынгыс,Жумабеков,M,14,8,Жамбылская область,Восточный район,Школа №2,kk,full,50.0,False
P03288,Бауыржан,Жумабеков,M,13,6,Западно-Казахстанская область,Северный район,Школа №3,kk,full,51.8,False
P03289,Иван,Смирнов,M,12,5,Акмолинская область,Северный район,Школа №5,ru,full,45.6,False
P03290,Динара,Нурланов,F,14,7,Кызылординская область,Заречный район,Школа №2,kk,full,50.7,False
P03291,Балжан,Алиев,F,17,11,Восточно-Казахстанская область,Заречный район,Школа №4,kk,single,70.3,True
P03292,Никита,Иванов,M,11,5,Западно-Казахстанская область,Северный район,Школа №5,ru,full,17.7,False
P03293,София,Петрова,F,10,5,Туркестанская область,Центральный район,Школа №2,ru,full,74.2,True
P03294,Дмитрий,Волков,M,13,7,Павлодарская область,Южный район,Школа №1,ru,full,60.1,False
P03295,Эльмира,Нурланов,F,14,7,Алматинская область,Центральный район,Школа №2,kk,single,30.9,False
P03296,Александр,Новиков,M,10,5,Туркестанская область,Заречный район,Школа №3,ru,full,38.9,False
P03297,Артём,Петров,M,13,7,Мангистауская область,Западный район,Школа №3,ru,single,74.1,True
P03298,Владислав,Смирнов,M,11,5,Акмолинская область,Южный район,Школа №5,ru,full,40.8,False
P03299,Нурлан,Кадыров,M,11,6,Мангистауская область,Сельский район,Школа №2,kk,single,31.7,False
P03300,Айгерим,Нурланов,F,13,7,Атырауская область,Южный район,Школа №3,kk,full,72.1,True
P03301,Бекжан,Нурланов,M,15,10,Туркестанская область,Заречный район,Школа №4,kk,full,60.1,False
P03302,Малика,Тулегенов,F,12,7,Туркестанская область,Центральный район,Школа №1,kk,single,34.9,False
P03303,Сабина,Сериков,F,12,6,Мангистауская область,Восточный район,Школа №5,kk,single,52.2,False
P03304,Никита,Кузнецов,M,13,7,Жетысуская область,Центральный район,Школа №3,ru,single,33.6,False
P03305,Мария,Попова,F,15,9,Туркестанская область,Сельский район,Школа №4,ru,full,71.5,True
P03306,Айдар,Алиев,M,15,8,Западно-Казахстанская область,Северный район,Школа №3,kk,single,64.9,False
P03307,Анна,Волкова,F,10,5,Абайская область,Северный район,Школа №3,ru,full,63.0,False
P03308,Ерасыл,Сериков,M,14,8,Акмолинская область,Западный район,Школа №3,kk,single,54.4,False
P03309,Бекжан,Темирбеков,M,16,10,Костанайская область,Восточный район,Школа №3,kk,full,81.4,True
P03310,Сауле,Жумабеков,F,13,7,Алматинская область,Восточный район,Школа №3,kk,full,55.0,False
P03311,Меруерт,Темирбеков,F,14,7,Западно-Казахстанская область,Восточный район,Школа №2,kk,full,37.3,False
P03312,Екатерина,Кузнецова,F,16,9,г. Астана,Заречный район,Школа №4,ru,full,61.7,False
P03313,Эльмира,Абилов,F,14,8,Кызылординская область,Центральный район,Школа №1,kk,single,80.3,True
P03314,Алина,Темирбеков,F,11,5,Кызылординская область,Заречный район,Школа №5,kk,full,39.8,False
P03315,Алина,Абилов,F,13,7,г. Астана,Северный район,Школа №4,kk,full,49.6,False
P03316,Елена,Иванова,F,17,11,Мангистауская область,Южный район,Школа №3,ru,single,55.2,False
P03317,Балжан,Кадыров,F,16,11,Северо-Казахстанская область,Центральный район,Школа №4,kk,full,54.2,False
P03318,Максим,Морозов,M,15,8,Костанайская область,Восточный район,Школа №2,ru,full,40.3,False
P03319,Арман,Касенов,M,11,5,Мангистауская область,Сельский район,Школа №1,kk,full,71.8,True
P03320,Анастасия,Волкова,F,16,9,Жетысуская область,Восточный район,Школа №5,ru,full,89.8,True
P03321,Анна,Новикова,F,14,8,Акмолинская область,Центральный район,Школа №2,ru,full,57.9,False
P03322,Сабина,Абилов,F,15,10,Северо-Казахстанская область,Сельский район,Школа №4,kk,full,41.4,False
P03323,Камила,Тулегенов,F,15,8,Атырауская область,Центральный район,Школа №3,kk,single,25.8,False
P03324,Рамазан,Абилов,M,15,8,Жамбылская область,Заречный район,Школа №5,kk,full,58.9,False
P03325,Дарья,Иванова,F,17,11,Кызылординская область,Сельский район,Школа №1,ru,full,71.6,True
P03326,София,Новикова,F,11,6,Карагандинская область,Заречный район,Школа №5,ru,full,62.1,False
P03327,Дамир,Маратов,M,13,8,Улытауская область,Восточный район,Школа №2,kk,full,55.0,False
P03328,Наргиз,Жумабеков,F,15,8,Улытауская область,Восточный район,Школа №3,kk,full,46.2,False
P03329,Эльмира,Касенов,F,15,9,Костанайская область,Заречный район,Школа №2,kk,full,38.6,False
P03330,Алтынай,Алиев,F,14,9,Кызылординская область,Северный район,Школа №1,kk,full,67.5,True
P03331,Томирис,Сериков,F,16,9,Атырауская область,Восточный район,Школа №1,kk,full,68.7,True
P03332,Жансая,Бекенов,F,16,10,Акмолинская область,Северный район,Школа №2,kk,full,31.8,False
P03333,Санжар,Алиев,M,14,8,Улытауская область,Сельский район,Школа №4,kk,full,78.8,True
P03334,Аян,Темирбеков,M,17,11,Атырауская область,Западный район,Школа №5,kk,full,63.6,False
P03335,Аян,Нурланов,M,13,7,г. Астана,Сельский район,Школа №2,kk,full,76.0,True
P03336,Артём,Смирнов,M,15,9,г. Астана,Северный район,Школа №4,ru,single,28.9,False
P03337,Дамир,Касенов,M,13,7,Северо-Казахстанская область,Южный район,Школа №1,kk,full,34.5,False
P03338,Томирис,Сериков,F,15,9,Северо-Казахстанская область,Южный район,Школа №2,kk,full,52.8,False
P03339,Санжар,Маратов,M,15,8,Актюбинская область,Центральный район,Школа №4,kk,full,62.5,False
P03340,Эльмира,Жумабеков,F,14,8,Улытауская область,Центральный район,Школа №2,kk,full,81.9,True
P03341,Шынгыс,Жумабеков,M,15,9,Жамбылская область,Северный район,Школа №4,kk,single,59.6,False
P03342,Динара,Темирбеков,F,17,10,Мангистауская область,Западный район,Школа №2,kk,full,51.4,False
P03343,Александр,Петров,M,17,10,Абайская область,Южный район,Школа №4,ru,full,39.6,False
P03344,Томирис,Алиев,F,17,10,Алматинская область,Центральный район,Школа №5,kk,full,73.5,True
P03345,Эльмира,Касенов,F,13,7,Алматинская область,Северный район,Школа №5,kk,single,34.5,False
P03346,Санжар,Касенов,M,10,4,Актюбинская область,Центральный район,Школа №4,kk,full,79.4,True
P03347,Алихан,Нурланов,M,14,8,Карагандинская область,Сельский район,Школа №2,kk,single,44.7,False
P03348,Нурлан,Алиев,M,13,7,Абайская область,Северный район,Школа №2,kk,single,72.9,True
P03349,Дарья,Кузнецова,F,16,10,г. Астана, Южный район ,Школа №1,ru,full,65.2,False
P03350,Айдар,Сатпаев,M,15,10,Костанайская область,Сельский район,Школа №4,kk,full,52.9,False
P03351,Томирис,Тулегенов,F,11,5,Актюбинская область,Центральный район,Школа №3,kk,full,47.2,False
P03352,Алихан,Маратов,M,12,7,Восточно-Казахстанская область,Центральный район,Школа №2,kk,full,49.9,False
P03353,Айдар,Сатпаев,M,15,9,Костанайская область,Восточный район,Школа №1,kk,full,61.4,False
P03354,Кирилл,Лебедев,M,16,9,Кызылординская область,Заречный район,Школа №2,ru,single,50.2,False
P03355,Иван,Морозов,M,15,9,Алматинская область,Восточный район,Школа №1,ru,full,46.1,False
P03356,Дарья,Соколова,F,16,11,г. Астана,Северный район,Школа №5,ru,full,52.5,False
P03357,Шынгыс,Жумабеков,M,9,4,Улытауская область,Центральный район,Школа №3,kk,full,56.2,False
P03358,Камила,Сатпаев,F,16,10,г. Астана,Северный район,Школа №3,kk,full,23.1,False
P03359,Аян,Маратов,M,13,6,Абайская область,Центральный район,Школа №1,kk,single,55.9,False
P03360,Мария,Волкова,F,15,8,Улытауская область,Западный район,Школа №4,ru,full,40.3,False
P03361,Олжас,Алиев,M,14,8,г. Шымкент,Центральный район,Школа №4,kk,single,31.7,False
P03362,Елена,Соколова,F,12,6,г. Астана,Центральный район,Школа №3,ru,single,23.7,False
P03363,Алтынай,Сериков,F,12,6,Жамбылская область,Центральный район,Школа №2,kk,full,28.1,False
P03364,Екатерина,Соколова,F,16,10,Восточно-Казахстанская область,Западный район,Школа №1,ru,single,28.7,False
P03365,Мария,Смирнова,F,17,11,Мангистауская область,Восточный район,Школа №2,ru,full,44.4,False
P03366,Дамир,Алиев,M,16,10,Жетысуская область,Западный район,Школа №1,kk,full,84.3,True
P03367,Бауыржан,Касенов,M,16,10,г. Астана,Сельский район,Школа №4,kk,full,47.1,False
P03368,Ольга,Новикова,F,12,6,Атырауская область,Центральный район,Школа №3,ru,single,51.7,False
P03369,Бауыржан,Маратов,M,11,4,Акмолинская область,Сельский район,Школа №1,kk,single,55.0,False
P03370,Елена,Новикова,F,12,7,Атырауская область,Южный район,Школа №4,ru,full,57.0,False
P03371,София,Кузнецова,F,16,10,г. Астана,Северный район,Школа №4,ru,full,53.8,False
P03372,Темирлан,Касенов,M,15,9,Алматинская область,Сельский район,Школа №5,kk,full,37.1,False
P03373,Меруерт,Тулегенов,F,13,7,Павлодарская область, Западный район ,Школа №1,kk,full,76.8,True
P03374,Екатерина,Петрова,F,12,7,Улытауская область,Западный район,Школа №5,ru,single,76.1,True
P03375,Алина,Касенов,F,16,10,Жамбылская область,Южный район,Школа №4,kk,full,29.8,False
P03376,Александр,Новиков,M,15,9,Туркестанская область, Южный район ,Школа №5,ru,full,39.6,False
P03377,Камила,Бекенов,F,16,10,Кызылординская область,Восточный район,Школа №4,kk,full,50.8,False
P03378,Адильхан,Кадыров,M,15,9,г. Астана,Южный район,Школа №3,kk,full,40.5,False
P03379,Никита,Попов,M,16,10,Костанайская область,Центральный район,Школа №2,ru,full,62.6,False
P03380,Нурлан,Бекенов,M,10,4,Кызылординская область,Центральный район,Школа №1,kk,full,44.1,False
P03381,Кирилл,Кузнецов,M,10,4,Мангистауская область,Сельский район,Школа №5,ru,single,81.5,True
P03382,Рамазан,Алиев,M,17,11,Атырауская область,Северный район,Школа №4,kk,single,66.9,True
P03383,Айдана,Маратов,F,16,9,Жамбылская область,Сельский район,Школа №2,kk,full,58.2,False
P03384,Сабина,Сатпаев,F,15,9,г. Астана,Сельский район,Школа №3,kk,single,64.4,False
P03385,Аяна,Абилов,F,17,11,Костанайская область,Западный район,Школа №4,kk,full,71.6,True
P03386,Владислав,Кузнецов,M,14,8,Алматинская область,Центральный район,Школа №5,ru,full,46.5,False
P03387,Никита,Соколов,M,10,5,Абайская область,Центральный район,Школа №5,ru,full,42.8,False
P03388,Ержан,Маратов,M,12,5,Актюбинская область,Заречный район,Школа №1,kk,full,56.2,False
P03389,Темирлан,Сериков,M,16,11,Северо-Казахстанская область,Центральный район,Школа №3,kk,full,67.9,True
P03390,Балжан,Алиев,F,13,8,Актюбинская область,Южный район,Школа №5,kk,full,57.1,False
P03391,Бауыржан,Касенов,M,16,10,Карагандинская область,Заречный район,Школа №2,kk,full,31.3,False
P03392,Алихан,Темирбеков,M,11,5,Абайская область,Южный район,Школа №1,kk,full,43.0,False
P03393,Ерасыл,Маратов,M,16,10,Северо-Казахстанская область,Западный район,Школа №1,kk,full,53.9,False
P03394,Ержан,Нурланов,M,13,8,Северо-Казахстанская область,Северный район,Школа №4,kk,single,47.9,False
P03395,Сауле,Сатпаев,F,14,8,г. Алматы,Восточный район,Школа №4,kk,single,78.6,True
P03396,Екатерина,Морозова,F,17,10,Туркестанская область,Восточный район,Школа №2,ru,full,34.2,False
P03397,Эльмира,Абилов,F,12,6,Восточно-Казахстанская область,Центральный район,Школа №4,kk,full,62.6,False
P03398,Сабина,Нурланов,F,16,10,Улытауская область,Сельский район,Школа №4,kk,full,77.3,True
P03399,Анастасия,Новикова,F,15,10,г. Астана,Заречный район,Школа №3,ru,full,89.1,True
P03400,Наргиз,Кадыров,F,12,5,Улытауская область,Южный район,Школа №5,kk,full,48.9,False
P03401,Арман,Темирбеков,M,12,6,Кызылординская область,Южный район,Школа №5,kk,full,62.4,False
P03402,Иван,Соколов,M,16,10,Абайская область,Восточный район,Школа №3,ru,full,63.5,False
P03403,Анна,Попова,F,12,6,Жамбылская область,Восточный район,Школа №3,ru,full,57.9,False
P03404,Екатерина,Попова,F,15,8,Западно-Казахстанская область,Южный район,Школа №1,ru,single,47.5,False
P03405,Сабина,Тулегенов,F,15,9,г. Алматы,Сельский район,Школа №2,kk,single,55.5,False
P03406,Анастасия,Иванова,F,16,11,Северо-Казахстанская область,Сельский район,Школа №1,ru,single,11.0,False
P03407,Алина,Сериков,F,14,8,Восточно-Казахстанская область,Южный район,Школа №4,kk,full,65.2,False
P03408,Андрей,Иванов,M,11,5,Карагандинская область,Западный район,Школа №4,ru,full,56.9,False
P03409,Артём,Соколов,M,11,5,Карагандинская область,Сельский район,Школа №4,ru,full,51.7,False
P03410,Адильхан,Сериков,M,13,7,Улытауская область,Восточный район,Школа №1,kk,full,85.7,True
P03411,Елена,Кузнецова,F,16,10,Абайская область,Восточный район,Школа №3,ru,single,38.9,False
P03412,Наргиз,Касенов,F,15,10,Западно-Казахстанская область,Западный район,Школа №1,kk,full,49.0,False
P03413,Алтынай,Абилов,F,18,11,Северо-Казахстанская область,Западный район,Школа №5,kk,full,84.9,True
P03414,Данияр,Абилов,M,11,5,Абайская область,Южный район,Школа №1,kk,full,42.5,False
P03415,Елена,Кузнецова,F,17,11,Атырауская область,Северный район,Школа №3,ru,single,40.7,False
P03416,Артём,Новиков,M,11,5,Кызылординская область,Западный район,Школа №4,ru,full,52.8,False
P03417,Балжан,Маратов,F,13,7,Атырауская область,Южный район,Школа №4,kk,full,67.6,True
P03418,Арман,Бекенов,M,10,5,Алматинская область,Центральный район,Школа №3,kk,full,58.1,False
P03419,Дарья,Иванова,F,17,10,Мангистауская область,Центральный район,Школа №2,ru,full,35.6,False
P03420,Аружан,Алиев,F,15,9,Актюбинская область,Заречный район,Школа №2,kk,single,41.0,False
P03421,Владислав,Попов,M,13,7,Жамбылская область,Западный район,Школа №2,ru,full,45.9,False
P03422,Динара,Касенов,F,13,7,г. Шымкент,Западный район,Школа №3,kk,full,53.8,False
P03423,Динара,Кадыров,F,15,9,Жамбылская область,Восточный район,Школа №3,kk,full,61.4,False
P03424,Ержан,Темирбеков,M,15,9,г. Алматы,Центральный район,Школа №5,kk,single,55.3,False
P03425,Бауыржан,Кадыров,M,15,9,г. Алматы,Южный район,Школа №3,kk,single,22.4,False
P03426,Аяна,Тулегенов,F,13,7,Улытауская область,Центральный район,Школа №4,kk,single,65.0,False
P03427,Меруерт,Бекенов,F,17,11,Кызылординская область,Южный район,Школа №3,kk,full,58.8,False
P03428,Наргиз,Абилов,F,15,9,Западно-Казахстанская область,Южный район,Школа №3,kk,single,69.8,True
P03429,Данияр,Темирбеков,M,16,9,Акмолинская область, Восточный район ,Школа №5,kk,single,55.7,False
P03430,Арман,Маратов,M,15,8,Северо-Казахстанская область,Южный район,Школа №2,kk,full,71.5,True
P03431,Ксения,Соколова,F,11,5,Мангистауская область,Центральный район,Школа №2,ru,full,62.0,False
P03432,Ержан,Маратов,M,15,10,Жамбылская область,Западный район,Школа №1,kk,full,75.2,True
P03433,Екатерина,Смирнова,F,12,6,Западно-Казахстанская область,Восточный район,Школа №5,ru,full,62.8,False
P03434,Ольга,Соколова,F,12,6,Жамбылская область,Центральный район,Школа №1,ru,full,53.5,False
P03435,София,Соколова,F,17,11,Жетысуская область,Заречный район,Школа №5,ru,single,83.1,True
P03436,Томирис,Кадыров,F,11,5,Атырауская область,Заречный район,Школа №4,kk,full,68.3,True
P03437,Дамир,Кадыров,M,16,10,Карагандинская область,Западный район,Школа №3,kk,single,57.6,False
P03438,Дарья,Новикова,F,16,10,Жамбылская область,Заречный район,Школа №3,ru,full,35.9,False
P03439,Арман,Касенов,M,17,11,Западно-Казахстанская область,Центральный район,Школа №5,kk,single,29.7,False
P03440,Алтынай,Абилов,F,16,10,Павлодарская область,Сельский район,Школа №1,kk,single,53.4,False
P03441,Иван,Попов,M,12,7,Алматинская область,Центральный район,Школа №4,ru,single,51.2,False
P03442,Аружан,Маратов,F,10,4,Атырауская область,Западный район,Школа №2,kk,full,45.8,False
P03443,Санжар,Маратов,M,14,8,Атырауская область,Восточный район,Школа №4,kk,full,57.1,False
P03444,Дана,Бекенов,F,12,6,Жетысуская область,Сельский район,Школа №4,kk,single,72.8,True
P03445,Малика,Маратов,F,10,5,г. Астана,Северный район,Школа №3,kk,full,65.4,False
P03446,Аян,Сериков,M,18,11,Западно-Казахстанская область,Северный район,Школа №3,kk,full,37.9,False
P03447,Мария,Попова,F,17,11,Жамбылская область,Сельский район,Школа №3,ru,full,53.3,False
P03448,Айгерим,Тулегенов,F,13,8,г. Астана,Западный район,Школа №5,kk,full,42.9,False
P03449,Наргиз,Сатпаев,F,16,10,Жамбылская область,Сельский район,Школа №4,kk,full,49.2,False
P03450,Бауыржан,Жумабеков,M,11,5,Актюбинская область,Заречный район,Школа №3,kk,full,48.8,False
P03451,Иван,Волков,M,15,10,Абайская область,Западный район,Школа №5,ru,full,47.8,False
P03452,Темирлан,Касенов,M,15,9,Туркестанская область,Центральный район,Школа №1,kk,full,36.2,False
P03453,Иван,Волков,M,12,6,Павлодарская область,Сельский район,Школа №2,ru,single,47.1,False
P03454,Полина,Новикова,F,15,10,Кызылординская область,Центральный район,Школа №4,ru,full,46.6,False
P03455,Михаил,Морозов,M,17,11,г. Алматы,Центральный район,Школа №1,ru,single,5.1,False
P03456,Дамир,Сериков,M,15,9,Жетысуская область,Центральный район,Школа №5,kk,full,85.8,True
P03457,Максим,Попов,M,16,9,Костанайская область,Заречный район,Школа №1,ru,single,65.3,False
P03458,Шынгыс,Абилов,M,13,7,Восточно-Казахстанская область,Северный район,Школа №5,kk,full,49.4,False
P03459,Ерасыл,Сериков,M,10,4,г. Алматы,Центральный район,Школа №2,kk,full,55.3,False
P03460,Александр,Соколов,M,13,7,Мангистауская область,Северный район,Школа №4,ru,single,31.4,False
P03461,Томирис,Жумабеков,F,13,8,Алматинская область,Восточный район,Школа №4,kk,full,80.4,True
P03462,Малика,Сатпаев,F,15,9,Улытауская область,Заречный район,Школа №3,kk,full,83.5,True
P03463,Александр,Лебедев,M,12,7,Павлодарская область,Восточный район,Школа №4,ru,full,57.4,False
P03464,Ольга,Морозова,F,11,5,г. Шымкент,Южный район,Школа №4,ru,full,70.4,True
P03465,Кирилл,Соколов,M,17,11,Кызылординская область,Заречный район,Школа №5,ru,single,51.6,False
P03466,Айгерим,Жумабеков,F,15,9,Северо-Казахстанская область,Центральный район,Школа №4,kk,full,34.9,False
P03467,Олжас,Кадыров,M,18,11,Мангистауская область,Сельский район,Школа №4,kk,full,48.8,False
P03468,Владислав,Смирнов,M,11,5,Туркестанская область,Северный район,Школа №4,ru,full,57.0,False
P03469,Алина,Алиев,F,15,8,Жетысуская область, Центральный район ,Школа №3,kk,single,42.2,False
P03470,Ержан,Бекенов,M,16,10,Атырауская область,Заречный район,Школа №3,kk,full,51.7,False
P03471,Анастасия,Попова,F,14,9,Туркестанская область,Сельский район,Школа №4,ru,full,53.6,False
P03472,Дамир,Сериков,M,15,9,Жетысуская область,Сельский район,Школа №3,kk,full,53.8,False
P03473,Михаил,Соколов,M,17,11,г. Шымкент,Заречный район,Школа №4,ru,single,49.8,False
P03474,Айдар,Нурланов,M,11,5,Акмолинская область,Центральный район,Школа №4,kk,single,33.1,False
P03475,Айдар,Жумабеков,M,17,11,г. Астана,Центральный район,Школа №4,kk,full,44.2,False
P03476,Камила,Бекенов,F,17,11,Улытауская область,Заречный район,Школа №2,kk,single,29.7,False
P03477,Анастасия,Попова,F,15,8,Западно-Казахстанская область,Южный район,Школа №4,ru,full,69.7,True
P03478,Елена,Петрова,F,16,11,Западно-Казахстанская область,Северный район,Школа №3,ru,full,23.4,False
P03479,Сабина,Абилов,F,16,10,Восточно-Казахстанская область,Восточный район,Школа №3,kk,full,72.3,True
P03480,Бекжан,Сатпаев,M,12,5,г. Астана,Сельский район,Школа №2,kk,single,69.8,True
P03481,Андрей,Кузнецов,M,17,10,Атырауская область,Заречный район,Школа №3,ru,full,50.5,False
P03482,Наргиз,Сериков,F,11,5,Кызылординская область,Сельский район,Школа №3,kk,full,16.0,False
P03483,Ерасыл,Нурланов,M,10,5,г. Алматы,Западный район,Школа №5,kk,full,49.6,False
P03484,Меруерт,Касенов,F,16,10,Мангистауская область,Восточный район,Школа №4,kk,single,48.0,False
P03485,Мария,Лебедева,F,15,9,Западно-Казахстанская область,Восточный район,Школа №1,ru,full,39.8,False
P03486,Дарья,Волкова,F,16,11,Павлодарская область,Южный район,Школа №3,ru,full,47.3,False
P03487,Темирлан,Тулегенов,M,15,9,Туркестанская область,Западный район,Школа №5,kk,full,78.0,True
P03488,Аян,Темирбеков,M,13,8,Павлодарская область,Центральный район,Школа №5,kk,full,65.0,False
P03489,Сауле,Абилов,F,10,4,Жетысуская область,Заречный район,Школа №3,kk,single,35.1,False
P03490,Нурлан,Бекенов,M,12,7,г. Астана,Центральный район,Школа №1,kk,full,31.0,False
P03491,Томирис,Бекенов,F,10,5,Жетысуская область, Сельский район ,Школа №1,kk,single,44.1,False
P03492,Мария,Попова,F,15,9,Западно-Казахстанская область,Западный район,Школа №3,ru,full,51.8,False
P03493,Томирис,Нурланов,F,14,8,Алматинская область,Южный район,Школа №2,kk,single,56.4,False
P03494,Михаил,Кузнецов,M,17,11,Костанайская область,Центральный район,Школа №5,ru,full,47.0,False
P03495,Владислав,Попов,M,14,8,Кызылординская область,Восточный район,Школа №5,ru,full,62.7,False
P03496,Никита,Попов,M,15,8,г. Алматы,Восточный район,Школа №1,ru,single,78.0,True
P03497,Александр,Петров,M,16,10,г. Шымкент,Западный район,Школа №1,ru,full,67.2,True
P03498,Елена,Новикова,F,13,6,Павлодарская область,Заречный район,Школа №5,ru,full,54.3,False
P03499,Андрей,Новиков,M,16,9,г. Астана,Восточный район,Школа №4,ru,single,46.3,False
P03500,Александр,Смирнов,M,16,9,Туркестанская область,Сельский район,Школа №1,ru,full,49.6,False
P03501,Дарья,Иванова,F,12,6,Жамбылская область,Западный район,Школа №4,ru,full,72.7,True
P03502,Алина,Сатпаев,F,16,10,Акмолинская область,Заречный район,Школа №3,kk,full,45.6,False
P03503,Дмитрий,Лебедев,M,13,7,Восточно-Казахстанская область,Северный район,Школа №4,ru,full,55.7,False
P03504,Жансая,Темирбеков,F,14,8,Улытауская область,Северный район,Школа №2,kk,full,55.8,False
P03505,Анастасия,Кузнецова,F,18,11,Акмолинская область,Заречный район,Школа №3,ru,single,41.5,False
P03506,Дана,Алиев,F,13,7,Акмолинская область,Северный район,Школа №5,kk,full,34.4,False
P03507,Шынгыс,Бекенов,M,16,9,Жетысуская область,Северный район,Школа №5,kk,full,59.8,False
P03508,Дамир,Темирбеков,M,16,11,Карагандинская область,Сельский район,Школа №1,kk,full,54.1,False
P03509,Бекжан,Касенов,M,16,10,Костанайская область,Заречный район,Школа №2,kk,full,62.5,False
P03510,Жансая,Кадыров,F,11,5,Западно-Казахстанская область,Восточный район,Школа №4,kk,full,47.0,False
P03511,Темирлан,Сериков,M,17,11,Карагандинская область,Восточный район,Школа №2,kk,full,73.3,True
P03512,Никита,Кузнецов,M,13,7,г. Астана,Заречный район,Школа №5,ru,single,35.8,False
P03513,Ксения,Иванова,F,16,9,Алматинская область,Северный район,Школа №2,ru,full,80.7,True
P03514,Темирлан,Сатпаев,M,16,10,Костанайская область,Западный район,Школа №3,kk,full,28.8,False
P03515,Анна,Смирнова,F,11,6,г. Шымкент,Сельский район,Школа №1,ru,full,61.5,False
P03516,Иван,Волков,M,12,7,Жетысуская область,Западный район,Школа №3,ru,single,56.1,False
P03517,Алина,Нурланов,F,16,10,Восточно-Казахстанская область,Северный район,Школа №4,kk,full,43.1,False
P03518,Дмитрий,Кузнецов,M,13,7,Мангистауская область,Южный район,Школа №4,ru,full,61.4,False
P03519,Кирилл,Волков,M,15,9,Актюбинская область,Южный район,Школа №1,ru,full,74.2,True
P03520,Максим,Лебедев,M,16,9,Улытауская область,Северный район,Школа №4,ru,single,15.7,False
P03521,Ксения,Новикова,F,12,6,Алматинская область,Центральный район,Школа №2,ru,full,62.5,False
P03522,Айдар,Касенов,M,13,7,Павлодарская область,Северный район,Школа №2,kk,full,17.6,False
P03523,Ерасыл,Жумабеков,M,15,8,Мангистауская область,Южный район,Школа №1,kk,full,40.5,False
P03524,Екатерина,Соколова,F,12,6,Западно-Казахстанская область,Сельский район,Школа №2,ru,single,73.4,True
P03525,Кирилл,Морозов,M,13,7,Карагандинская область,Сельский район,Школа №3,ru,single,40.3,False
P03526,Рамазан,Бекенов,M,14,8,Костанайская область,Сельский район,Школа №5,kk,full,37.4,False
P03527,Томирис,Кадыров,F,10,4,г. Астана,Восточный район,Школа №4,kk,single,46.0,False
P03528,Аян,Сатпаев,M,14,9,Мангистауская область,Заречный район,Школа №3,kk,full,86.0,True
P03529,Артём,Попов,M,15,8,Актюбинская область,Заречный район,Школа №3,ru,full,27.5,False
P03530,Аружан,Бекенов,F,11,5,Туркестанская область,Восточный район,Школа №3,kk,single,33.2,False
P03531,Шынгыс,Абилов,M,13,6,Акмолинская область,Западный район,Школа №4,kk,full,77.5,True
P03532,Бауыржан,Кадыров,M,15,9,Атырауская область,Южный район,Школа №2,kk,full,82.9,True
P03533,Данияр,Сатпаев,M,14,8,Мангистауская область,Северный район,Школа №1,kk,full,53.4,False
P03534,Екатерина,Волкова,F,15,9,Акмолинская область,Западный район,Школа №2,ru,single,30.4,False
P03535,Александр,Иванов,M,14,8,Северо-Казахстанская область,Западный район,Школа №3,ru,full,86.4,True
P03536,Нурлан,Касенов,M,12,6,Абайская область,Заречный район,Школа №3,kk,full,78.9,True
P03537,Анастасия,Морозова,F,16,10,Костанайская область,Южный район,Школа №3,ru,full,65.2,False
P03538,Жаныбек,Сатпаев,M,13,7,Атырауская область,Северный район,Школа №2,kk,full,42.8,False
P03539,Малика,Тулегенов,F,16,10,г. Шымкент,Заречный район,Школа №1,kk,full,54.3,False
P03540,Владислав,Соколов,M,9,4,Западно-Казахстанская область,Восточный район,Школа №1,ru,single,46.6,False
P03541,Кирилл,Петров,M,15,8,г. Алматы,Центральный район,Школа №5,ru,single,54.0,False
P03542,Михаил,Морозов,M,18,11,Туркестанская область,Западный район,Школа №3,ru,single,70.8,True
P03543,Бекжан,Касенов,M,15,9,г. Шымкент,Южный район,Школа №4,kk,full,68.2,True
P03544,Дмитрий,Иванов,M,18,11,г. Алматы,Западный район,Школа №2,ru,full,38.8,False
P03545,Бауыржан,Жумабеков,M,15,9,Туркестанская область,Восточный район,Школа №2,kk,full,75.6,True
P03546,Екатерина,Волкова,F,11,6,г. Алматы, Сельский район ,Школа №2,ru,full,59.7,False
P03547,Ержан,Алиев,M,15,9,Абайская область,Центральный район,Школа №2,kk,full,65.3,False
P03548,Жаныбек,Касенов,M,15,9,Жамбылская область,Заречный район,Школа №1,kk,full,77.0,True
P03549,Алтынай,Тулегенов,F,16,10,г. Шымкент,Восточный район,Школа №1,kk,full,38.3,False
P03550,Екатерина,Петрова,F,16,11,Северо-Казахстанская область,Восточный район,Школа №4,ru,full,54.5,False
P03551,Тимур,Касенов,M,16,10,Актюбинская область,Восточный район,Школа №3,kk,single,41.0,False
P03552,Данияр,Тулегенов,M,17,11,Жетысуская область,Южный район,Школа №5,kk,full,31.5,False
P03553,Наргиз,Жумабеков,F,16,11,Павлодарская область,Западный район,Школа №4,kk,single,54.2,False
P03554,Аружан,Абилов,F,15,10,Атырауская область,Западный район,Школа №1,kk,full,92.7,True
P03555,Михаил,Иванов,M,15,9,г. Алматы,Заречный район,Школа №5,ru,single,21.4,False
P03556,Адильхан,Темирбеков,M,11,6,Кызылординская область,Сельский район,Школа №2,kk,full,54.5,False
P03557,Иван,Смирнов,M,14,9,Северо-Казахстанская область,Восточный район,Школа №2,ru,single,58.6,False
P03558,Нурлан,Абилов,M,15,9,г. Астана,Южный район,Школа №2,kk,full,56.8,False
P03559,Андрей,Петров,M,16,10,Мангистауская область,Восточный район,Школа №1,ru,single,47.3,False
P03560,Аружан,Сатпаев,F,12,6,Абайская область,Северный район,Школа №3,kk,single,29.5,False
P03561,Гульнара,Темирбеков,F,13,7,Восточно-Казахстанская область,Северный район,Школа №5,kk,full,58.5,False
P03562,Айгерим,Жумабеков,F,15,9,Абайская область,Южный район,Школа №1,kk,single,37.6,False
P03563,Олжас,Кадыров,M,14,7,Костанайская область,Центральный район,Школа №5,kk,full,22.2,False
P03564,Гульнара,Абилов,F,13,8,Улытауская область,Южный район,Школа №5,kk,full,72.9,True
P03565,Ольга,Лебедева,F,14,7,Западно-Казахстанская область,Заречный район,Школа №1,ru,full,69.4,True
P03566,Андрей,Новиков,M,17,11,Восточно-Казахстанская область,Восточный район,Школа №5,ru,single,49.8,False
P03567,Адильхан,Сериков,M,11,5,г. Алматы,Северный район,Школа №3,kk,full,58.4,False
P03568,Бауыржан,Нурланов,M,15,9,г. Алматы,Центральный район,Школа №5,kk,full,71.1,True
P03569,Алихан,Сериков,M,16,10,Туркестанская область,Заречный район,Школа №3,kk,single,52.4,False
P03570,Камила,Жумабеков,F,16,9,г. Алматы,Южный район,Школа №4,kk,full,68.6,True
P03571,Алина,Алиев,F,10,4,Западно-Казахстанская область,Сельский район,Школа №5,kk,full,50.5,False
P03572,Санжар,Сериков,M,17,11,г. Астана,Центральный район,Школа №1,kk,single,68.7,True
P03573,Жаныбек,Абилов,M,17,11,Северо-Казахстанская область,Восточный район,Школа №5,kk,full,59.8,False
P03574,Рамазан,Темирбеков,M,14,8,г. Астана,Северный район,Школа №4,kk,full,57.9,False
P03575,Ольга,Иванова,F,10,4,Атырауская область,Северный район,Школа №5,ru,single,29.9,False
P03576,Аян,Абилов,M,15,10,Северо-Казахстанская область,Заречный район,Школа №2,kk,full,59.3,False
P03577,Аян,Тулегенов,M,16,10,Западно-Казахстанская область,Западный район,Школа №4,kk,single,36.5,False
P03578,Дарья,Волкова,F,15,10,г. Шымкент,Северный район,Школа №3,ru,full,45.4,False
P03579,Эльмира,Бекенов,F,13,6,г. Астана,Западный район,Школа №4,kk,single,36.8,False
P03580,Темирлан,Жумабеков,M,15,9,Западно-Казахстанская область,Северный район,Школа №2,kk,full,39.0,False
P03581,Ксения,Смирнова,F,14,8,Жетысуская область,Западный район,Школа №5,ru,full,86.9,True
P03582,Гульнара,Кадыров,F,17,11,Жетысуская область,Сельский район,Школа №3,kk,full,75.0,True
P03583,Нурлан,Бекенов,M,13,7,Жетысуская область,Южный район,Школа №1,kk,full,83.8,True
P03584,Ерасыл,Алиев,M,15,9,Павлодарская область,Северный район,Школа №5,kk,single,30.7,False
P03585,Данияр,Жумабеков,M,16,10,Западно-Казахстанская область,Южный район,Школа №1,kk,full,56.1,False
P03586,Анна,Петрова,F,14,7,Алматинская область,Восточный район,Школа №5,ru,full,35.6,False
P03587,Алина,Касенов,F,16,10,г. Алматы,Западный район,Школа №2,kk,full,44.6,False
P03588,Анна,Смирнова,F,13,7,г. Шымкент,Центральный район,Школа №4,ru,full,41.2,False
P03589,Жаныбек,Жумабеков,M,17,11,Восточно-Казахстанская область,Западный район,Школа №5,kk,full,73.6,True
P03590,Эльмира,Сатпаев,F,16,10,Улытауская область,Восточный район,Школа №5,kk,full,49.1,False
P03591,Алмат,Жумабеков,M,12,6,Кызылординская область,Заречный район,Школа №5,kk,full,71.0,True
P03592,Екатерина,Иванова,F,12,6,Костанайская область,Восточный район,Школа №5,ru,single,58.1,False
P03593,Сабина,Сериков,F,17,11,Атырауская область,Южный район,Школа №3,kk,single,83.6,True
P03594,Мария,Смирнова,F,17,11,Карагандинская область,Северный район,Школа №1,ru,full,32.8,False
P03595,Кирилл,Петров,M,15,9,Абайская область,Восточный район,Школа №5,ru,single,67.9,True
P03596,Аружан,Сериков,F,13,8,Улытауская область,Восточный район,Школа №1,kk,full,72.2,True
P03597,Алина,Кадыров,F,13,7,г. Астана,Центральный район,Школа №2,kk,single,34.4,False
P03598,Адильхан,Жумабеков,M,13,6,Акмолинская область,Северный район,Школа №4,kk,full,70.1,True
P03599,Полина,Кузнецова,F,14,9,Атырауская область,Центральный район,Школа №1,ru,full,60.0,False
P03600,Аружан,Кадыров,F,17,10,Акмолинская область,Сельский район,Школа №4,kk,full,51.6,False
P03601,Полина,Соколова,F,13,7,Восточно-Казахстанская область,Центральный район,Школа №1,ru,single,36.6,False
P03602,Рамазан,Бекенов,M,16,11,Туркестанская область,Северный район,Школа №5,kk,single,38.2,False
P03603,Санжар,Маратов,M,13,7,Костанайская область,Заречный район,Школа №5,kk,full,85.7,True
P03604,Наргиз,Маратов,F,10,4,г. Шымкент,Западный район,Школа №2,kk,full,55.0,False
P03605,София,Морозова,F,13,8,Жамбылская область,Восточный район,Школа №1,ru,full,66.7,True
P03606,Сауле,Сериков,F,15,9,Костанайская область,Центральный район,Школа №2,kk,full,43.1,False
P03607,Дарья,Морозова,F,15,9,Кызылординская область,Сельский район,Школа №4,ru,full,43.3,False
P03608,Бауыржан,Кадыров,M,10,4,Карагандинская область,Заречный район,Школа №4,kk,full,71.2,True
P03609,Айдар,Сериков,M,15,9,Улытауская область,Южный район,Школа №2,kk,full,34.8,False
P03610,Полина,Иванова,F,14,7,Атырауская область,Сельский район,Школа №5,ru,full,48.8,False
P03611,Динара,Нурланов,F,15,9,Кызылординская область,Северный район,Школа №3,kk,single,49.5,False
P03612,Ксения,Иванова,F,16,10,Северо-Казахстанская область,Заречный район,Школа №3,ru,full,56.7,False
P03613,Дмитрий,Морозов,M,13,7,Кызылординская область,Заречный район,Школа №2,ru,full,52.3,False
P03614,Михаил,Соколов,M,11,5,Павлодарская область,Восточный район,Школа №1,ru,single,54.9,False
P03615,Ольга,Волкова,F,13,7,Восточно-Казахстанская область,Западный район,Школа №4,ru,full,65.4,False
P03616,Томирис,Сатпаев,F,15,9,г. Шымкент,Центральный район,Школа №2,kk,full,66.0,True
P03617,Дамир,Сериков,M,13,7,Костанайская область,Западный район,Школа №2,kk,full,40.2,False
P03618,Владислав,Морозов,M,16,9,Костанайская область,Центральный район,Школа №2,ru,single,44.7,False
P03619,Аян,Сатпаев,M,16,10,Карагандинская область,Восточный район,Школа №2,kk,full,72.9,True
P03620,Адильхан,Нурланов,M,12,5,Жетысуская область,Северный район,Школа №4,kk,full,68.4,True
P03621,Аружан,Тулегенов,F,17,11,Восточно-Казахстанская область,Заречный район,Школа №3,kk,full,34.4,False
P03622,Алтынай,Маратов,F,10,4,г. Шымкент,Центральный район,Школа №4,kk,full,60.3,False
P03623,Екатерина,Иванова,F,11,5,Улытауская область,Сельский район,Школа №3,ru,full,25.3,False
P03624,Анастасия,Смирнова,F,11,5,Абайская область,Заречный район,Школа №2,ru,single,49.7,False
P03625,Анна,Иванова,F,16,10,г. Астана,Северный район,Школа №4,ru,full,83.5,True
P03626,Бекжан,Нурланов,M,13,7,Костанайская область,Сельский район,Школа №4,kk,full,40.8,False
P03627,Дана,Тулегенов,F,11,6,Алматинская область,Западный район,Школа №3,kk,full,42.5,False
P03628,Бауыржан,Сатпаев,M,15,9,Костанайская область,Южный район,Школа №1,kk,full,66.5,True
P03629,Андрей,Кузнецов,M,14,7,Кызылординская область,Заречный район,Школа №1,ru,full,31.9,False
P03630,Айгерим,Алиев,F,16,10,Мангистауская область, Южный район ,Школа №2,kk,full,45.5,False
P03631,Иван,Петров,M,13,8,Карагандинская область,Южный район,Школа №4,ru,single,57.9,False
P03632,Дария,Тулегенов,F,15,8,Жетысуская область,Заречный район,Школа №2,kk,full,45.5,False
P03633,Айдар,Нурланов,M,12,7,г. Астана,Южный район,Школа №2,kk,full,51.5,False
P03634,Ксения,Морозова,F,13,6,г. Шымкент,Северный район,Школа №1,ru,full,66.2,True
P03635,Михаил,Волков,M,17,11,Актюбинская область,Западный район,Школа №5,ru,single,55.3,False
P03636,Ерасыл,Сатпаев,M,13,7,г. Астана,Центральный район,Школа №5,kk,full,59.0,False
P03637,Дамир,Кадыров,M,9,4,Атырауская область,Северный район,Школа №1,kk,single,43.9,False
P03638,Михаил,Лебедев,M,13,8,Туркестанская область,Западный район,Школа №3,ru,single,54.6,False
P03639,Наргиз,Сатпаев,F,13,8,Кызылординская область,Сельский район,Школа №3,kk,single,47.1,False
P03640,Мария,Новикова,F,17,11,Атырауская область,Сельский район,Школа №3,ru,single,55.9,False
P03641,Дария,Касенов,F,16,10,Актюбинская область,Восточный район,Школа №1,kk,full,47.5,False
P03642,Гульнара,Сериков,F,10,4,Павлодарская область,Центральный район,Школа №3,kk,full,52.3,False
P03643,Андрей,Лебедев,M,14,8,Западно-Казахстанская область,Южный район,Школа №2,ru,full,40.2,False
P03644,Екатерина,Смирнова,F,12,7,г. Алматы,Сельский район,Школа №5,ru,single,48.5,False
P03645,Камила,Тулегенов,F,11,5,Улытауская область,Центральный район,Школа №4,kk,full,42.8,False
P03646,Нурлан,Нурланов,M,15,9,г. Алматы,Западный район,Школа №1,kk,single,32.3,False
P03647,Адильхан,Кадыров,M,10,5,г. Астана,Южный район,Школа №4,kk,full,58.9,False
P03648,Балжан,Алиев,F,15,9,Атырауская область,Южный район,Школа №1,kk,full,58.2,False
P03649,Алихан,Алиев,M,15,9,Павлодарская область,Западный район,Школа №3,kk,full,66.7,True
P03650,Томирис,Тулегенов,F,15,9,г. Шымкент,Восточный район,Школа №1,kk,full,48.5,False
P03651,Дамир,Маратов,M,12,6,Жамбылская область,Восточный район,Школа №2,kk,single,55.1,False
P03652,Аружан,Бекенов,F,13,8,Абайская область,Центральный район,Школа №3,kk,full,63.3,False
P03653,Никита,Петров,M,12,7,г. Астана,Сельский район,Школа №4,ru,single,55.7,False
P03654,Жаныбек,Темирбеков,M,10,4,Павлодарская область,Сельский район,Школа №2,kk,full,42.6,False
P03655,Ержан,Абилов,M,13,6,Северо-Казахстанская область,Южный район,Школа №3,kk,full,57.2,False
P03656,Дария,Темирбеков,F,13,8,Акмолинская область,Северный район,Школа №2,kk,full,60.5,False
P03657,Артём,Новиков,M,12,6,Карагандинская область,Сельский район,Школа №4,ru,full,55.1,False
P03658,Мария,Петрова,F,10,4,Алматинская область,Западный район,Школа №2,ru,single,17.7,False
P03659,Мария,Волкова,F,16,11,Костанайская область,Западный район,Школа №4,ru,full,57.4,False
P03660,Алихан,Маратов,M,14,9,Алматинская область,Центральный район,Школа №2,kk,full,88.2,True
P03661,Балжан,Касенов,F,15,8,Мангистауская область,Восточный район,Школа №2,kk,full,49.6,False
P03662,Бекжан,Алиев,M,12,7,Павлодарская область,Сельский район,Школа №5,kk,full,44.1,False
P03663,Айдана,Маратов,F,16,11,Восточно-Казахстанская область,Заречный район,Школа №3,kk,single,54.6,False
P03664,Балжан,Касенов,F,16,10,Алматинская область,Заречный район,Школа №3,kk,single,53.7,False
P03665,Кирилл,Новиков,M,16,10,Алматинская область,Западный район,Школа №1,ru,full,72.9,True
P03666,Айдар,Абилов,M,13,7,Актюбинская область,Северный район,Школа №4,kk,single,30.1,False
P03667,София,Петрова,F,17,11,Улытауская область,Южный район,Школа №5,ru,full,66.0,True
P03668,Анна,Попова,F,14,8,Алматинская область,Южный район,Школа №4,ru,full,63.9,False
P03669,Кирилл,Попов,M,15,9,Северо-Казахстанская область,Восточный район,Школа №2,ru,single,46.9,False
P03670,Мария,Петрова,F,17,10,г. Астана,Заречный район,Школа №3,ru,full,60.1,False
P03671,Артём,Волков,M,16,10,Карагандинская область,Западный район,Школа №5,ru,full,70.4,True
P03672,Динара,Абилов,F,16,11,Туркестанская область,Сельский район,Школа №4,kk,single,62.1,False
P03673,Нурлан,Кадыров,M,17,10,Костанайская область,Центральный район,Школа №1,kk,single,31.9,False
P03674,Камила,Маратов,F,15,9,Северо-Казахстанская область,Западный район,Школа №2,kk,single,61.3,False
P03675,Мария,Иванова,F,12,6,Алматинская область,Западный район,Школа №1,ru,full,54.0,False
P03676,Ерасыл,Касенов,M,13,8,Жетысуская область,Восточный район,Школа №5,kk,single,50.1,False
P03677,Арман,Темирбеков,M,16,11,Жетысуская область,Заречный район,Школа №5,kk,single,50.1,False
P03678,Никита,Волков,M,17,11,Павлодарская область,Восточный район,Школа №4,ru,full,52.7,False
P03679,Бекжан,Жумабеков,M,14,8,Западно-Казахстанская область,Западный район,Школа №4,kk,full,72.9,True
P03680,Айгерим,Кадыров,F,16,10,Мангистауская область,Заречный район,Школа №4,kk,full,53.7,False
P03681,Дана,Нурланов,F,15,8,Северо-Казахстанская область,Северный район,Школа №1,kk,full,38.2,False
P03682,Елена,Лебедева,F,15,10,г. Алматы,Заречный район,Школа №2,ru,single,43.1,False
P03683,Сауле,Сериков,F,17,11,Акмолинская область,Сельский район,Школа №2,kk,single,51.7,False
P03684,Малика,Алиев,F,16,11,Костанайская область,Южный район,Школа №5,kk,full,73.4,True
P03685,Алина,Жумабеков,F,15,10,Мангистауская область,Центральный район,Школа №5,kk,full,64.0,False
P03686,Айдар,Темирбеков,M,13,7,Северо-Казахстанская область,Северный район,Школа №3,kk,single,36.2,False
P03687,Наргиз,Жумабеков,F,14,7,Жетысуская область,Сельский район,Школа №5,kk,full,92.3,True
P03688,Алмат,Бекенов,M,13,8,Алматинская область,Западный район,Школа №5,kk,full,59.0,False
P03689,Адильхан,Кадыров,M,15,9,Карагандинская область,Северный район,Школа №5,kk,full,74.1,True
P03690,Тимур,Касенов,M,12,7,Акмолинская область,Северный район,Школа №5,kk,full,52.7,False
P03691,Алихан,Алиев,M,17,10,Костанайская область,Западный район,Школа №5,kk,full,63.0,False
P03692,Дарья,Кузнецова,F,17,11,г. Алматы,Западный район,Школа №4,ru,single,61.6,False
P03693,Аян,Маратов,M,17,11,Улытауская область,Западный район,Школа №1,kk,full,73.3,True
P03694,Рамазан,Тулегенов,M,15,9,Жамбылская область,Западный район,Школа №3,kk,full,70.9,True
P03695,Бекжан,Алиев,M,17,11,г. Астана,Заречный район,Школа №5,kk,single,62.1,False
P03696,Владислав,Морозов,M,18,11,Восточно-Казахстанская область,Центральный район,Школа №3,ru,full,50.3,False
P03697,Алмат,Сериков,M,14,8,Туркестанская область,Западный район,Школа №3,kk,full,46.4,False
P03698,Арман,Маратов,M,16,11,г. Алматы,Западный район,Школа №1,kk,single,54.0,False
P03699,Ольга,Попова,F,15,9,Северо-Казахстанская область,Южный район,Школа №5,ru,full,69.0,True
P03700,Айгерим,Нурланов,F,15,9,Северо-Казахстанская область,Восточный район,Школа №1,kk,full,51.7,False
P03701,Дарья,Лебедева,F,11,5,Костанайская область,Южный район,Школа №4,ru,full,71.0,True
P03702,Дана,Маратов,F,13,7,Кызылординская область,Центральный район,Школа №3,kk,full,76.8,True
P03703,Данияр,Жумабеков,M,12,6,Улытауская область,Западный район,Школа №3,kk,full,41.3,False
P03704,Айдана,Маратов,F,15,10,Алматинская область,Сельский район,Школа №1,kk,single,36.4,False
P03705,Бекжан,Бекенов,M,14,8,г. Алматы,Сельский район,Школа №3,kk,single,46.9,False
P03706,Жансая,Темирбеков,F,11,4,Павлодарская область,Сельский район,Школа №5,kk,full,59.6,False
P03707,Алина,Сатпаев,F,12,6,Жетысуская область,Южный район,Школа №1,kk,full,47.1,False
P03708,Дария,Маратов,F,17,10,Кызылординская область,Восточный район,Школа №2,kk,full,75.3,True
P03709,Ержан,Алиев,M,13,7,Западно-Казахстанская область,Сельский район,Школа №1,kk,single,55.4,False
P03710,Полина,Смирнова,F,16,10,Мангистауская область,Северный район,Школа №1,ru,single,49.6,False
P03711,Дарья,Новикова,F,16,10,Актюбинская область,Восточный район,Школа №5,ru,single,27.5,False
P03712,Мария,Волкова,F,16,10,Северо-Казахстанская область,Заречный район,Школа №4,ru,single,29.3,False
P03713,Айгерим,Бекенов,F,14,8,г. Алматы,Южный район,Школа №3,kk,single,53.2,False
P03714,Алтынай,Сатпаев,F,13,6,Жамбылская область,Центральный район,Школа №2,kk,single,17.0,False
P03715,Артём,Кузнецов,M,17,11,Атырауская область,Западный район,Школа №1,ru,full,70.2,True
P03716,Алмат,Тулегенов,M,12,5,Кызылординская область,Южный район,Школа №3,kk,full,52.6,False
P03717,Владислав,Петров,M,13,7,Западно-Казахстанская область, Сельский район ,Школа №2,ru,full,100.0,True
P03718,Аружан,Нурланов,F,16,11,Туркестанская область,Северный район,Школа №3,kk,full,89.6,True
P03719,Михаил,Лебедев,M,15,9,Кызылординская область,Восточный район,Школа №5,ru,full,52.3,False
P03720,Ержан,Темирбеков,M,15,8,Улытауская область,Восточный район,Школа №5,kk,full,53.4,False
P03721,Данияр,Абилов,M,17,10,Мангистауская область,Центральный район,Школа №5,kk,full,69.9,True
P03722,Ержан,Тулегенов,M,14,8,Северо-Казахстанская область,Северный район,Школа №3,kk,full,80.5,True
P03723,Адильхан,Тулегенов,M,12,6,Карагандинская область,Восточный район,Школа №4,kk,single,24.4,False
P03724,Владислав,Кузнецов,M,16,10,Мангистауская область,Южный район,Школа №5,ru,single,22.2,False
P03725,Алина,Касенов,F,13,7,Актюбинская область,Восточный район,Школа №2,kk,single,39.7,False
P03726,Алтынай,Темирбеков,F,14,8,Алматинская область,Восточный район,Школа №4,kk,full,63.7,False
P03727,Алихан,Жумабеков,M,15,9,Абайская область,Западный район,Школа №4,kk,full,62.5,False
P03728,Алтынай,Касенов,F,11,5,Абайская область,Западный район,Школа №4,kk,single,65.0,False
P03729,Анастасия,Смирнова,F,9,4,Мангистауская область,Центральный район,Школа №5,ru,full,37.0,False
P03730,Сабина,Касенов,F,17,11,г. Шымкент,Центральный район,Школа №4,kk,single,14.3,False
P03731,Кирилл,Лебедев,M,17,11,Туркестанская область,Западный район,Школа №3,ru,single,61.9,False
P03732,Ержан,Темирбеков,M,17,10,Восточно-Казахстанская область,Заречный район,Школа №2,kk,full,42.6,False
P03733,Адильхан,Абилов,M,16,10,Актюбинская область,Сельский район,Школа №1,kk,full,24.7,False
P03734,Адильхан,Кадыров,M,12,5,Абайская область,Сельский район,Школа №4,kk,full,57.2,False
P03735,Анна,Новикова,F,13,8,Актюбинская область,Южный район,Школа №3,ru,full,66.9,True
P03736,Дарья,Соколова,F,16,9,г. Астана,Северный район,Школа №2,ru,full,53.2,False
P03737,Сабина,Сатпаев,F,18,11,Кызылординская область,Северный район,Школа №4,kk,full,48.1,False
P03738,Эльмира,Нурланов,F,16,10,Восточно-Казахстанская область,Южный район,Школа №3,kk,single,46.6,False
P03739,Эльмира,Сериков,F,13,7,Жетысуская область,Западный район,Школа №1,kk,full,49.4,False
P03740,Дана,Сатпаев,F,16,9,Мангистауская область,Сельский район,Школа №2,kk,single,28.8,False
P03741,Владислав,Новиков,M,15,9,Мангистауская область,Южный район,Школа №5,ru,full,44.3,False
P03742,Полина,Иванова,F,14,8,Жамбылская область,Северный район,Школа №5,ru,single,56.8,False
P03743,Бекжан,Алиев,M,16,10,г. Астана,Заречный район,Школа №3,kk,single,53.8,False
P03744,Сабина,Абилов,F,11,5,Алматинская область,Южный район,Школа №3,kk,single,51.5,False
P03745,Айдар,Сатпаев,M,14,8,Акмолинская область,Восточный район,Школа №3,kk,full,40.1,False
P03746,Наргиз,Жумабеков,F,15,8,Абайская область,Центральный район,Школа №3,kk,full,52.3,False
P03747,Сабина,Нурланов,F,14,8,Костанайская область,Заречный район,Школа №2,kk,full,22.3,False
P03748,Максим,Смирнов,M,16,10,Жетысуская область,Восточный район,Школа №1,ru,full,57.7,False
P03749,Темирлан,Темирбеков,M,15,9,Жамбылская область,Восточный район,Школа №2,kk,full,76.4,True
P03750,София,Соколова,F,15,10,Абайская область,Южный район,Школа №2,ru,full,32.9,False
P03751,Ерасыл,Абилов,M,14,8,Северо-Казахстанская область,Южный район,Школа №4,kk,single,40.2,False
P03752,Алтынай,Нурланов,F,14,8,Жамбылская область,Восточный район,Школа №1,kk,full,59.9,False
P03753,Динара,Бекенов,F,16,9,Туркестанская область,Восточный район,Школа №2,kk,full,73.8,True
P03754,Эльмира,Кадыров,F,11,4,Жетысуская область,Западный район,Школа №4,kk,single,42.3,False
P03755,Темирлан,Абилов,M,11,5,Жетысуская область,Южный район,Школа №1,kk,full,44.6,False
P03756,Елена,Новикова,F,15,9,Костанайская область,Южный район,Школа №2,ru,single,19.5,False
P03757,Никита,Иванов,M,15,9,г. Астана,Восточный район,Школа №1,ru,single,50.6,False
P03758,Никита,Новиков,M,15,10,Северо-Казахстанская область,Северный район,Школа №1,ru,full,85.6,True
P03759,Динара,Абилов,F,10,5,Жамбылская область,Восточный район,Школа №5,kk,full,59.2,False
P03760,Алтынай,Маратов,F,16,11,Туркестанская область,Южный район,Школа №3,kk,full,54.7,False
P03761,Алтынай,Касенов,F,14,9,Улытауская область,Заречный район,Школа №4,kk,full,59.8,False
P03762,Никита,Петров,M,13,7,Мангистауская область,Южный район,Школа №2,ru,full,54.8,False
P03763,Темирлан,Кадыров,M,13,8,Северо-Казахстанская область,Западный район,Школа №4,kk,single,36.8,False
P03764,Артём,Морозов,M,16,10,Актюбинская область,Западный район,Школа №5,ru,single,61.3,False
P03765,Сауле,Тулегенов,F,18,11,Кызылординская область,Заречный район,Школа №5,kk,full,58.4,False
P03766,Сабина,Жумабеков,F,16,10,Алматинская область,Заречный район,Школа №5,kk,full,55.3,False
P03767,Дана,Бекенов,F,14,7,Северо-Казахстанская область,Восточный район,Школа №5,kk,full,40.4,False
P03768,Алтынай,Нурланов,F,15,10,г. Шымкент,Сельский район,Школа №5,kk,full,74.6,True
P03769,Дамир,Темирбеков,M,12,7,Северо-Казахстанская область,Южный район,Школа №2,kk,full,65.0,False
P03770,Александр,Новиков,M,15,9,г. Шымкент,Восточный район,Школа №4,ru,full,46.7,False
P03771,Ксения,Соколова,F,14,7,Атырауская область,Восточный район,Школа №3,ru,single,64.0,False
P03772,Дарья,Попова,F,14,8,Алматинская область,Сельский район,Школа №5,ru,single,41.5,False
P03773,Иван,Соколов,M,17,11,Северо-Казахстанская область,Заречный район,Школа №5,ru,single,37.3,False
P03774,Екатерина,Новикова,F,13,6,Актюбинская область,Центральный район,Школа №3,ru,single,37.6,False
P03775,Тимур,Темирбеков,M,11,5,Павлодарская область,Заречный район,Школа №4,kk,full,28.4,False
P03776,Андрей,Новиков,M,11,5,Карагандинская область,Северный район,Школа №3,ru,full,62.1,False
P03777,Дария,Сериков,F,16,10,Жамбылская область,Центральный район,Школа №4,kk,full,27.5,False
P03778,Ольга,Петрова,F,11,5,Атырауская область,Восточный район,Школа №4,ru,full,36.6,False
P03779,Дария,Алиев,F,17,11,Северо-Казахстанская область,Северный район,Школа №5,kk,full,23.9,False
P03780,Малика,Абилов,F,16,10,Мангистауская область,Северный район,Школа №2,kk,full,53.7,False
P03781,Алина,Нурланов,F,13,7,Жетысуская область,Западный район,Школа №5,kk,full,52.7,False
P03782,Айдана,Жумабеков,F,11,6,Мангистауская область,Сельский район,Школа №5,kk,full,50.1,False
P03783,Алмат,Кадыров,M,13,8,Кызылординская область,Центральный район,Школа №2,kk,full,39.4,False
P03784,Рамазан,Бекенов,M,16,10,Актюбинская область,Сельский район,Школа №1,kk,full,37.4,False
P03785,Дмитрий,Иванов,M,12,7,Костанайская область,Северный район,Школа №2,ru,full,62.0,False
P03786,Бекжан,Кадыров,M,15,10,Жетысуская область,Заречный район,Школа №5,kk,full,46.7,False
P03787,Алина,Бекенов,F,11,6,Улытауская область,Центральный район,Школа №4,kk,full,59.7,False
P03788,Сауле,Касенов,F,16,10,г. Алматы,Восточный район,Школа №3,kk,full,41.7,False
P03789,Адильхан,Маратов,M,10,4,Кызылординская область,Заречный район,Школа №4,kk,full,57.7,False
P03790,Темирлан,Абилов,M,14,7,Западно-Казахстанская область,Южный район,Школа №2,kk,full,74.5,True
P03791,София,Лебедева,F,12,6,Восточно-Казахстанская область,Южный район,Школа №5,ru,full,63.8,False
P03792,Аян,Кадыров,M,17,10,Кызылординская область,Центральный район,Школа №4,kk,single,42.8,False
P03793,Андрей,Волков,M,15,9,Жамбылская область,Восточный район,Школа №3,ru,full,58.9,False
P03794,Балжан,Жумабеков,F,14,9,Западно-Казахстанская область,Сельский район,Школа №5,kk,full,51.4,False
P03795,Анна,Кузнецова,F,13,7,Западно-Казахстанская область,Восточный район,Школа №4,ru,full,55.1,False
P03796,Кирилл,Попов,M,16,10,Жетысуская область,Северный район,Школа №2,ru,single,44.1,False
P03797,Сабина,Сериков,F,12,6,Абайская область,Центральный район,Школа №1,kk,full,52.5,False
P03798,Сауле,Сатпаев,F,14,9,Западно-Казахстанская область,Северный район,Школа №3,kk,single,52.2,False
P03799,Наргиз,Сатпаев,F,16,10,Жетысуская область,Центральный район,Школа №5,kk,full,40.1,False
P03800,Айгерим,Кадыров,F,10,4,Улытауская область,Центральный район,Школа №3,kk,full,39.8,False
P03801,Айдана,Тулегенов,F,13,7,Алматинская область,Заречный район,Школа №1,kk,full,34.2,False
P03802,Мария,Волкова,F,15,10,г. Астана,Центральный район,Школа №1,ru,full,31.0,False
P03803,Малика,Темирбеков,F,17,11,Атырауская область,Заречный район,Школа №3,kk,single,30.7,False
P03804,Алтынай,Алиев,F,14,8,Кызылординская область,Западный район,Школа №2,kk,full,57.4,False
P03805,Сабина,Тулегенов,F,15,9,Западно-Казахстанская область,Западный район,Школа №3,kk,full,41.6,False
P03806,Гульнара,Бекенов,F,14,8,Актюбинская область,Заречный район,Школа №4,kk,full,62.7,False
P03807,Малика,Нурланов,F,15,9,Кызылординская область,Восточный район,Школа №5,kk,full,55.5,False
P03808,Айдана,Жумабеков,F,12,7,Жетысуская область,Западный район,Школа №4,kk,full,25.5,False
P03809,Арман,Маратов,M,16,10,г. Астана,Южный район,Школа №2,kk,full,64.8,False
P03810,Полина,Новикова,F,14,8,Мангистауская область,Южный район,Школа №2,ru,full,67.2,True
P03811,Ксения,Новикова,F,14,9,Западно-Казахстанская область,Южный район,Школа №1,ru,full,40.1,False
P03812,Гульнара,Жумабеков,F,15,9,Акмолинская область,Западный район,Школа №3,kk,single,55.3,False
P03813,Сабина,Кадыров,F,14,9,г. Астана,Западный район,Школа №1,kk,full,42.2,False
P03814,Бауыржан,Алиев,M,16,10,Кызылординская область,Заречный район,Школа №4,kk,full,56.5,False
P03815,Темирлан,Бекенов,M,13,7,Актюбинская область,Сельский район,Школа №3,kk,full,36.0,False
P03816,Иван,Попов,M,12,6,Туркестанская область,Сельский район,Школа №1,ru,single,22.1,False
P03817,Максим,Петров,M,13,8,Абайская область,Восточный район,Школа №3,ru,full,49.3,False
P03818,Дмитрий,Соколов,M,13,7,Северо-Казахстанская область,Северный район,Школа №2,ru,full,53.1,False
P03819,Балжан,Алиев,F,14,8,Жетысуская область,Заречный район,Школа №5,kk,single,43.0,False
P03820,Малика,Нурланов,F,15,9,Туркестанская область,Заречный район,Школа №4,kk,single,31.2,False
P03821,Айдана,Жумабеков,F,13,7,Абайская область,Западный район,Школа №3,kk,single,43.0,False
P03822,Алихан,Касенов,M,16,10,г. Алматы,Восточный район,Школа №4,kk,full,59.0,False
P03823,Дмитрий,Смирнов,M,17,11,Атырауская область,Южный район,Школа №2,ru,full,54.3,False
P03824,Максим,Новиков,M,13,7,Северо-Казахстанская область,Сельский район,Школа №4,ru,full,57.7,False
P03825,Михаил,Морозов,M,15,9,Кызылординская область,Северный район,Школа №3,ru,single,38.9,False
P03826,Санжар,Бекенов,M,15,8,г. Астана,Сельский район,Школа №5,kk,single,66.6,True
P03827,Дмитрий,Новиков,M,16,10,Костанайская область,Заречный район,Школа №5,ru,full,37.4,False
P03828,Меруерт,Абилов,F,16,10,Акмолинская область,Восточный район,Школа №2,kk,full,62.3,False
P03829,Айдар,Алиев,M,16,10,Костанайская область,Южный район,Школа №4,kk,full,72.7,True
P03830,Максим,Новиков,M,18,11,Улытауская область,Заречный район,Школа №5,ru,full,62.2,False
P03831,Андрей,Кузнецов,M,16,10,г. Астана,Южный район,Школа №3,ru,single,46.0,False
P03832,Анна,Петрова,F,12,6,г. Алматы,Южный район,Школа №2,ru,single,41.1,False
P03833,Олжас,Бекенов,M,14,8,Туркестанская область,Восточный район,Школа №2,kk,full,70.5,True
P03834,Жансая,Жумабеков,F,15,9,г. Астана,Западный район,Школа №4,kk,full,33.7,False
P03835,Дарья,Иванова,F,9,4,Акмолинская область,Западный район,Школа №1,ru,full,40.4,False
P03836,Нурлан,Касенов,M,13,7,Павлодарская область,Западный район,Школа №2,kk,full,49.0,False
P03837,Томирис,Темирбеков,F,14,9,г. Астана,Заречный район,Школа №1,kk,full,73.6,True
P03838,Иван,Морозов,M,14,8,Туркестанская область,Северный район,Школа №2,ru,single,54.7,False
P03839,Камила,Нурланов,F,14,7,Кызылординская область,Заречный район,Школа №5,kk,full,40.5,False
P03840,Андрей,Новиков,M,11,5,Алматинская область,Западный район,Школа №3,ru,single,44.3,False
P03841,Владислав,Попов,M,15,9,Жетысуская область,Восточный район,Школа №4,ru,full,45.8,False
P03842,Артём,Лебедев,M,9,4,Костанайская область,Западный район,Школа №3,ru,full,44.4,False
P03843,Эльмира,Сериков,F,11,5,Западно-Казахстанская область,Центральный район,Школа №4,kk,single,63.7,False
P03844,Андрей,Волков,M,17,11,г. Шымкент,Центральный район,Школа №3,ru,single,28.4,False
P03845,Наргиз,Касенов,F,14,8,Западно-Казахстанская область,Восточный район,Школа №1,kk,full,79.1,True
P03846,Санжар,Касенов,M,12,6,Жетысуская область,Сельский район,Школа №1,kk,single,61.4,False
P03847,Никита,Попов,M,16,10,Атырауская область,Южный район,Школа №4,ru,full,71.4,True
P03848,Темирлан,Сериков,M,17,10,Акмолинская область,Заречный район,Школа №5,kk,full,48.1,False
P03849,Нурлан,Маратов,M,14,7,Актюбинская область,Северный район,Школа №1,kk,full,52.8,False
P03850,Андрей,Волков,M,13,7,Мангистауская область,Северный район,Школа №4,ru,full,33.5,False
P03851,София,Попова,F,14,8,Актюбинская область,Заречный район,Школа №3,ru,full,47.1,False
P03852,Владислав,Лебедев,M,13,8,Атырауская область,Заречный район,Школа №1,ru,full,62.4,False
P03853,Айдар,Жумабеков,M,16,10,Улытауская область,Центральный район,Школа №3,kk,single,68.4,True
P03854,Гульнара,Сатпаев,F,17,11,Павлодарская область,Южный район,Школа №4,kk,single,32.4,False
P03855,Сауле,Нурланов,F,13,7,Северо-Казахстанская область,Восточный район,Школа №1,kk,full,49.5,False
P03856,Ольга,Петрова,F,15,8,Восточно-Казахстанская область,Заречный район,Школа №5,ru,single,46.7,False
P03857,Артём,Новиков,M,12,7,Абайская область,Центральный район,Школа №5,ru,full,34.1,False
P03858,Бауыржан,Абилов,M,14,7,Западно-Казахстанская область, Восточный район ,Школа №1,kk,single,57.9,False
P03859,Рамазан,Сериков,M,15,9,Атырауская область,Заречный район,Школа №1,kk,single,38.1,False
P03860,Томирис,Кадыров,F,15,9,Павлодарская область,Сельский район,Школа №4,kk,full,52.1,False
P03861,Жансая,Кадыров,F,13,8,Атырауская область,Заречный район,Школа №5,kk,single,42.2,False
P03862,Аружан,Алиев,F,15,9,г. Алматы,Сельский район,Школа №2,kk,single,37.2,False
P03863,Олжас,Тулегенов,M,15,8,г. Шымкент,Восточный район,Школа №2,kk,full,54.9,False
P03864,Кирилл,Морозов,M,14,8,Карагандинская область,Сельский район,Школа №3,ru,full,51.8,False
P03865,Санжар,Бекенов,M,17,11,Алматинская область, Сельский район ,Школа №1,kk,single,43.4,False
P03866,Темирлан,Абилов,M,16,10,Костанайская область,Восточный район,Школа №3,kk,full,44.1,False
P03867,Айгерим,Сериков,F,17,11,Абайская область,Западный район,Школа №5,kk,full,59.8,False
P03868,Елена,Новикова,F,16,9,Павлодарская область,Центральный район,Школа №4,ru,single,73.8,True
P03869,Дмитрий,Лебедев,M,13,7,Костанайская область,Северный район,Школа №2,ru,full,57.1,False
P03870,Гульнара,Бекенов,F,12,6,Туркестанская область,Западный район,Школа №2,kk,single,63.9,False
P03871,Алихан,Кадыров,M,12,6,Абайская область,Северный район,Школа №3,kk,full,34.1,False
P03872,Аяна,Сериков,F,13,7,г. Шымкент, Южный район ,Школа №1,kk,single,51.4,False
P03873,Тимур,Нурланов,M,17,11,Восточно-Казахстанская область,Западный район,Школа №3,kk,full,38.5,False
P03874,Айгерим,Сатпаев,F,16,9,г. Алматы,Сельский район,Школа №3,kk,full,32.8,False
P03875,Бекжан,Нурланов,M,16,9,Павлодарская область,Южный район,Школа №4,kk,full,43.9,False
P03876,Шынгыс,Касенов,M,10,5,Кызылординская область,Заречный район,Школа №4,kk,single,66.9,True
P03877,Дана,Жумабеков,F,14,7,г. Шымкент,Восточный район,Школа №4,kk,full,69.3,True
P03878,Рамазан,Абилов,M,11,5,Западно-Казахстанская область,Северный район,Школа №2,kk,full,58.6,False
P03879,Камила,Сериков,F,16,10,г. Шымкент,Центральный район,Школа №5,kk,full,32.0,False
P03880,Полина,Кузнецова,F,9,4,Атырауская область,Заречный район,Школа №5,ru,single,46.1,False
P03881,Данияр,Кадыров,M,15,9,Алматинская область,Восточный район,Школа №3,kk,full,59.5,False
P03882,Гульнара,Жумабеков,F,16,10,Карагандинская область,Северный район,Школа №2,kk,full,57.6,False
P03883,Бекжан,Темирбеков,M,17,11,Павлодарская область,Южный район,Школа №3,kk,single,21.3,False
P03884,Иван,Волков,M,14,9,г. Алматы,Центральный район,Школа №2,ru,full,41.6,False
P03885,Сауле,Абилов,F,12,6,Костанайская область,Заречный район,Школа №5,kk,single,48.0,False
P03886,Владислав,Иванов,M,16,9,г. Астана,Восточный район,Школа №5,ru,single,57.0,False
P03887,Мария,Иванова,F,15,9,г. Астана,Восточный район,Школа №4,ru,single,16.1,False
P03888,Анастасия,Соколова,F,17,10,Западно-Казахстанская область,Южный район,Школа №4,ru,full,52.6,False
P03889,Анастасия,Петрова,F,16,10,Абайская область,Восточный район,Школа №2,ru,full,57.1,False
P03890,Ержан,Жумабеков,M,12,7,Мангистауская область, Северный район ,Школа №5,kk,single,61.7,False
P03891,Олжас,Абилов,M,12,6,Костанайская область,Северный район,Школа №4,kk,full,65.4,False
P03892,Сауле,Абилов,F,10,4,Акмолинская область,Западный район,Школа №3,kk,single,57.7,False
P03893,Анастасия,Попова,F,15,9,Жамбылская область,Заречный район,Школа №5,ru,full,43.0,False
P03894,Ержан,Темирбеков,M,13,7,Северо-Казахстанская область,Заречный район,Школа №1,kk,single,20.4,False
P03895,Аян,Сериков,M,16,9,Атырауская область,Западный район,Школа №4,kk,full,49.1,False
P03896,Максим,Морозов,M,15,10,Костанайская область,Северный район,Школа №5,ru,full,70.0,True
P03897,Дария,Сериков,F,10,4,Жетысуская область,Восточный район,Школа №2,kk,full,75.9,True
P03898,Полина,Попова,F,14,7,Улытауская область,Северный район,Школа №5,ru,full,65.7,False
P03899,Полина,Петрова,F,14,8,Павлодарская область,Восточный район,Школа №5,ru,full,61.4,False
P03900,Рамазан,Кадыров,M,16,10,Кызылординская область,Западный район,Школа №2,kk,full,60.7,False
P03901,Меруерт,Абилов,F,10,4,Атырауская область,Южный район,Школа №3,kk,full,46.7,False
P03902,Эльмира,Маратов,F,17,11,Улытауская область,Западный район,Школа №5,kk,full,53.0,False
P03903,Санжар,Жумабеков,M,9,4,Кызылординская область,Сельский район,Школа №2,kk,full,80.0,True
P03904,Дария,Сериков,F,14,9,Кызылординская область,Центральный район,Школа №3,kk,full,40.9,False
P03905,Кирилл,Петров,M,16,11,Актюбинская область,Южный район,Школа №4,ru,full,79.2,True
P03906,Максим,Попов,M,13,7,Акмолинская область,Центральный район,Школа №3,ru,full,50.2,False
P03907,Аружан,Касенов,F,14,9,Туркестанская область,Центральный район,Школа №5,kk,single,68.9,True
P03908,Данияр,Сатпаев,M,17,10,Жетысуская область,Южный район,Школа №3,kk,single,27.9,False
P03909,Камила,Бекенов,F,12,6,г. Алматы,Северный район,Школа №4,kk,full,63.8,False
P03910,Алмат,Абилов,M,13,7,Акмолинская область,Западный район,Школа №2,kk,single,37.9,False
P03911,Эльмира,Касенов,F,9,4,Павлодарская область,Восточный район,Школа №5,kk,single,27.8,False
P03912,Темирлан,Темирбеков,M,18,11,Западно-Казахстанская область,Заречный район,Школа №5,kk,single,52.3,False
P03913,Ерасыл,Сериков,M,11,5,Карагандинская область,Центральный район,Школа №4,kk,full,70.1,True
P03914,Екатерина,Петрова,F,14,9,Туркестанская область, Сельский район ,Школа №5,ru,single,36.3,False
P03915,Полина,Петрова,F,14,7,Жетысуская область,Центральный район,Школа №5,ru,full,32.5,False
P03916,Айдар,Сериков,M,14,8,Мангистауская область,Южный район,Школа №4,kk,full,53.6,False
P03917,Ержан,Бекенов,M,15,9,Павлодарская область,Центральный район,Школа №4,kk,full,53.7,False
P03918,Томирис,Кадыров,F,17,11,Туркестанская область,Сельский район,Школа №5,kk,full,63.2,False
P03919,Тимур,Касенов,M,14,8,Улытауская область,Западный район,Школа №1,kk,full,69.2,True
P03920,Рамазан,Сериков,M,13,8,Павлодарская область,Центральный район,Школа №2,kk,full,54.1,False
P03921,Алина,Нурланов,F,16,10,Костанайская область,Центральный район,Школа №3,kk,full,82.8,True
P03922,Михаил,Смирнов,M,13,7,г. Шымкент,Сельский район,Школа №5,ru,full,58.4,False
P03923,Анна,Кузнецова,F,15,9,Северо-Казахстанская область,Западный район,Школа №5,ru,full,49.8,False
P03924,Екатерина,Новикова,F,16,10,Жетысуская область,Западный район,Школа №3,ru,single,24.8,False
P03925,Анастасия,Новикова,F,14,8,Карагандинская область,Заречный район,Школа №3,ru,full,51.1,False
P03926,Владислав,Попов,M,12,7,Жамбылская область,Южный район,Школа №3,ru,full,50.0,False
P03927,Артём,Петров,M,17,11,Жамбылская область,Западный район,Школа №1,ru,full,69.4,True
P03928,Жансая,Жумабеков,F,16,10,Атырауская область,Сельский район,Школа №3,kk,full,61.9,False
P03929,Михаил,Иванов,M,16,11,Улытауская область,Южный район,Школа №5,ru,full,37.3,False
P03930,Бауыржан,Бекенов,M,15,9,Карагандинская область,Центральный район,Школа №2,kk,full,57.6,False
P03931,Екатерина,Смирнова,F,13,7,Павлодарская область,Восточный район,Школа №2,ru,full,65.1,False
P03932,Максим,Соколов,M,15,10,Павлодарская область,Западный район,Школа №5,ru,full,77.9,True
P03933,Полина,Новикова,F,17,11,Северо-Казахстанская область,Сельский район,Школа №2,ru,full,68.3,True
P03934,Екатерина,Лебедева,F,12,6,Туркестанская область,Южный район,Школа №4,ru,full,66.4,True
P03935,Александр,Попов,M,15,9,Жетысуская область,Восточный район,Школа №4,ru,single,49.9,False
P03936,Алмат,Маратов,M,15,9,Жамбылская область,Сельский район,Школа №4,kk,full,60.8,False
P03937,Темирлан,Бекенов,M,15,10,Жамбылская область,Северный район,Школа №3,kk,full,73.7,True
P03938,Темирлан,Темирбеков,M,10,5,Восточно-Казахстанская область,Северный район,Школа №5,kk,single,29.0,False
P03939,Шынгыс,Касенов,M,13,7,Кызылординская область,Северный район,Школа №3,kk,full,49.8,False
P03940,Наргиз,Бекенов,F,14,9,Западно-Казахстанская область,Сельский район,Школа №3,kk,full,43.4,False
P03941,Санжар,Нурланов,M,11,5,Восточно-Казахстанская область,Северный район,Школа №3,kk,full,60.7,False
P03942,Артём,Смирнов,M,15,9,Карагандинская область,Сельский район,Школа №5,ru,full,73.5,True
P03943,Сауле,Маратов,F,16,11,Атырауская область,Сельский район,Школа №4,kk,single,40.0,False
P03944,Малика,Алиев,F,11,5,Актюбинская область,Центральный район,Школа №1,kk,single,13.1,False
P03945,Айгерим,Нурланов,F,12,5,Атырауская область,Заречный район,Школа №5,kk,single,42.8,False
P03946,Нурлан,Тулегенов,M,17,11,Мангистауская область,Восточный район,Школа №1,kk,full,68.7,True
P03947,Аян,Сериков,M,14,8,Карагандинская область,Центральный район,Школа №2,kk,full,63.1,False
P03948,Дана,Бекенов,F,15,9,г. Астана,Центральный район,Школа №1,kk,full,61.4,False
P03949,Кирилл,Смирнов,M,15,9,Мангистауская область,Сельский район,Школа №1,ru,full,50.8,False
P03950,Меруерт,Сатпаев,F,14,9,Улытауская область,Заречный район,Школа №5,kk,full,35.8,False
P03951,Ерасыл,Алиев,M,13,6,Атырауская область,Западный район,Школа №2,kk,full,62.7,False
P03952,Ксения,Соколова,F,15,9,Акмолинская область,Центральный район,Школа №2,ru,full,42.5,False
P03953,Алина,Тулегенов,F,15,9,г. Алматы,Восточный район,Школа №3,kk,full,87.8,True
P03954,Никита,Смирнов,M,15,8,Западно-Казахстанская область,Сельский район,Школа №4,ru,single,57.6,False
P03955,Иван,Попов,M,16,9,Абайская область,Южный район,Школа №3,ru,full,46.3,False
P03956,Максим,Новиков,M,11,5,Акмолинская область,Западный район,Школа №2,ru,full,45.8,False
P03957,Ксения,Волкова,F,13,7,Улытауская область,Центральный район,Школа №2,ru,full,53.6,False
P03958,Алтынай,Темирбеков,F,17,11,Актюбинская область,Южный район,Школа №1,kk,single,45.4,False
P03959,Айгерим,Нурланов,F,12,5,Восточно-Казахстанская область,Северный район,Школа №4,kk,full,71.8,True
P03960,Дарья,Лебедева,F,10,5,Мангистауская область,Сельский район,Школа №2,ru,full,57.8,False
P03961,Екатерина,Петрова,F,12,5,Абайская область,Центральный район,Школа №4,ru,full,44.0,False
P03962,Александр,Попов,M,15,8,Алматинская область,Западный район,Школа №5,ru,full,83.4,True
P03963,Динара,Нурланов,F,12,6,Северо-Казахстанская область,Сельский район,Школа №3,kk,single,49.7,False
P03964,Рамазан,Нурланов,M,12,7,Жетысуская область,Южный район,Школа №1,kk,full,66.5,True
P03965,Михаил,Лебедев,M,13,7,Туркестанская область,Центральный район,Школа №4,ru,full,45.9,False
P03966,Бауыржан,Кадыров,M,16,9,Северо-Казахстанская область,Восточный район,Школа №1,kk,full,60.4,False
P03967,Бауыржан,Алиев,M,17,11,Атырауская область,Заречный район,Школа №5,kk,full,59.7,False
P03968,Камила,Сериков,F,16,9,Костанайская область,Западный район,Школа №5,kk,full,26.7,False
P03969,Сауле,Бекенов,F,16,11,Алматинская область,Восточный район,Школа №3,kk,full,85.2,True
P03970,Андрей,Смирнов,M,17,11,Карагандинская область,Заречный район,Школа №3,ru,single,68.4,True
P03971,Бауыржан,Абилов,M,10,5,Актюбинская область,Заречный район,Школа №3,kk,full,49.0,False
P03972,Ерасыл,Касенов,M,11,6,Акмолинская область,Западный район,Школа №1,kk,single,32.5,False
P03973,Ольга,Лебедева,F,11,6,Актюбинская область, Восточный район ,Школа №1,ru,full,60.2,False
P03974,Сауле,Бекенов,F,13,8,Актюбинская область,Заречный район,Школа №1,kk,single,50.3,False
P03975,Камила,Кадыров,F,15,9,Павлодарская область, Южный район ,Школа №1,kk,full,60.3,False
P03976,Айдар,Маратов,M,15,10,Северо-Казахстанская область,Западный район,Школа №2,kk,full,57.9,False
P03977,Аяна,Жумабеков,F,13,7,Актюбинская область,Сельский район,Школа №4,kk,full,62.6,False
P03978,Сабина,Алиев,F,15,9,Атырауская область,Северный район,Школа №1,kk,full,76.7,True
P03979,Санжар,Жумабеков,M,15,10,Мангистауская область,Центральный район,Школа №5,kk,full,63.5,False
P03980,Дамир,Маратов,M,16,10,Павлодарская область,Восточный район,Школа №1,kk,full,39.3,False
P03981,Бекжан,Сериков,M,15,10,Павлодарская область,Сельский район,Школа №5,kk,full,75.4,True
P03982,Дария,Сериков,F,16,11,Алматинская область,Заречный район,Школа №4,kk,single,73.6,True
P03983,Малика,Маратов,F,18,11,Жетысуская область,Заречный район,Школа №1,kk,full,100.0,True
P03984,Сауле,Нурланов,F,14,8,г. Астана,Сельский район,Школа №3,kk,full,38.1,False
P03985,Екатерина,Иванова,F,15,9,Западно-Казахстанская область,Центральный район,Школа №3,ru,full,58.6,False
P03986,Екатерина,Кузнецова,F,14,8,Западно-Казахстанская область,Заречный район,Школа №5,ru,single,17.8,False
P03987,Нурлан,Тулегенов,M,15,10,Кызылординская область,Северный район,Школа №3,kk,full,63.3,False
P03988,Динара,Темирбеков,F,13,8,Западно-Казахстанская область,Центральный район,Школа №2,kk,single,40.8,False
P03989,Жаныбек,Тулегенов,M,16,10,г. Астана,Заречный район,Школа №1,kk,full,83.9,True
P03990,Иван,Иванов,M,11,6,г. Шымкент,Южный район,Школа №5,ru,full,43.4,False
P03991,Жаныбек,Тулегенов,M,15,9,Акмолинская область,Восточный район,Школа №5,kk,full,29.7,False
P03992,Алихан,Сатпаев,M,12,6,Кызылординская область,Сельский район,Школа №4,kk,full,47.9,False
P03993,Сабина,Тулегенов,F,10,5,Акмолинская область,Восточный район,Школа №2,kk,full,25.4,False
P03994,Томирис,Кадыров,F,16,10,г. Шымкент,Северный район,Школа №2,kk,full,66.3,True
P03995,Камила,Абилов,F,15,9,Туркестанская область,Северный район,Школа №2,kk,single,18.0,False
P03996,Аяна,Маратов,F,11,5,Северо-Казахстанская область,Заречный район,Школа №3,kk,single,49.4,False
P03997,Екатерина,Смирнова,F,16,10,Жамбылская область,Южный район,Школа №2,ru,full,23.8,False
P03998,Елена,Смирнова,F,14,8,Абайская область,Западный район,Школа №1,ru,single,44.2,False
P03999,Санжар,Абилов,M,11,6,Актюбинская область,Западный район,Школа №3,kk,single,73.7,True
P04000,Дарья,Попова,F,18,11,Жетысуская область,Сельский район,Школа №1,ru,full,60.4,False
P04001,Полина,Новикова,F,12,6,Туркестанская область,Западный район,Школа №5,ru,full,42.0,False
P04002,Тимур,Кадыров,M,13,8,Северо-Казахстанская область,Северный район,Школа №1,kk,full,54.5,False
P04003,Алмат,Сериков,M,11,5,Актюбинская область,Северный район,Школа №1,kk,full,55.3,False
P04004,Александр,Смирнов,M,17,11,Западно-Казахстанская область,Восточный район,Школа №3,ru,single,56.1,False
P04005,Аружан,Маратов,F,18,11,Атырауская область,Северный район,Школа №2,kk,full,34.5,False
P04006,Максим,Иванов,M,12,7,г. Астана,Южный район,Школа №1,ru,single,57.9,False
P04007,Меруерт,Тулегенов,F,11,6,Жамбылская область,Восточный район,Школа №1,kk,full,14.4,False
P04008,Аружан,Нурланов,F,11,6,Акмолинская область, Западный район ,Школа №5,kk,full,45.6,False
P04009,Меруерт,Тулегенов,F,15,9,Карагандинская область,Южный район,Школа №5,kk,full,47.7,False
P04010,Олжас,Маратов,M,16,10,Жетысуская область,Западный район,Школа №2,kk,full,64.5,False
P04011,Аян,Жумабеков,M,15,10,Кызылординская область,Южный район,Школа №4,kk,full,55.3,False
P04012,Ксения,Морозова,F,14,9,Улытауская область,Северный район,Школа №3,ru,full,33.9,False
P04013,Сауле,Алиев,F,16,11,г. Астана,Заречный район,Школа №5,kk,single,34.2,False
P04014,Дмитрий,Новиков,M,18,11,Туркестанская область,Западный район,Школа №2,ru,full,58.0,False
P04015,Ержан,Нурланов,M,11,6,Карагандинская область,Центральный район,Школа №2,kk,full,53.8,False
P04016,Рамазан,Темирбеков,M,12,5,Мангистауская область,Северный район,Школа №2,kk,single,40.3,False
P04017,Алихан,Сериков,M,10,4,г. Астана,Южный район,Школа №2,kk,full,47.8,False
P04018,Елена,Иванова,F,16,11,Жетысуская область,Восточный район,Школа №1,ru,single,59.4,False
P04019,Бауыржан,Темирбеков,M,11,6,Павлодарская область,Центральный район,Школа №5,kk,single,41.2,False
P04020,Михаил,Смирнов,M,14,8,Акмолинская область,Восточный район,Школа №1,ru,full,53.7,False
P04021,Малика,Тулегенов,F,17,11,Западно-Казахстанская область,Восточный район,Школа №3,kk,full,87.5,True
P04022,Арман,Сатпаев,M,14,8,г. Шымкент,Центральный район,Школа №2,kk,full,33.6,False
P04023,Олжас,Алиев,M,17,10,Акмолинская область,Западный район,Школа №5,kk,full,27.2,False
P04024,Иван,Иванов,M,15,9,г. Алматы,Центральный район,Школа №4,ru,full,66.8,True
P04025,Максим,Морозов,M,13,7,Актюбинская область,Сельский район,Школа №3,ru,full,44.8,False
P04026,Ержан,Сериков,M,14,8,Кызылординская область,Заречный район,Школа №4,kk,full,50.2,False
P04027,Камила,Касенов,F,14,9,Туркестанская область,Сельский район,Школа №5,kk,single,37.3,False
P04028,Дамир,Касенов,M,17,10,Актюбинская область,Южный район,Школа №3,kk,full,51.1,False
P04029,Алина,Жумабеков,F,12,7,Западно-Казахстанская область,Восточный район,Школа №5,kk,full,79.0,True
P04030,Дария,Маратов,F,15,9,Павлодарская область,Южный район,Школа №3,kk,full,67.0,True
P04031,Михаил,Новиков,M,14,7,Кызылординская область,Северный район,Школа №1,ru,full,67.9,True
P04032,Нурлан,Алиев,M,18,11,Костанайская область,Восточный район,Школа №1,kk,full,33.8,False
P04033,Алихан,Сериков,M,16,10,Улытауская область,Центральный район,Школа №1,kk,full,37.7,False
P04034,Сауле,Касенов,F,10,4,Алматинская область,Южный район,Школа №5,kk,full,12.4,False
P04035,Алина,Абилов,F,14,8,Западно-Казахстанская область,Центральный район,Школа №3,kk,single,36.9,False
P04036,Екатерина,Петрова,F,16,10,Акмолинская область,Заречный район,Школа №2,ru,single,63.4,False
P04037,Рамазан,Темирбеков,M,12,5,Восточно-Казахстанская область,Южный район,Школа №4,kk,full,62.8,False
P04038,Нурлан,Жумабеков,M,15,9,Кызылординская область,Сельский район,Школа №5,kk,full,51.7,False
P04039,Михаил,Кузнецов,M,17,11,Восточно-Казахстанская область,Западный район,Школа №1,ru,single,48.7,False
P04040,Дана,Абилов,F,14,8,г. Шымкент,Сельский район,Школа №5,kk,single,38.7,False
P04041,Дмитрий,Морозов,M,15,9,г. Астана, Южный район ,Школа №1,ru,full,58.1,False
P04042,Елена,Лебедева,F,16,9,Жетысуская область,Сельский район,Школа №3,ru,full,66.5,True
P04043,Владислав,Новиков,M,14,8,Мангистауская область,Заречный район,Школа №4,ru,single,24.8,False
P04044,Санжар,Темирбеков,M,15,8,Костанайская область,Северный район,Школа №2,kk,full,59.5,False
P04045,Аружан,Тулегенов,F,16,10,г. Астана,Восточный район,Школа №4,kk,full,69.0,True
P04046,София,Петрова,F,12,6,г. Астана,Центральный район,Школа №3,ru,full,48.8,False
P04047,Балжан,Сериков,F,15,10,Северо-Казахстанская область,Восточный район,Школа №4,kk,full,65.5,False
P04048,Максим,Попов,M,16,10,г. Астана, Центральный район ,Школа №3,ru,single,91.2,True
P04049,Никита,Лебедев,M,16,10,Туркестанская область,Центральный район,Школа №3,ru,single,47.4,False
P04050,Елена,Иванова,F,16,11,Кызылординская область,Сельский район,Школа №4,ru,full,60.9,False
P04051,Александр,Петров,M,14,9,Кызылординская область,Южный район,Школа №3,ru,full,43.9,False
P04052,Полина,Попова,F,14,8,Северо-Казахстанская область,Сельский район,Школа №3,ru,full,57.7,False
P04053,Сауле,Жумабеков,F,14,8,Кызылординская область,Южный район,Школа №4,kk,full,61.9,False
P04054,Дарья,Иванова,F,16,11,Костанайская область,Центральный район,Школа №3,ru,full,57.9,False
P04055,Максим,Смирнов,M,15,8,Улытауская область,Заречный район,Школа №2,ru,full,39.7,False
P04056,Айдана,Маратов,F,16,10,г. Алматы,Западный район,Школа №2,kk,single,52.1,False
P04057,Нурлан,Сатпаев,M,16,10,г. Алматы,Центральный район,Школа №2,kk,full,76.9,True
P04058,Шынгыс,Жумабеков,M,18,11,Жамбылская область,Заречный район,Школа №1,kk,single,55.7,False
P04059,Гульнара,Абилов,F,13,7,Туркестанская область,Сельский район,Школа №5,kk,full,69.4,True
P04060,Алихан,Сатпаев,M,14,9,Алматинская область,Восточный район,Школа №4,kk,single,45.4,False
P04061,Ксения,Волкова,F,15,9,Восточно-Казахстанская область,Южный район,Школа №4,ru,full,66.2,True
P04062,Шынгыс,Тулегенов,M,9,4,Атырауская область,Северный район,Школа №1,kk,full,59.2,False
P04063,София,Иванова,F,13,7,Атырауская область,Северный район,Школа №4,ru,single,34.7,False
P04064,Артём,Соколов,M,11,5,г. Шымкент,Южный район,Школа №1,ru,full,59.8,False
P04065,София,Петрова,F,16,10,Алматинская область,Заречный район,Школа №5,ru,single,34.1,False
P04066,Алмат,Тулегенов,M,17,11,Атырауская область,Западный район,Школа №5,kk,full,45.5,False
P04067,Алихан,Касенов,M,14,9,Атырауская область,Центральный район,Школа №2,kk,single,51.8,False
P04068,Малика,Касенов,F,12,6,Павлодарская область,Заречный район,Школа №2,kk,single,53.5,False
P04069,Наргиз,Кадыров,F,14,8,Карагандинская область,Северный район,Школа №3,kk,single,31.2,False
P04070,Ерасыл,Темирбеков,M,17,11,Жетысуская область,Центральный район,Школа №2,kk,single,64.8,False
P04071,Меруерт,Сатпаев,F,14,8,Жамбылская область,Сельский район,Школа №2,kk,full,63.6,False
P04072,Шынгыс,Алиев,M,16,9,Западно-Казахстанская область,Сельский район,Школа №3,kk,full,44.4,False
P04073,Темирлан,Маратов,M,18,11,Северо-Казахстанская область,Сельский район,Школа №5,kk,single,25.9,False
P04074,София,Петрова,F,15,8,Восточно-Казахстанская область,Сельский район,Школа №4,ru,full,52.8,False
P04075,Кирилл,Волков,M,14,8,Актюбинская область,Центральный район,Школа №4,ru,full,48.3,False
P04076,Мария,Попова,F,16,10,Восточно-Казахстанская область,Сельский район,Школа №1,ru,full,56.7,False
P04077,Айгерим,Жумабеков,F,13,8,Абайская область,Южный район,Школа №1,kk,full,49.6,False
P04078,Дмитрий,Кузнецов,M,14,8,Жетысуская область,Восточный район,Школа №2,ru,full,24.9,False
P04079,Бекжан,Кадыров,M,13,8,Костанайская область,Центральный район,Школа №2,kk,full,49.2,False
P04080,Ерасыл,Тулегенов,M,16,11,Карагандинская область,Южный район,Школа №2,kk,single,44.4,False
P04081,Андрей,Новиков,M,13,8,Западно-Казахстанская область,Западный район,Школа №4,ru,single,58.5,False
P04082,Алтынай,Маратов,F,16,10,Северо-Казахстанская область,Северный район,Школа №2,kk,single,38.5,False
P04083,Айгерим,Сериков,F,12,5,Карагандинская область,Западный район,Школа №2,kk,full,80.2,True
P04084,Дмитрий,Иванов,M,14,8,Абайская область,Восточный район,Школа №5,ru,single,20.3,False
P04085,Анастасия,Смирнова,F,14,7,Костанайская область,Сельский район,Школа №3,ru,single,68.7,True
P04086,Анна,Петрова,F,17,11,г. Алматы,Заречный район,Школа №1,ru,full,51.6,False
P04087,Анна,Петрова,F,11,5,г. Астана,Южный район,Школа №4,ru,full,67.9,True
P04088,Дана,Абилов,F,16,10,Туркестанская область,Западный район,Школа №1,kk,single,50.2,False
P04089,Аружан,Кадыров,F,12,6,Туркестанская область, Южный район ,Школа №3,kk,full,72.1,True
P04090,Тимур,Жумабеков,M,13,7,Улытауская область,Восточный район,Школа №4,kk,single,43.2,False
P04091,Наргиз,Сериков,F,14,8,Алматинская область,Южный район,Школа №1,kk,single,32.5,False
P04092,Рамазан,Касенов,M,15,9,Костанайская область,Южный район,Школа №1,kk,full,76.3,True
P04093,Ксения,Иванова,F,17,11,Западно-Казахстанская область,Южный район,Школа №1,ru,single,47.3,False
P04094,Дарья,Лебедева,F,15,9,Туркестанская область,Сельский район,Школа №5,ru,single,52.3,False
P04095,Владислав,Новиков,M,14,8,Улытауская область,Заречный район,Школа №2,ru,single,67.5,True
P04096,Дария,Алиев,F,14,9,Западно-Казахстанская область,Центральный район,Школа №5,kk,full,39.5,False
P04097,Ольга,Лебедева,F,11,4,г. Алматы,Центральный район,Школа №1,ru,full,63.9,False
P04098,Тимур,Абилов,M,16,10,Атырауская область,Заречный район,Школа №5,kk,full,46.2,False
P04099,Ксения,Соколова,F,12,7,Алматинская область,Сельский район,Школа №1,ru,single,47.0,False
P04100,Олжас,Кадыров,M,10,4,Алматинская область,Заречный район,Школа №1,kk,single,50.1,False
P04101,Дария,Кадыров,F,15,9,Кызылординская область,Восточный район,Школа №5,kk,full,32.5,False
P04102,Арман,Маратов,M,15,9,Актюбинская область,Западный район,Школа №2,kk,full,43.3,False
P04103,Айгерим,Касенов,F,12,6,г. Астана,Сельский район,Школа №3,kk,single,69.3,True
P04104,Балжан,Нурланов,F,18,11,Северо-Казахстанская область,Южный район,Школа №1,kk,full,68.3,True
P04105,Томирис,Сатпаев,F,15,9,Западно-Казахстанская область,Сельский район,Школа №4,kk,full,54.1,False
P04106,Полина,Иванова,F,13,7,Актюбинская область,Северный район,Школа №2,ru,single,52.6,False
P04107,Алмат,Маратов,M,12,6,Абайская область,Сельский район,Школа №1,kk,single,44.6,False
P04108,Жаныбек,Касенов,M,16,10,Восточно-Казахстанская область,Заречный район,Школа №4,kk,full,75.3,True
P04109,София,Попова,F,14,8,г. Шымкент,Центральный район,Школа №4,ru,single,46.0,False
P04110,Тимур,Нурланов,M,13,8,Кызылординская область,Западный район,Школа №2,kk,full,58.5,False
P04111,Кирилл,Морозов,M,15,9,Туркестанская область,Северный район,Школа №1,ru,full,72.2,True
P04112,Темирлан,Темирбеков,M,14,8,Мангистауская область,Западный район,Школа №5,kk,single,37.3,False
P04113,Полина,Новикова,F,15,9,Алматинская область,Сельский район,Школа №2,ru,single,72.4,True
P04114,Анастасия,Лебедева,F,13,7,Мангистауская область,Южный район,Школа №5,ru,single,26.0,False
P04115,Екатерина,Иванова,F,16,10,Абайская область,Южный район,Школа №2,ru,single,73.4,True
P04116,Сауле,Сатпаев,F,17,11,Туркестанская область,Центральный район,Школа №5,kk,full,49.4,False
P04117,Дария,Абилов,F,16,10,г. Шымкент,Центральный район,Школа №3,kk,full,51.4,False
P04118,Санжар,Сатпаев,M,12,7,Абайская область,Северный район,Школа №4,kk,single,20.6,False
P04119,Александр,Попов,M,15,9,Акмолинская область,Сельский район,Школа №5,ru,single,42.2,False
P04120,Темирлан,Тулегенов,M,13,7,Абайская область,Западный район,Школа №4,kk,full,39.4,False
P04121,Адильхан,Абилов,M,10,4,Восточно-Казахстанская область,Южный район,Школа №2,kk,single,39.9,False
P04122,Ержан,Темирбеков,M,13,8,Алматинская область,Северный район,Школа №3,kk,single,46.9,False
P04123,Жансая,Темирбеков,F,15,10,Кызылординская область,Центральный район,Школа №5,kk,single,63.4,False
P04124,Айгерим,Кадыров,F,9,4,Актюбинская область,Сельский район,Школа №2,kk,full,58.1,False
P04125,Дана,Маратов,F,15,9,Кызылординская область,Центральный район,Школа №5,kk,full,59.6,False
P04126,Эльмира,Алиев,F,13,7,Мангистауская область,Западный район,Школа №5,kk,full,38.6,False
P04127,Томирис,Алиев,F,9,4,Кызылординская область,Северный район,Школа №5,kk,full,41.8,False
P04128,Максим,Петров,M,12,6,Атырауская область,Южный район,Школа №1,ru,full,82.0,True
P04129,Ерасыл,Тулегенов,M,14,8,Актюбинская область,Западный район,Школа №4,kk,single,38.0,False
P04130,Нурлан,Кадыров,M,17,10,Жамбылская область,Центральный район,Школа №3,kk,single,73.8,True
P04131,Михаил,Петров,M,12,7,Кызылординская область,Центральный район,Школа №5,ru,single,45.4,False
P04132,Алмат,Тулегенов,M,17,11,Северо-Казахстанская область,Западный район,Школа №4,kk,full,55.0,False
P04133,Балжан,Темирбеков,F,13,7,Западно-Казахстанская область,Северный район,Школа №2,kk,full,71.1,True
P04134,Анна,Волкова,F,10,4,Мангистауская область,Центральный район,Школа №3,ru,full,74.1,True
P04135,Данияр,Бекенов,M,15,9,г. Алматы,Восточный район,Школа №4,kk,full,53.3,False
P04136,Айдана,Маратов,F,15,9,Восточно-Казахстанская область,Восточный район,Школа №5,kk,full,49.2,False
P04137,Наргиз,Бекенов,F,17,11,Улытауская область,Центральный район,Школа №5,kk,full,54.2,False
P04138,Меруерт,Темирбеков,F,15,9,Актюбинская область,Западный район,Школа №5,kk,full,60.1,False
P04139,Иван,Петров,M,12,5,Улытауская область,Заречный район,Школа №2,ru,full,68.4,True
P04140,Мария,Кузнецова,F,14,9,Мангистауская область,Восточный район,Школа №2,ru,single,49.1,False
P04141,Айгерим,Темирбеков,F,17,10,Мангистауская область,Сельский район,Школа №4,kk,full,64.3,False
P04142,Дарья,Новикова,F,15,8,г. Астана,Центральный район,Школа №2,ru,full,79.6,True
P04143,Адильхан,Нурланов,M,15,9,г. Алматы,Сельский район,Школа №4,kk,full,60.7,False
P04144,Олжас,Сатпаев,M,16,9,Северо-Казахстанская область,Центральный район,Школа №1,kk,full,59.7,False
P04145,Сауле,Кадыров,F,14,9,Западно-Казахстанская область,Южный район,Школа №4,kk,single,26.2,False
P04146,Сауле,Бекенов,F,15,9,Жамбылская область,Южный район,Школа №3,kk,single,9.5,False
P04147,Аяна,Сериков,F,16,10,Жамбылская область,Центральный район,Школа №5,kk,single,54.8,False
P04148,Айдана,Кадыров,F,11,6,г. Шымкент,Западный район,Школа №3,kk,full,53.6,False
P04149,Балжан,Абилов,F,16,10,Улытауская область,Северный район,Школа №3,kk,full,47.3,False
P04150,Михаил,Морозов,M,13,7,Туркестанская область,Центральный район,Школа №1,ru,full,58.7,False
P04151,Меруерт,Бекенов,F,16,10,Актюбинская область,Южный район,Школа №1,kk,full,54.1,False
P04152,Шынгыс,Жумабеков,M,15,8,Западно-Казахстанская область,Северный район,Школа №1,kk,full,71.9,True
P04153,Иван,Волков,M,14,9,Туркестанская область,Восточный район,Школа №1,ru,single,50.3,False
P04154,Жаныбек,Жумабеков,M,14,8,Абайская область,Сельский район,Школа №4,kk,single,37.8,False
P04155,Рамазан,Тулегенов,M,13,7,Костанайская область,Сельский район,Школа №2,kk,full,69.9,True
P04156,Темирлан,Нурланов,M,14,9,Мангистауская область,Восточный район,Школа №2,kk,single,45.7,False
P04157,Кирилл,Новиков,M,11,5,г. Шымкент,Южный район,Школа №1,ru,full,62.9,False
P04158,Гульнара,Тулегенов,F,18,11,Павлодарская область,Заречный район,Школа №2,kk,full,47.8,False
P04159,Шынгыс,Тулегенов,M,15,8,Мангистауская область,Северный район,Школа №3,kk,single,39.3,False
P04160,Нурлан,Сериков,M,15,8,Акмолинская область,Северный район,Школа №3,kk,full,56.3,False
P04161,Алина,Маратов,F,14,8,Карагандинская область,Сельский район,Школа №2,kk,full,55.2,False
P04162,Айдар,Темирбеков,M,17,11,Актюбинская область,Северный район,Школа №4,kk,full,62.2,False
P04163,Андрей,Соколов,M,11,4,г. Шымкент,Сельский район,Школа №1,ru,full,51.0,False
P04164,Никита,Попов,M,9,4,Карагандинская область,Южный район,Школа №2,ru,full,27.5,False
P04165,Камила,Алиев,F,15,10,Туркестанская область,Заречный район,Школа №2,kk,single,42.5,False
P04166,Артём,Попов,M,16,10,г. Алматы,Западный район,Школа №4,ru,full,66.9,True
P04167,Алтынай,Нурланов,F,14,9,Мангистауская область,Южный район,Школа №4,kk,full,50.5,False
P04168,Жаныбек,Сериков,M,15,9,Алматинская область,Сельский район,Школа №2,kk,full,51.3,False
P04169,Адильхан,Нурланов,M,17,11,Западно-Казахстанская область,Северный район,Школа №4,kk,full,69.8,True
P04170,Малика,Кадыров,F,11,5,Атырауская область,Восточный район,Школа №3,kk,single,38.3,False
P04171,Дмитрий,Петров,M,15,8,Актюбинская область, Восточный район ,Школа №5,ru,single,25.9,False
P04172,Михаил,Морозов,M,14,8,Туркестанская область,Южный район,Школа №5,ru,full,52.6,False
P04173,Алина,Касенов,F,16,10,Кызылординская область,Южный район,Школа №5,kk,single,41.7,False
P04174,Кирилл,Соколов,M,15,9,Жетысуская область,Центральный район,Школа №2,ru,full,40.5,False
P04175,Елена,Соколова,F,15,9,Жетысуская область,Северный район,Школа №2,ru,full,52.4,False
P04176,Рамазан,Маратов,M,17,11,Карагандинская область,Заречный район,Школа №4,kk,full,62.4,False
P04177,Дана,Сатпаев,F,12,6,Туркестанская область,Северный район,Школа №5,kk,full,54.9,False
P04178,Алина,Темирбеков,F,13,7,Акмолинская область,Западный район,Школа №5,kk,full,59.6,False
P04179,Алихан,Нурланов,M,11,5,Западно-Казахстанская область,Северный район,Школа №5,kk,full,82.2,True
P04180,Айдана,Алиев,F,13,7,Карагандинская область,Западный район,Школа №1,kk,full,49.9,False
P04181,Сабина,Маратов,F,17,11,Западно-Казахстанская область,Северный район,Школа №3,kk,single,53.2,False
P04182,Екатерина,Соколова,F,17,10,Жамбылская область,Южный район,Школа №4,ru,single,41.4,False
P04183,Андрей,Кузнецов,M,13,7,г. Астана,Южный район,Школа №3,ru,full,42.3,False
P04184,Ксения,Волкова,F,12,6,Абайская область,Заречный район,Школа №1,ru,full,46.2,False
P04185,Жаныбек,Жумабеков,M,11,5,Атырауская область,Центральный район,Школа №5,kk,full,47.8,False
P04186,Томирис,Бекенов,F,14,8,Северо-Казахстанская область,Заречный район,Школа №1,kk,single,54.4,False
P04187,Адильхан,Касенов,M,12,6,Мангистауская область,Северный район,Школа №2,kk,full,90.2,True
P04188,Владислав,Смирнов,M,17,11,Павлодарская область,Южный район,Школа №1,ru,full,44.3,False
P04189,Александр,Новиков,M,15,8,Улытауская область,Западный район,Школа №2,ru,full,48.8,False
P04190,Балжан,Сатпаев,F,13,8,г. Астана,Западный район,Школа №2,kk,single,48.1,False
P04191,Алмат,Касенов,M,17,11,г. Астана,Западный район,Школа №5,kk,single,54.9,False
P04192,Аяна,Нурланов,F,14,8,Атырауская область,Заречный район,Школа №1,kk,full,59.0,False
P04193,Аяна,Абилов,F,16,10,Карагандинская область,Восточный район,Школа №5,kk,single,68.3,True
P04194,Бекжан,Бекенов,M,15,9,Жамбылская область,Центральный район,Школа №4,kk,full,18.6,False
P04195,Наргиз,Кадыров,F,16,10,Мангистауская область,Центральный район,Школа №4,kk,full,19.2,False
P04196,Айгерим,Темирбеков,F,14,7,Акмолинская область,Северный район,Школа №4,kk,single,41.6,False
P04197,Михаил,Новиков,M,15,9,Акмолинская область, Сельский район ,Школа №1,ru,full,71.5,True
P04198,Малика,Бекенов,F,17,11,Алматинская область,Западный район,Школа №3,kk,single,25.5,False
P04199,Аян,Маратов,M,16,10,г. Алматы,Восточный район,Школа №2,kk,full,9.9,False
P04200,Аяна,Алиев,F,12,7,Мангистауская область,Западный район,Школа №4,kk,full,63.6,False
P04201,Дана,Бекенов,F,14,8,г. Алматы,Восточный район,Школа №1,kk,full,58.7,False
P04202,Дария,Жумабеков,F,16,9,г. Шымкент,Южный район,Школа №1,kk,full,38.6,False
P04203,Никита,Лебедев,M,14,9,Восточно-Казахстанская область,Заречный район,Школа №2,ru,single,34.2,False
P04204,Дарья,Новикова,F,14,8,Северо-Казахстанская область,Заречный район,Школа №3,ru,full,40.5,False
P04205,Олжас,Темирбеков,M,11,6,Костанайская область,Заречный район,Школа №5,kk,full,56.7,False
P04206,Бауыржан,Сериков,M,15,8,г. Алматы,Восточный район,Школа №1,kk,full,45.6,False
P04207,Кирилл,Лебедев,M,16,10,Актюбинская область,Западный район,Школа №4,ru,single,56.4,False
P04208,Анастасия,Соколова,F,10,4,Жетысуская область,Южный район,Школа №1,ru,full,12.2,False
P04209,Данияр,Абилов,M,14,8,Кызылординская область,Восточный район,Школа №4,kk,single,36.1,False
P04210,Наргиз,Абилов,F,11,4,Карагандинская область,Центральный район,Школа №3,kk,full,38.1,False
P04211,Артём,Кузнецов,M,17,11,Жетысуская область,Центральный район,Школа №3,ru,single,45.2,False
P04212,Рамазан,Касенов,M,16,10,Абайская область,Сельский район,Школа №1,kk,full,46.9,False
P04213,Айгерим,Кадыров,F,13,6,Жамбылская область,Сельский район,Школа №3,kk,full,67.0,True
P04214,Малика,Алиев,F,16,10,г. Астана,Северный район,Школа №5,kk,full,27.1,False
P04215,Айдана,Нурланов,F,12,6,Мангистауская область,Центральный район,Школа №1,kk,full,55.7,False
P04216,Алтынай,Абилов,F,14,8,г. Астана,Заречный район,Школа №4,kk,full,63.4,False
P04217,Данияр,Нурланов,M,13,8,Северо-Казахстанская область,Центральный район,Школа №5,kk,full,82.8,True
P04218,Алихан,Алиев,M,13,6,Атырауская область,Западный район,Школа №5,kk,full,47.8,False
P04219,Наргиз,Абилов,F,12,6,г. Астана,Западный район,Школа №5,kk,full,59.9,False
P04220,Мария,Морозова,F,17,11,Павлодарская область,Северный район,Школа №3,ru,single,21.9,False
P04221,Александр,Волков,M,14,8,Северо-Казахстанская область,Центральный район,Школа №3,ru,full,19.1,False
P04222,Бауыржан,Бекенов,M,11,5,Мангистауская область,Восточный район,Школа №1,kk,full,67.7,True
P04223,Алина,Жумабеков,F,12,6,Абайская область,Западный район,Школа №5,kk,single,48.9,False
P04224,Андрей,Кузнецов,M,11,5,Северо-Казахстанская область,Центральный район,Школа №3,ru,full,72.7,True
P04225,Владислав,Петров,M,15,8,Кызылординская область,Западный район,Школа №2,ru,full,34.4,False
P04226,Никита,Петров,M,16,10,Кызылординская область,Центральный район,Школа №1,ru,single,56.8,False
P04227,Меруерт,Сатпаев,F,13,7,Акмолинская область,Южный район,Школа №3,kk,full,83.0,True
P04228,Андрей,Попов,M,13,7,Алматинская область,Западный район,Школа №5,ru,full,61.3,False
P04229,Алина,Сатпаев,F,14,9,Восточно-Казахстанская область,Восточный район,Школа №5,kk,full,59.1,False
P04230,Айдана,Касенов,F,17,11,Павлодарская область,Сельский район,Школа №1,kk,full,55.1,False
P04231,Кирилл,Лебедев,M,17,10,Алматинская область,Центральный район,Школа №4,ru,full,31.4,False
P04232,Наргиз,Темирбеков,F,16,10,г. Алматы,Центральный район,Школа №5,kk,full,75.3,True
P04233,Дмитрий,Волков,M,17,11,Туркестанская область,Восточный район,Школа №5,ru,single,39.8,False
P04234,Александр,Кузнецов,M,17,10,Акмолинская область,Северный район,Школа №1,ru,single,56.6,False
P04235,Темирлан,Сатпаев,M,15,9,Павлодарская область,Северный район,Школа №3,kk,full,31.6,False
P04236,Дана,Сатпаев,F,12,6,Кызылординская область,Сельский район,Школа №2,kk,full,37.3,False
P04237,Аружан,Нурланов,F,16,10,Жетысуская область,Северный район,Школа №5,kk,full,76.5,True
P04238,Ольга,Иванова,F,14,8,г. Алматы,Южный район,Школа №2,ru,full,49.8,False
P04239,Жансая,Жумабеков,F,15,10,Жамбылская область,Заречный район,Школа №5,kk,full,76.8,True
P04240,Динара,Касенов,F,16,10,Костанайская область,Восточный район,Школа №3,kk,single,47.8,False
P04241,Ержан,Кадыров,M,13,8,Жетысуская область,Северный район,Школа №2,kk,full,27.4,False
P04242,Алмат,Абилов,M,16,10,Костанайская область,Северный район,Школа №2,kk,full,68.4,True
P04243,Андрей,Кузнецов,M,16,10,г. Астана,Южный район,Школа №4,ru,full,46.2,False
P04244,Рамазан,Бекенов,M,16,10,Жетысуская область, Южный район ,Школа №4,kk,single,59.5,False
P04245,Дария,Тулегенов,F,15,8,Восточно-Казахстанская область,Западный район,Школа №1,kk,full,55.4,False
P04246,Ержан,Тулегенов,M,17,11,Северо-Казахстанская область,Заречный район,Школа №2,kk,full,31.9,False
P04247,Иван,Морозов,M,15,9,Северо-Казахстанская область,Заречный район,Школа №1,ru,full,57.5,False
P04248,Кирилл,Смирнов,M,17,11,Жамбылская область,Заречный район,Школа №4,ru,single,81.9,True
P04249,Арман,Касенов,M,15,10,Северо-Казахстанская область, Заречный район ,Школа №2,kk,single,56.4,False
P04250,Ольга,Новикова,F,15,9,Костанайская область,Сельский район,Школа №5,ru,full,54.1,False
P04251,Меруерт,Сатпаев,F,10,4,г. Астана,Западный район,Школа №5,kk,full,71.1,True
P04252,Михаил,Петров,M,18,11,Восточно-Казахстанская область,Заречный район,Школа №2,ru,full,58.2,False
P04253,Жансая,Бекенов,F,16,10,Туркестанская область,Сельский район,Школа №3,kk,full,58.1,False
P04254,Дарья,Смирнова,F,16,10,Атырауская область,Центральный район,Школа №2,ru,single,32.6,False
P04255,Дарья,Волкова,F,11,6,г. Астана,Заречный район,Школа №1,ru,full,58.5,False
P04256,Мария,Иванова,F,15,9,Павлодарская область,Западный район,Школа №2,ru,full,70.5,True
P04257,Санжар,Бекенов,M,11,5,Улытауская область,Заречный район,Школа №2,kk,single,36.5,False
P04258,Анастасия,Соколова,F,15,10,Восточно-Казахстанская область,Восточный район,Школа №4,ru,single,70.4,True
P04259,Александр,Попов,M,17,11,Мангистауская область,Западный район,Школа №4,ru,full,53.6,False
P04260,Дария,Сериков,F,16,9,Атырауская область,Северный район,Школа №5,kk,full,41.7,False
P04261,Сауле,Тулегенов,F,10,5,Улытауская область,Восточный район,Школа №5,kk,full,70.0,True
P04262,Владислав,Лебедев,M,16,9,Абайская область,Северный район,Школа №4,ru,full,50.7,False
P04263,Елена,Соколова,F,11,6,Западно-Казахстанская область,Северный район,Школа №4,ru,single,60.4,False
P04264,Максим,Новиков,M,15,10,Павлодарская область,Северный район,Школа №2,ru,single,44.6,False
P04265,Александр,Соколов,M,11,4,Жетысуская область,Западный район,Школа №2,ru,single,48.1,False
P04266,Камила,Тулегенов,F,14,9,Западно-Казахстанская область,Северный район,Школа №1,kk,full,62.4,False
P04267,Елена,Новикова,F,11,5,Восточно-Казахстанская область,Западный район,Школа №2,ru,single,53.4,False
P04268,Дмитрий,Лебедев,M,10,5,Абайская область,Северный район,Школа №2,ru,full,25.1,False
P04269,Александр,Соколов,M,14,8,Восточно-Казахстанская область,Заречный район,Школа №2,ru,full,38.2,False
P04270,Полина,Попова,F,12,6,г. Шымкент,Сельский район,Школа №4,ru,full,68.9,True
P04271,Артём,Лебедев,M,10,4,Актюбинская область,Западный район,Школа №1,ru,full,53.0,False
P04272,Алина,Абилов,F,11,5,г. Шымкент,Заречный район,Школа №3,kk,single,41.1,False
P04273,Адильхан,Сериков,M,13,6,Жамбылская область,Заречный район,Школа №1,kk,full,34.6,False
P04274,София,Соколова,F,14,8,Абайская область,Центральный район,Школа №3,ru,full,38.8,False
P04275,Анастасия,Новикова,F,10,4,Туркестанская область,Северный район,Школа №2,ru,full,24.7,False
P04276,Сауле,Темирбеков,F,16,10,Павлодарская область,Заречный район,Школа №2,kk,full,53.5,False
P04277,Алтынай,Нурланов,F,11,4,Восточно-Казахстанская область,Восточный район,Школа №1,kk,full,46.0,False
P04278,Айдана,Кадыров,F,11,5,Актюбинская область,Сельский район,Школа №3,kk,full,40.5,False
P04279,Бауыржан,Темирбеков,M,12,7,г. Астана,Сельский район,Школа №2,kk,full,54.0,False
P04280,Иван,Волков,M,15,9,Павлодарская область,Восточный район,Школа №2,ru,single,54.5,False
P04281,Иван,Новиков,M,16,9,Западно-Казахстанская область,Северный район,Школа №1,ru,full,86.4,True
P04282,Дмитрий,Петров,M,13,8,Мангистауская область,Северный район,Школа №4,ru,single,26.3,False
P04283,Алмат,Жумабеков,M,12,6,Мангистауская область, Южный район ,Школа №1,kk,single,66.4,True
P04284,Жансая,Тулегенов,F,14,9,Карагандинская область,Восточный район,Школа №3,kk,full,69.6,True
P04285,Шынгыс,Темирбеков,M,14,8,Атырауская область,Северный район,Школа №1,kk,full,43.3,False
P04286,Анастасия,Лебедева,F,15,10,Абайская область,Сельский район,Школа №4,ru,full,58.0,False
P04287,Никита,Смирнов,M,14,9,Мангистауская область,Сельский район,Школа №4,ru,full,48.1,False
P04288,Аян,Касенов,M,15,9,Атырауская область,Заречный район,Школа №5,kk,single,51.8,False
P04289,Ксения,Лебедева,F,16,10,г. Алматы,Заречный район,Школа №5,ru,single,71.6,True
P04290,Адильхан,Жумабеков,M,16,10,г. Алматы,Восточный район,Школа №1,kk,single,58.1,False
P04291,Жаныбек,Жумабеков,M,16,10,Актюбинская область,Южный район,Школа №2,kk,full,62.6,False
P04292,Елена,Попова,F,15,9,Жамбылская область,Центральный район,Школа №3,ru,full,48.5,False
P04293,Аружан,Касенов,F,14,8,г. Шымкент,Центральный район,Школа №5,kk,full,32.7,False
P04294,Дмитрий,Смирнов,M,11,6,Северо-Казахстанская область,Заречный район,Школа №3,ru,full,51.9,False
P04295,Сабина,Алиев,F,11,5,Западно-Казахстанская область,Южный район,Школа №5,kk,full,73.1,True
P04296,Бауыржан,Нурланов,M,11,5,Абайская область,Восточный район,Школа №4,kk,full,32.1,False
P04297,Ерасыл,Бекенов,M,14,8,Актюбинская область,Северный район,Школа №1,kk,single,33.2,False
P04298,Ксения,Соколова,F,11,5,Актюбинская область,Восточный район,Школа №1,ru,single,50.9,False
P04299,Темирлан,Жумабеков,M,12,6,г. Алматы,Северный район,Школа №4,kk,full,40.2,False
P04300,София,Петрова,F,13,6,Абайская область,Сельский район,Школа №5,ru,full,43.1,False
P04301,Алтынай,Алиев,F,13,7,Акмолинская область,Сельский район,Школа №4,kk,single,42.6,False
P04302,Мария,Соколова,F,11,6,Северо-Казахстанская область,Западный район,Школа №4,ru,full,34.5,False
P04303,Алина,Касенов,F,15,9,Карагандинская область,Северный район,Школа №5,kk,full,40.4,False
P04304,София,Смирнова,F,15,9,Улытауская область,Восточный район,Школа №2,ru,single,59.6,False
P04305,Арман,Кадыров,M,18,11,Костанайская область, Северный район ,Школа №2,kk,single,29.4,False
P04306,Темирлан,Сериков,M,16,10,г. Астана,Сельский район,Школа №1,kk,full,31.0,False
P04307,Айдар,Кадыров,M,11,6,Жамбылская область,Центральный район,Школа №4,kk,single,39.5,False
P04308,Екатерина,Морозова,F,15,9,Улытауская область, Южный район ,Школа №4,ru,single,60.0,False
P04309,Анна,Волкова,F,15,10,Алматинская область, Заречный район ,Школа №1,ru,full,52.0,False
P04310,Рамазан,Жумабеков,M,10,4,Карагандинская область,Южный район,Школа №3,kk,full,48.0,False
P04311,Дария,Бекенов,F,12,6,Улытауская область,Восточный район,Школа №4,kk,full,55.7,False
P04312,Ксения,Попова,F,15,9,Павлодарская область,Восточный район,Школа №3,ru,full,28.8,False
P04313,Малика,Бекенов,F,17,11,Восточно-Казахстанская область,Заречный район,Школа №2,kk,full,62.4,False
P04314,Никита,Петров,M,14,8,г. Астана,Заречный район,Школа №3,ru,full,60.8,False
P04315,Елена,Петрова,F,14,8,Жетысуская область,Южный район,Школа №4,ru,full,48.9,False
P04316,Камила,Маратов,F,10,4,г. Алматы,Центральный район,Школа №4,kk,single,64.1,False
P04317,Наргиз,Темирбеков,F,14,8,Восточно-Казахстанская область,Заречный район,Школа №2,kk,full,38.1,False
P04318,Гульнара,Тулегенов,F,15,9,Акмолинская область,Центральный район,Школа №1,kk,full,71.9,True
P04319,Рамазан,Маратов,M,11,6,Алматинская область,Сельский район,Школа №5,kk,full,57.3,False
P04320,Камила,Алиев,F,15,9,Абайская область,Восточный район,Школа №4,kk,single,44.0,False
P04321,Ерасыл,Кадыров,M,10,5,Павлодарская область,Сельский район,Школа №2,kk,single,48.7,False
P04322,Аяна,Нурланов,F,11,4,Мангистауская область,Северный район,Школа №1,kk,single,47.4,False
P04323,Айдар,Сериков,M,14,9,Карагандинская область,Западный район,Школа №4,kk,full,73.3,True
P04324,Сабина,Темирбеков,F,10,4,Западно-Казахстанская область,Центральный район,Школа №5,kk,full,38.8,False
P04325,Дарья,Морозова,F,14,8,Улытауская область,Сельский район,Школа №1,ru,full,43.6,False
P04326,Михаил,Новиков,M,12,5,Жамбылская область,Сельский район,Школа №2,ru,full,70.5,True
P04327,Олжас,Алиев,M,15,10,Атырауская область,Западный район,Школа №5,kk,full,46.1,False
P04328,Санжар,Маратов,M,14,8,Жетысуская область,Южный район,Школа №1,kk,full,68.5,True
P04329,Екатерина,Морозова,F,17,11,Павлодарская область,Западный район,Школа №2,ru,full,80.5,True
P04330,Наргиз,Маратов,F,13,7,г. Алматы,Центральный район,Школа №3,kk,full,49.0,False
P04331,Михаил,Кузнецов,M,14,8,Акмолинская область,Северный район,Школа №4,ru,full,65.2,False
P04332,Алихан,Маратов,M,11,4,Туркестанская область,Сельский район,Школа №4,kk,full,37.7,False
P04333,Аяна,Нурланов,F,12,7,Западно-Казахстанская область,Западный район,Школа №1,kk,full,66.3,True
P04334,Алихан,Алиев,M,15,9,Улытауская область,Западный район,Школа №4,kk,full,58.0,False
P04335,София,Кузнецова,F,17,11,Акмолинская область,Сельский район,Школа №2,ru,single,56.1,False
P04336,Дана,Нурланов,F,13,7,г. Астана,Южный район,Школа №3,kk,full,45.3,False
P04337,Аяна,Темирбеков,F,13,8,Северо-Казахстанская область,Северный район,Школа №5,kk,full,30.1,False
P04338,Дарья,Кузнецова,F,14,9,Акмолинская область,Сельский район,Школа №4,ru,full,62.5,False
P04339,Алихан,Жумабеков,M,13,7,Актюбинская область,Сельский район,Школа №1,kk,full,24.0,False
P04340,Анастасия,Морозова,F,15,9,Жамбылская область,Сельский район,Школа №3,ru,full,50.2,False
P04341,Олжас,Тулегенов,M,17,11,г. Алматы,Восточный район,Школа №4,kk,single,63.1,False
P04342,Нурлан,Бекенов,M,16,10,г. Шымкент,Заречный район,Школа №1,kk,full,57.9,False
P04343,Жансая,Абилов,F,15,9,Карагандинская область,Центральный район,Школа №5,kk,single,78.2,True
P04344,Владислав,Кузнецов,M,13,8,Туркестанская область,Заречный район,Школа №3,ru,single,64.4,False
P04345,Динара,Абилов,F,14,8,Северо-Казахстанская область,Восточный район,Школа №5,kk,full,45.2,False
P04346,Бекжан,Нурланов,M,17,11,Актюбинская область,Западный район,Школа №5,kk,full,55.4,False
P04347,Артём,Кузнецов,M,13,7,г. Шымкент,Восточный район,Школа №2,ru,full,54.3,False
P04348,Максим,Иванов,M,12,6,Атырауская область,Центральный район,Школа №5,ru,single,25.3,False
P04349,Алина,Нурланов,F,14,8,Алматинская область, Заречный район ,Школа №2,kk,full,40.9,False
P04350,Бекжан,Тулегенов,M,11,5,Абайская область,Южный район,Школа №3,kk,full,46.6,False
P04351,Айгерим,Тулегенов,F,10,4,Мангистауская область,Южный район,Школа №1,kk,single,18.5,False
P04352,Максим,Иванов,M,12,6,Туркестанская область,Сельский район,Школа №5,ru,full,55.7,False
P04353,Айдар,Алиев,M,11,6,Туркестанская область,Сельский район,Школа №3,kk,full,51.3,False
P04354,Жансая,Кадыров,F,12,6,Костанайская область,Восточный район,Школа №4,kk,full,29.9,False
P04355,Ольга,Иванова,F,17,11,Костанайская область,Восточный район,Школа №3,ru,full,61.1,False
P04356,Елена,Петрова,F,16,10,Акмолинская область,Западный район,Школа №1,ru,single,59.7,False
P04357,Андрей,Попов,M,10,4,Жамбылская область,Центральный район,Школа №4,ru,full,58.4,False
P04358,Меруерт,Маратов,F,12,6,г. Астана,Центральный район,Школа №3,kk,single,44.1,False
P04359,Динара,Кадыров,F,15,9,Западно-Казахстанская область,Восточный район,Школа №4,kk,single,57.9,False
P04360,Бауыржан,Бекенов,M,16,9,Улытауская область,Западный район,Школа №3,kk,single,59.2,False
P04361,Айдана,Тулегенов,F,14,9,Алматинская область,Западный район,Школа №3,kk,full,59.6,False
P04362,Нурлан,Бекенов,M,11,5,Карагандинская область,Западный район,Школа №3,kk,full,42.6,False
P04363,Меруерт,Сатпаев,F,11,6,Акмолинская область,Сельский район,Школа №5,kk,full,59.1,False
P04364,Алина,Касенов,F,17,11,Восточно-Казахстанская область,Центральный район,Школа №3,kk,full,72.9,True
P04365,Адильхан,Темирбеков,M,17,10,Туркестанская область,Северный район,Школа №4,kk,full,46.1,False
P04366,Балжан,Нурланов,F,13,8,Кызылординская область,Восточный район,Школа №2,kk,full,86.5,True
P04367,Александр,Соколов,M,14,8,Алматинская область,Северный район,Школа №4,ru,single,41.1,False
P04368,Екатерина,Смирнова,F,14,8,Атырауская область,Южный район,Школа №4,ru,full,55.5,False
P04369,Олжас,Сатпаев,M,13,7,Алматинская область,Сельский район,Школа №5,kk,full,44.9,False
P04370,Эльмира,Маратов,F,13,6,Западно-Казахстанская область,Южный район,Школа №5,kk,full,58.3,False
P04371,Екатерина,Лебедева,F,16,9,Мангистауская область,Восточный район,Школа №5,ru,full,28.9,False
P04372,Айгерим,Тулегенов,F,17,11,Туркестанская область,Западный район,Школа №5,kk,full,46.8,False
P04373,Айдана,Маратов,F,16,10,г. Шымкент,Южный район,Школа №3,kk,full,38.6,False
P04374,Арман,Кадыров,M,14,8,Карагандинская область,Южный район,Школа №2,kk,full,57.0,False
P04375,Аяна,Тулегенов,F,12,7,Туркестанская область,Южный район,Школа №4,kk,single,63.9,False
P04376,Дамир,Нурланов,M,16,11,Абайская область,Северный район,Школа №2,kk,full,64.7,False
P04377,Никита,Петров,M,15,9,Абайская область,Западный район,Школа №3,ru,full,19.4,False
P04378,Айгерим,Сериков,F,13,6,Жамбылская область,Западный район,Школа №5,kk,full,85.6,True
P04379,Меруерт,Сатпаев,F,15,10,Туркестанская область,Заречный район,Школа №4,kk,single,53.4,False
P04380,Санжар,Нурланов,M,17,10,Восточно-Казахстанская область,Восточный район,Школа №4,kk,full,43.4,False
P04381,Бекжан,Тулегенов,M,13,7,Мангистауская область,Северный район,Школа №1,kk,full,57.4,False
P04382,Эльмира,Тулегенов,F,14,8,Павлодарская область, Южный район ,Школа №3,kk,single,51.6,False
P04383,Адильхан,Кадыров,M,17,10,Жетысуская область,Восточный район,Школа №2,kk,full,45.0,False
P04384,Олжас,Нурланов,M,16,10,Восточно-Казахстанская область,Центральный район,Школа №1,kk,single,52.0,False
P04385,Полина,Смирнова,F,11,6,г. Алматы,Центральный район,Школа №5,ru,full,45.9,False
P04386,Дария,Касенов,F,13,8,Кызылординская область,Восточный район,Школа №5,kk,full,48.9,False
P04387,Бауыржан,Бекенов,M,15,10,Актюбинская область,Сельский район,Школа №2,kk,single,38.7,False
P04388,Динара,Касенов,F,16,10,Северо-Казахстанская область,Южный район,Школа №3,kk,full,33.5,False
P04389,Анна,Смирнова,F,16,10,Туркестанская область,Восточный район,Школа №5,ru,single,51.2,False
P04390,Кирилл,Волков,M,13,7,Карагандинская область, Северный район ,Школа №5,ru,full,63.8,False
P04391,Аяна,Сатпаев,F,11,5,Кызылординская область,Центральный район,Школа №3,kk,full,62.7,False
P04392,Рамазан,Бекенов,M,12,6,Восточно-Казахстанская область,Заречный район,Школа №2,kk,full,67.3,True
P04393,Малика,Маратов,F,13,6,Актюбинская область,Северный район,Школа №1,kk,full,59.9,False
P04394,Аяна,Нурланов,F,18,11,Западно-Казахстанская область,Южный район,Школа №1,kk,full,47.0,False
P04395,Эльмира,Сериков,F,17,11,Карагандинская область,Заречный район,Школа №3,kk,single,61.6,False
P04396,Ксения,Лебедева,F,15,10,Атырауская область,Сельский район,Школа №4,ru,full,34.6,False
P04397,Гульнара,Тулегенов,F,16,10,Карагандинская область,Заречный район,Школа №3,kk,single,35.5,False
P04398,Дамир,Сатпаев,M,11,4,Актюбинская область,Западный район,Школа №3,kk,single,34.5,False
P04399,Ержан,Касенов,M,10,5,Костанайская область,Сельский район,Школа №3,kk,full,71.2,True
P04400,Нурлан,Сериков,M,16,10,Алматинская область,Западный район,Школа №3,kk,full,69.1,True
P04401,Адильхан,Бекенов,M,14,7,Алматинская область,Южный район,Школа №4,kk,single,56.3,False
P04402,Артём,Морозов,M,11,5,Абайская область,Заречный район,Школа №1,ru,single,65.1,False
P04403,Томирис,Кадыров,F,10,4,Акмолинская область,Восточный район,Школа №2,kk,full,41.8,False
P04404,Екатерина,Соколова,F,17,11,Жамбылская область,Северный район,Школа №2,ru,full,60.2,False
P04405,Ержан,Маратов,M,17,11,Кызылординская область,Заречный район,Школа №2,kk,full,53.1,False
P04406,Максим,Морозов,M,16,9,Жетысуская область,Сельский район,Школа №2,ru,full,67.7,True
P04407,Тимур,Касенов,M,15,9,Кызылординская область,Центральный район,Школа №5,kk,full,53.3,False
P04408,Сабина,Темирбеков,F,13,7,г. Астана,Южный район,Школа №5,kk,full,49.2,False
P04409,Михаил,Волков,M,17,10,г. Алматы,Восточный район,Школа №5,ru,full,63.1,False
P04410,Айгерим,Абилов,F,15,9,Карагандинская область,Южный район,Школа №2,kk,full,68.1,True
P04411,Аян,Абилов,M,15,8,Алматинская область,Западный район,Школа №5,kk,full,45.0,False
P04412,Михаил,Иванов,M,10,4,Атырауская область,Центральный район,Школа №2,ru,single,48.1,False
P04413,Меруерт,Жумабеков,F,17,10,Жамбылская область, Западный район ,Школа №4,kk,full,39.1,False
P04414,Аяна,Темирбеков,F,16,10,Атырауская область,Южный район,Школа №3,kk,full,17.5,False
P04415,Тимур,Абилов,M,11,5,Актюбинская область,Западный район,Школа №1,kk,full,58.0,False
P04416,Аян,Сатпаев,M,17,11,Актюбинская область,Заречный район,Школа №3,kk,full,64.1,False
P04417,Мария,Лебедева,F,15,8,Западно-Казахстанская область,Восточный район,Школа №1,ru,full,58.9,False
P04418,Ержан,Алиев,M,9,4,Абайская область,Западный район,Школа №2,kk,full,25.8,False
P04419,Санжар,Бекенов,M,16,11,Восточно-Казахстанская область,Центральный район,Школа №5,kk,single,43.7,False
P04420,Камила,Нурланов,F,14,8,Западно-Казахстанская область,Северный район,Школа №5,kk,full,21.7,False
P04421,Камила,Абилов,F,14,8,Атырауская область,Северный район,Школа №3,kk,single,69.5,True
P04422,Айдар,Нурланов,M,14,8,Акмолинская область,Восточный район,Школа №2,kk,full,38.7,False
P04423,Дана,Сериков,F,13,6,г. Алматы,Центральный район,Школа №4,kk,full,73.8,True
P04424,Сауле,Маратов,F,14,8,Акмолинская область,Заречный район,Школа №1,kk,single,63.2,False
P04425,Нурлан,Маратов,M,16,10,Костанайская область,Западный район,Школа №4,kk,full,41.5,False
P04426,Екатерина,Лебедева,F,16,10,Северо-Казахстанская область,Сельский район,Школа №5,ru,single,32.0,False
P04427,Анастасия,Волкова,F,16,10,г. Шымкент,Заречный район,Школа №2,ru,full,60.3,False
P04428,Ксения,Смирнова,F,13,7,Жамбылская область,Сельский район,Школа №1,ru,full,42.3,False
P04429,Эльмира,Тулегенов,F,10,4,Восточно-Казахстанская область,Центральный район,Школа №1,kk,full,56.5,False
P04430,Дана,Абилов,F,14,8,Кызылординская область,Северный район,Школа №5,kk,single,41.8,False
P04431,Санжар,Алиев,M,16,10,Костанайская область,Центральный район,Школа №2,kk,full,28.3,False
P04432,Аяна,Сериков,F,17,11,Туркестанская область,Сельский район,Школа №4,kk,single,15.5,False
P04433,Елена,Морозова,F,15,10,Абайская область,Западный район,Школа №5,ru,full,58.4,False
P04434,Дария,Жумабеков,F,16,10,Жетысуская область,Центральный район,Школа №3,kk,single,40.6,False
P04435,Олжас,Сериков,M,14,9,Мангистауская область,Западный район,Школа №5,kk,single,40.7,False
P04436,Мария,Лебедева,F,12,6,Жетысуская область,Южный район,Школа №3,ru,full,65.4,False
P04437,Алина,Темирбеков,F,16,9,Северо-Казахстанская область, Сельский район ,Школа №4,kk,full,72.6,True
P04438,Дмитрий,Петров,M,17,11,Карагандинская область,Восточный район,Школа №3,ru,full,50.9,False
P04439,Меруерт,Жумабеков,F,14,8,Восточно-Казахстанская область,Южный район,Школа №4,kk,full,49.9,False
P04440,Наргиз,Маратов,F,14,8,Туркестанская область,Сельский район,Школа №5,kk,full,62.5,False
P04441,Аян,Касенов,M,10,5,Жетысуская область,Заречный район,Школа №1,kk,single,28.6,False
P04442,Айдар,Касенов,M,13,8,Северо-Казахстанская область,Сельский район,Школа №1,kk,full,58.3,False
P04443,Екатерина,Смирнова,F,17,11,Жетысуская область,Центральный район,Школа №4,ru,full,63.3,False
P04444,Алина,Кадыров,F,14,7,г. Шымкент,Заречный район,Школа №2,kk,single,59.2,False
P04445,Тимур,Касенов,M,11,5,Абайская область,Восточный район,Школа №5,kk,full,25.9,False
P04446,Екатерина,Иванова,F,15,9,г. Астана,Западный район,Школа №1,ru,full,43.6,False
P04447,Владислав,Лебедев,M,17,10,Жетысуская область,Южный район,Школа №1,ru,full,41.8,False
P04448,Екатерина,Соколова,F,11,5,Туркестанская область,Северный район,Школа №3,ru,full,56.5,False
P04449,Максим,Соколов,M,14,8,Жетысуская область,Центральный район,Школа №3,ru,full,62.2,False
P04450,Бекжан,Маратов,M,16,10,Карагандинская область,Западный район,Школа №5,kk,full,77.5,True
P04451,Аян,Тулегенов,M,13,7,г. Астана,Центральный район,Школа №3,kk,full,47.6,False
P04452,Владислав,Петров,M,16,9,Восточно-Казахстанская область,Южный район,Школа №2,ru,single,41.5,False
P04453,Дамир,Темирбеков,M,17,11,Западно-Казахстанская область,Сельский район,Школа №4,kk,full,72.2,True
P04454,Аяна,Алиев,F,15,9,Карагандинская область,Восточный район,Школа №4,kk,single,53.4,False
P04455,Алихан,Абилов,M,14,8,Кызылординская область,Центральный район,Школа №2,kk,full,74.0,True
P04456,Олжас,Темирбеков,M,16,10,Костанайская область,Центральный район,Школа №3,kk,full,59.3,False
P04457,Айдар,Абилов,M,14,9,Павлодарская область,Восточный район,Школа №4,kk,full,37.6,False
P04458,Меруерт,Нурланов,F,13,6,Акмолинская область,Восточный район,Школа №2,kk,full,35.0,False
P04459,Артём,Соколов,M,15,9,Кызылординская область,Северный район,Школа №5,ru,single,25.7,False
P04460,Екатерина,Соколова,F,12,7,Алматинская область,Восточный район,Школа №3,ru,single,58.9,False
P04461,Тимур,Касенов,M,15,9,Алматинская область,Центральный район,Школа №3,kk,single,66.8,True
P04462,Анна,Смирнова,F,17,11,г. Астана,Западный район,Школа №2,ru,full,82.7,True
P04463,Александр,Петров,M,17,11,Атырауская область,Восточный район,Школа №2,ru,full,67.6,True
P04464,Сабина,Кадыров,F,15,10,Жамбылская область,Сельский район,Школа №1,kk,full,72.4,True
P04465,Дамир,Темирбеков,M,17,10,Улытауская область,Центральный район,Школа №1,kk,full,46.3,False
P04466,Айдар,Нурланов,M,16,10,Западно-Казахстанская область,Сельский район,Школа №5,kk,full,37.7,False
P04467,Тимур,Бекенов,M,16,10,Северо-Казахстанская область,Восточный район,Школа №2,kk,full,67.8,True
P04468,Аяна,Бекенов,F,16,11,г. Алматы,Восточный район,Школа №2,kk,single,55.3,False
P04469,Сауле,Темирбеков,F,14,9,Алматинская область,Сельский район,Школа №5,kk,full,56.6,False
P04470,Бауыржан,Абилов,M,17,11,г. Алматы,Северный район,Школа №4,kk,full,60.8,False
P04471,Дарья,Иванова,F,18,11,Жамбылская область,Центральный район,Школа №1,ru,full,59.8,False
P04472,Аяна,Алиев,F,14,8,Жамбылская область,Сельский район,Школа №4,kk,full,74.3,True
P04473,Алихан,Сатпаев,M,14,8,г. Алматы,Центральный район,Школа №2,kk,full,74.4,True
P04474,Никита,Соколов,M,13,7,Атырауская область,Заречный район,Школа №2,ru,full,63.2,False
P04475,Владислав,Морозов,M,14,8,г. Астана,Сельский район,Школа №5,ru,full,67.7,True
P04476,Шынгыс,Алиев,M,15,9,Жетысуская область,Северный район,Школа №5,kk,single,56.7,False
P04477,Бекжан,Жумабеков,M,15,10,Мангистауская область,Заречный район,Школа №5,kk,single,42.1,False
P04478,Ержан,Кадыров,M,16,10,г. Алматы,Восточный район,Школа №1,kk,full,66.3,True
P04479,Никита,Иванов,M,15,9,г. Шымкент,Южный район,Школа №4,ru,full,34.1,False
P04480,Санжар,Сатпаев,M,16,11,Алматинская область,Южный район,Школа №3,kk,single,64.8,False
P04481,Алтынай,Абилов,F,13,7,Восточно-Казахстанская область,Западный район,Школа №5,kk,full,37.1,False
P04482,Никита,Смирнов,M,17,11,Павлодарская область,Северный район,Школа №5,ru,single,53.3,False
P04483,Ольга,Смирнова,F,13,8,Абайская область,Сельский район,Школа №1,ru,full,42.3,False
P04484,Балжан,Касенов,F,16,9,Костанайская область,Восточный район,Школа №2,kk,full,63.3,False
P04485,Иван,Лебедев,M,14,7,Улытауская область,Центральный район,Школа №5,ru,single,48.5,False
P04486,Темирлан,Сериков,M,13,7,Атырауская область,Сельский район,Школа №2,kk,full,31.1,False
P04487,Ольга,Иванова,F,10,5,Абайская область,Северный район,Школа №3,ru,full,61.3,False
P04488,Елена,Соколова,F,16,10,Павлодарская область,Центральный район,Школа №3,ru,full,46.3,False
P04489,Полина,Новикова,F,16,11,Туркестанская область,Южный район,Школа №2,ru,single,62.2,False
P04490,Аружан,Касенов,F,10,5,г. Алматы, Западный район ,Школа №5,kk,full,55.0,False
P04491,Дана,Касенов,F,15,9,Северо-Казахстанская область,Южный район,Школа №1,kk,single,54.9,False
P04492,Артём,Кузнецов,M,14,8,Абайская область,Южный район,Школа №5,ru,full,40.6,False
P04493,Кирилл,Морозов,M,13,7,Восточно-Казахстанская область,Западный район,Школа №4,ru,full,46.2,False
P04494,Санжар,Нурланов,M,14,8,г. Алматы,Южный район,Школа №5,kk,single,42.1,False
P04495,Максим,Морозов,M,14,8,Восточно-Казахстанская область,Заречный район,Школа №5,ru,full,67.9,True
P04496,Дамир,Нурланов,M,14,7,Западно-Казахстанская область,Южный район,Школа №2,kk,full,80.2,True
P04497,Санжар,Жумабеков,M,16,10,Карагандинская область, Восточный район ,Школа №1,kk,full,42.9,False
P04498,Владислав,Кузнецов,M,14,9,Туркестанская область,Центральный район,Школа №3,ru,full,71.2,True
P04499,Балжан,Тулегенов,F,14,7,Северо-Казахстанская область,Сельский район,Школа №5,kk,full,22.5,False
P04500,Алмат,Касенов,M,14,7,Жамбылская область,Северный район,Школа №2,kk,full,37.1,False
P04501,Максим,Петров,M,16,10,Актюбинская область, Западный район ,Школа №1,ru,full,40.6,False
P04502,Балжан,Нурланов,F,18,11,Акмолинская область,Сельский район,Школа №5,kk,full,34.7,False
P04503,Дана,Бекенов,F,14,7,Павлодарская область,Западный район,Школа №4,kk,full,31.2,False
P04504,Мария,Морозова,F,14,8,г. Алматы,Западный район,Школа №5,ru,full,61.2,False
P04505,Максим,Новиков,M,14,9,Мангистауская область,Южный район,Школа №3,ru,full,51.8,False
P04506,Кирилл,Попов,M,15,10,Восточно-Казахстанская область,Заречный район,Школа №4,ru,full,60.7,False
P04507,Алихан,Алиев,M,13,7,Павлодарская область,Центральный район,Школа №4,kk,single,59.4,False
P04508,Дария,Кадыров,F,14,8,г. Шымкент,Южный район,Школа №4,kk,full,59.0,False
P04509,Аяна,Нурланов,F,15,9,Улытауская область,Центральный район,Школа №4,kk,single,58.9,False
P04510,Бекжан,Кадыров,M,16,10,г. Астана,Южный район,Школа №2,kk,full,54.0,False
P04511,Жансая,Маратов,F,13,7,Улытауская область,Центральный район,Школа №2,kk,single,31.2,False
P04512,Жаныбек,Алиев,M,11,5,Северо-Казахстанская область,Южный район,Школа №3,kk,full,70.9,True
P04513,Аружан,Абилов,F,12,7,Акмолинская область,Северный район,Школа №4,kk,full,46.2,False
P04514,Камила,Темирбеков,F,13,7,Туркестанская область,Восточный район,Школа №3,kk,full,41.0,False
P04515,Жаныбек,Бекенов,M,11,5,Жетысуская область,Заречный район,Школа №3,kk,full,52.3,False
P04516,Наргиз,Темирбеков,F,15,10,Восточно-Казахстанская область,Южный район,Школа №3,kk,full,41.3,False
P04517,Ксения,Петрова,F,17,11,Туркестанская область,Северный район,Школа №4,ru,full,48.7,False
P04518,Елена,Морозова,F,16,10,Кызылординская область,Северный район,Школа №2,ru,full,60.2,False
P04519,Аяна,Жумабеков,F,16,10,Акмолинская область,Южный район,Школа №3,kk,full,60.2,False
P04520,Алмат,Бекенов,M,16,9,г. Шымкент, Центральный район ,Школа №3,kk,full,41.5,False
P04521,Бауыржан,Жумабеков,M,14,8,Акмолинская область,Западный район,Школа №3,kk,full,47.7,False
P04522,Бекжан,Тулегенов,M,17,10,Кызылординская область,Западный район,Школа №5,kk,full,71.1,True
P04523,Олжас,Жумабеков,M,10,4,Улытауская область,Сельский район,Школа №5,kk,single,56.4,False
P04524,Екатерина,Морозова,F,14,8,Абайская область,Восточный район,Школа №2,ru,full,86.1,True
P04525,Дана,Абилов,F,10,4,Кызылординская область,Центральный район,Школа №3,kk,full,72.7,True
P04526,Михаил,Волков,M,15,9,г. Шымкент,Заречный район,Школа №1,ru,full,72.2,True
P04527,Арман,Алиев,M,12,7,Жамбылская область,Северный район,Школа №1,kk,full,34.2,False
P04528,Алмат,Темирбеков,M,16,10,Павлодарская область,Сельский район,Школа №1,kk,full,66.5,True
P04529,Алихан,Жумабеков,M,14,9,Атырауская область,Сельский район,Школа №2,kk,full,54.2,False
P04530,Нурлан,Касенов,M,15,9,Алматинская область, Южный район ,Школа №2,kk,full,46.7,False
P04531,Артём,Смирнов,M,15,10,Карагандинская область, Северный район ,Школа №2,ru,full,57.5,False
P04532,Санжар,Сатпаев,M,13,7,Восточно-Казахстанская область,Западный район,Школа №2,kk,full,69.2,True
P04533,София,Петрова,F,15,9,Жетысуская область,Южный район,Школа №2,ru,full,62.5,False
P04534,Дарья,Волкова,F,14,8,Западно-Казахстанская область,Заречный район,Школа №3,ru,single,35.8,False
P04535,Михаил,Волков,M,11,6,Северо-Казахстанская область,Восточный район,Школа №3,ru,single,60.1,False
P04536,Олжас,Темирбеков,M,14,8,г. Шымкент,Центральный район,Школа №2,kk,full,45.4,False
P04537,Ерасыл,Нурланов,M,11,5,Туркестанская область,Сельский район,Школа №4,kk,full,58.3,False
P04538,Эльмира,Касенов,F,17,11,г. Алматы,Западный район,Школа №4,kk,full,50.4,False
P04539,Екатерина,Морозова,F,15,9,Атырауская область,Центральный район,Школа №2,ru,full,51.7,False
P04540,Бекжан,Бекенов,M,15,9,Улытауская область,Заречный район,Школа №2,kk,full,66.5,True
P04541,Адильхан,Нурланов,M,17,11,Атырауская область,Восточный район,Школа №5,kk,single,33.4,False
P04542,Алтынай,Жумабеков,F,17,11,Карагандинская область,Центральный район,Школа №3,kk,full,84.2,True
P04543,Кирилл,Новиков,M,12,6,Абайская область,Западный район,Школа №5,ru,single,21.7,False
P04544,Дана,Нурланов,F,12,6,Восточно-Казахстанская область,Заречный район,Школа №2,kk,full,46.0,False
P04545,Ерасыл,Тулегенов,M,16,9,Жетысуская область,Северный район,Школа №4,kk,full,60.6,False
P04546,София,Иванова,F,15,9,Костанайская область,Северный район,Школа №5,ru,full,63.8,False
P04547,Айдана,Тулегенов,F,11,5,Восточно-Казахстанская область,Южный район,Школа №4,kk,single,47.5,False
P04548,Наргиз,Темирбеков,F,16,9,г. Алматы,Восточный район,Школа №1,kk,single,48.1,False
P04549,Меруерт,Жумабеков,F,13,6,Северо-Казахстанская область,Заречный район,Школа №3,kk,full,61.2,False
P04550,Мария,Попова,F,15,9,Акмолинская область,Западный район,Школа №4,ru,full,51.5,False
P04551,Анастасия,Смирнова,F,16,10,Костанайская область,Сельский район,Школа №3,ru,single,69.9,True
P04552,Айдар,Кадыров,M,17,11,Кызылординская область,Заречный район,Школа №3,kk,full,67.6,True
P04553,Санжар,Темирбеков,M,17,10,г. Астана,Сельский район,Школа №1,kk,full,68.1,True
P04554,Малика,Жумабеков,F,16,10,Восточно-Казахстанская область,Сельский район,Школа №3,kk,full,40.5,False
P04555,Владислав,Смирнов,M,12,7,Павлодарская область,Заречный район,Школа №2,ru,full,53.8,False
P04556,Екатерина,Новикова,F,11,6,Актюбинская область,Южный район,Школа №3,ru,full,50.5,False
P04557,Кирилл,Морозов,M,17,11,Жетысуская область,Заречный район,Школа №5,ru,full,39.9,False
P04558,Аяна,Алиев,F,13,7,Кызылординская область,Северный район,Школа №4,kk,full,60.4,False
P04559,Меруерт,Касенов,F,14,8,Мангистауская область,Южный район,Школа №5,kk,full,46.9,False
P04560,Ольга,Морозова,F,15,10,Актюбинская область,Заречный район,Школа №1,ru,full,64.8,False
P04561,Полина,Иванова,F,16,11,Кызылординская область,Восточный район,Школа №3,ru,full,38.9,False
P04562,Томирис,Касенов,F,10,5,Абайская область,Центральный район,Школа №5,kk,full,80.8,True
P04563,Аяна,Маратов,F,17,11,Жамбылская область,Заречный район,Школа №3,kk,single,35.6,False
P04564,Адильхан,Маратов,M,10,5,Павлодарская область,Южный район,Школа №3,kk,full,58.3,False
P04565,Владислав,Петров,M,12,6,Абайская область,Сельский район,Школа №1,ru,single,60.9,False
P04566,Айдана,Нурланов,F,17,11,Павлодарская область,Центральный район,Школа №4,kk,full,46.4,False
P04567,Бекжан,Кадыров,M,14,8,Актюбинская область,Южный район,Школа №5,kk,single,61.8,False
P04568,Аружан,Сериков,F,11,5,Костанайская область,Сельский район,Школа №4,kk,full,36.6,False
P04569,Артём,Новиков,M,15,9,Алматинская область,Южный район,Школа №3,ru,full,76.8,True
P04570,Нурлан,Кадыров,M,12,6,Абайская область,Заречный район,Школа №4,kk,full,55.2,False
P04571,Максим,Кузнецов,M,14,8,Туркестанская область,Центральный район,Школа №1,ru,single,40.1,False
P04572,Ксения,Смирнова,F,15,10,Карагандинская область,Центральный район,Школа №4,ru,single,44.5,False
P04573,Ерасыл,Бекенов,M,18,11,Жетысуская область,Восточный район,Школа №1,kk,single,61.1,False
P04574,Алина,Сатпаев,F,15,10,Алматинская область,Сельский район,Школа №3,kk,single,40.2,False
P04575,Аяна,Маратов,F,18,11,г. Шымкент,Восточный район,Школа №1,kk,full,43.8,False
P04576,Дарья,Морозова,F,16,10,Улытауская область,Восточный район,Школа №3,ru,single,45.7,False
P04577,Аружан,Кадыров,F,16,10,Западно-Казахстанская область,Заречный район,Школа №3,kk,full,37.3,False
P04578,Бекжан,Тулегенов,M,16,10,Павлодарская область,Заречный район,Школа №4,kk,full,82.3,True
P04579,Алина,Алиев,F,12,6,г. Астана,Заречный район,Школа №4,kk,full,46.5,False
P04580,Наргиз,Сатпаев,F,13,8,Улытауская область,Северный район,Школа №4,kk,full,67.5,True
P04581,Артём,Соколов,M,14,9,Акмолинская область,Западный район,Школа №2,ru,single,52.1,False
P04582,Алтынай,Кадыров,F,12,6,Северо-Казахстанская область,Западный район,Школа №5,kk,single,34.2,False
P04583,Кирилл,Смирнов,M,15,9,Абайская область,Центральный район,Школа №2,ru,single,48.9,False
P04584,Камила,Темирбеков,F,13,8,г. Алматы,Сельский район,Школа №5,kk,single,60.8,False
P04585,Дана,Темирбеков,F,12,6,Жетысуская область, Западный район ,Школа №5,kk,full,52.2,False
P04586,Анастасия,Морозова,F,13,6,Павлодарская область,Северный район,Школа №2,ru,full,72.9,True
P04587,Камила,Маратов,F,10,4,Мангистауская область,Заречный район,Школа №4,kk,full,70.3,True
P04588,Айдана,Кадыров,F,12,6,Акмолинская область,Заречный район,Школа №5,kk,full,68.8,True
P04589,Тимур,Тулегенов,M,17,11,Акмолинская область,Южный район,Школа №3,kk,full,48.1,False
P04590,Данияр,Сериков,M,14,8,Атырауская область,Южный район,Школа №1,kk,full,38.8,False
P04591,Тимур,Сатпаев,M,12,5,Акмолинская область,Восточный район,Школа №5,kk,full,45.8,False
P04592,Сауле,Бекенов,F,10,4,Павлодарская область,Восточный район,Школа №5,kk,single,51.9,False
P04593,Тимур,Маратов,M,14,8,Актюбинская область,Центральный район,Школа №4,kk,full,63.2,False
P04594,Анастасия,Соколова,F,15,10,Жамбылская область,Сельский район,Школа №2,ru,full,22.4,False
P04595,Арман,Алиев,M,14,7,г. Шымкент,Южный район,Школа №5,kk,full,54.9,False
P04596,Анастасия,Кузнецова,F,14,8,Павлодарская область,Восточный район,Школа №4,ru,single,51.4,False
P04597,Бауыржан,Кадыров,M,14,7,Актюбинская область,Южный район,Школа №4,kk,single,44.8,False
P04598,Аяна,Темирбеков,F,13,6,Северо-Казахстанская область,Западный район,Школа №1,kk,full,74.4,True
P04599,Арман,Темирбеков,M,17,11,Улытауская область,Северный район,Школа №3,kk,full,61.3,False
P04600,Меруерт,Кадыров,F,11,5,Туркестанская область,Заречный район,Школа №3,kk,full,74.7,True
P04601,Камила,Жумабеков,F,14,7,Карагандинская область,Южный район,Школа №1,kk,full,51.8,False
P04602,Мария,Петрова,F,17,11,Павлодарская область,Заречный район,Школа №2,ru,full,69.1,True
P04603,Айдар,Алиев,M,15,9,Мангистауская область,Центральный район,Школа №2,kk,single,73.5,True
P04604,Никита,Смирнов,M,15,8,Актюбинская область,Заречный район,Школа №3,ru,single,68.7,True
P04605,София,Волкова,F,14,8,Жамбылская область,Сельский район,Школа №5,ru,full,38.6,False
P04606,Полина,Иванова,F,13,8,Восточно-Казахстанская область,Северный район,Школа №5,ru,single,45.2,False
P04607,Бекжан,Касенов,M,14,9,Северо-Казахстанская область,Северный район,Школа №1,kk,full,49.8,False
P04608,Олжас,Сатпаев,M,11,5,Карагандинская область,Восточный район,Школа №2,kk,full,62.3,False
P04609,Адильхан,Алиев,M,15,9,Карагандинская область,Западный район,Школа №4,kk,full,65.3,False
P04610,Алихан,Кадыров,M,11,5,Актюбинская область,Сельский район,Школа №2,kk,full,42.4,False
P04611,София,Лебедева,F,18,11,Акмолинская область, Центральный район ,Школа №4,ru,single,50.0,False
P04612,Дмитрий,Смирнов,M,13,6,Кызылординская область,Сельский район,Школа №5,ru,full,24.7,False
P04613,Айдана,Касенов,F,10,4,Карагандинская область,Заречный район,Школа №3,kk,single,70.6,True
P04614,Балжан,Маратов,F,14,9,Западно-Казахстанская область,Восточный район,Школа №4,kk,full,47.3,False
P04615,Сабина,Нурланов,F,16,10,Акмолинская область,Северный район,Школа №4,kk,full,55.8,False
P04616,Анна,Попова,F,16,11,Жамбылская область,Центральный район,Школа №4,ru,full,50.4,False
P04617,Ольга,Морозова,F,15,9,Павлодарская область,Центральный район,Школа №1,ru,single,66.2,True
P04618,Иван,Петров,M,17,11,Восточно-Казахстанская область,Западный район,Школа №5,ru,full,12.4,False
P04619,Балжан,Абилов,F,16,10,г. Алматы,Западный район,Школа №4,kk,full,54.8,False
P04620,Данияр,Бекенов,M,14,9,Улытауская область,Сельский район,Школа №2,kk,full,53.4,False
P04621,Малика,Абилов,F,10,4,Северо-Казахстанская область,Сельский район,Школа №1,kk,full,48.2,False
P04622,Камила,Маратов,F,12,6,Акмолинская область,Заречный район,Школа №4,kk,full,80.9,True
P04623,Дамир,Сериков,M,16,10,Кызылординская область,Сельский район,Школа №4,kk,full,41.7,False
P04624,Дмитрий,Морозов,M,15,8,Восточно-Казахстанская область,Заречный район,Школа №2,ru,full,66.6,True
P04625,Олжас,Касенов,M,11,5,Кызылординская область,Заречный район,Школа №2,kk,full,60.3,False
P04626,Алина,Абилов,F,12,7,Западно-Казахстанская область,Сельский район,Школа №4,kk,full,73.9,True
P04627,Малика,Касенов,F,17,11,Улытауская область,Сельский район,Школа №3,kk,single,39.0,False
P04628,Темирлан,Абилов,M,10,4,Туркестанская область,Восточный район,Школа №3,kk,full,44.0,False
P04629,Елена,Попова,F,17,10,Алматинская область,Северный район,Школа №1,ru,full,71.4,True
P04630,Кирилл,Попов,M,14,8,Восточно-Казахстанская область,Западный район,Школа №4,ru,full,61.4,False
P04631,Дамир,Темирбеков,M,17,10,Жетысуская область,Сельский район,Школа №5,kk,full,31.8,False
P04632,Ерасыл,Бекенов,M,11,6,Мангистауская область,Заречный район,Школа №2,kk,single,40.9,False
P04633,Дамир,Жумабеков,M,17,11,Туркестанская область,Сельский район,Школа №5,kk,full,60.8,False
P04634,Анастасия,Петрова,F,17,10,г. Алматы,Заречный район,Школа №4,ru,full,67.6,True
P04635,Бекжан,Тулегенов,M,18,11,г. Алматы,Южный район,Школа №2,kk,full,44.8,False
P04636,Сабина,Бекенов,F,12,6,Западно-Казахстанская область,Заречный район,Школа №3,kk,single,5.3,False
P04637,Екатерина,Морозова,F,15,10,Костанайская область,Южный район,Школа №2,ru,full,62.8,False
P04638,Полина,Иванова,F,15,8,Карагандинская область,Заречный район,Школа №5,ru,single,30.7,False
P04639,Сауле,Маратов,F,17,11,Северо-Казахстанская область,Восточный район,Школа №3,kk,full,24.7,False
P04640,Андрей,Петров,M,15,8,Кызылординская область,Восточный район,Школа №2,ru,full,12.5,False
P04641,Камила,Алиев,F,16,11,Актюбинская область,Заречный район,Школа №4,kk,full,67.2,True
P04642,Алина,Жумабеков,F,18,11,Абайская область,Заречный район,Школа №2,kk,full,56.9,False
P04643,Алмат,Нурланов,M,16,9,Восточно-Казахстанская область,Южный район,Школа №4,kk,full,51.6,False
P04644,Ольга,Лебедева,F,12,6,Восточно-Казахстанская область,Заречный район,Школа №2,ru,full,75.8,True
P04645,Дана,Абилов,F,13,8,Мангистауская область,Заречный район,Школа №5,kk,single,58.6,False
P04646,Олжас,Сериков,M,14,8,Западно-Казахстанская область,Западный район,Школа №3,kk,full,79.2,True
P04647,Екатерина,Попова,F,16,10,Атырауская область,Западный район,Школа №1,ru,full,34.1,False
P04648,Владислав,Соколов,M,13,8,Костанайская область,Южный район,Школа №3,ru,single,48.5,False
P04649,Аян,Алиев,M,13,7,Актюбинская область,Западный район,Школа №5,kk,full,30.7,False
P04650,Айгерим,Нурланов,F,11,6,Северо-Казахстанская область,Восточный район,Школа №5,kk,full,51.6,False
P04651,Дария,Кадыров,F,17,11,Жетысуская область,Западный район,Школа №4,kk,full,51.3,False
P04652,Ксения,Кузнецова,F,15,10,Жетысуская область,Заречный район,Школа №2,ru,full,64.4,False
P04653,Кирилл,Новиков,M,14,7,Костанайская область,Сельский район,Школа №1,ru,full,55.7,False
P04654,Олжас,Абилов,M,10,4,Акмолинская область,Северный район,Школа №4,kk,full,64.4,False
P04655,Балжан,Алиев,F,13,7,Акмолинская область,Центральный район,Школа №2,kk,full,65.6,False
P04656,Камила,Абилов,F,14,8,г. Шымкент,Западный район,Школа №2,kk,full,87.3,True
P04657,Елена,Соколова,F,15,9,г. Астана,Западный район,Школа №1,ru,single,44.3,False
P04658,Екатерина,Волкова,F,14,7,Атырауская область, Заречный район ,Школа №1,ru,full,40.9,False
P04659,Анна,Петрова,F,13,7,г. Шымкент,Сельский район,Школа №4,ru,full,58.7,False
P04660,Малика,Сатпаев,F,15,9,Туркестанская область,Западный район,Школа №1,kk,full,43.0,False
P04661,Арман,Темирбеков,M,15,9,Жамбылская область,Западный район,Школа №5,kk,full,77.2,True
P04662,Айдана,Сериков,F,15,9,Кызылординская область,Центральный район,Школа №3,kk,full,50.8,False
P04663,Айдар,Маратов,M,9,4,Мангистауская область,Западный район,Школа №2,kk,full,46.5,False
P04664,Елена,Лебедева,F,11,5,Улытауская область,Центральный район,Школа №2,ru,full,47.9,False
P04665,Ержан,Абилов,M,11,5,Западно-Казахстанская область,Северный район,Школа №1,kk,full,65.8,False
P04666,Шынгыс,Алиев,M,14,9,г. Астана,Центральный район,Школа №4,kk,full,52.6,False
P04667,София,Иванова,F,13,7,г. Шымкент,Сельский район,Школа №4,ru,full,45.4,False
P04668,Артём,Иванов,M,15,10,Кызылординская область,Западный район,Школа №2,ru,single,74.0,True
P04669,Анна,Лебедева,F,13,7,Улытауская область,Центральный район,Школа №1,ru,single,36.2,False
P04670,Данияр,Бекенов,M,16,9,г. Шымкент,Южный район,Школа №2,kk,full,55.5,False
P04671,Тимур,Нурланов,M,11,6,Акмолинская область,Центральный район,Школа №3,kk,full,64.8,False
P04672,Кирилл,Смирнов,M,16,9,Карагандинская область,Заречный район,Школа №5,ru,full,30.5,False
P04673,Анастасия,Соколова,F,13,7,г. Шымкент,Восточный район,Школа №4,ru,full,62.2,False
P04674,Камила,Сатпаев,F,16,10,Жамбылская область,Северный район,Школа №1,kk,single,33.2,False
P04675,Анна,Петрова,F,10,5,г. Астана,Северный район,Школа №5,ru,full,67.3,True
P04676,Камила,Нурланов,F,17,11,Туркестанская область,Восточный район,Школа №5,kk,full,40.6,False
P04677,Ксения,Морозова,F,13,7,Мангистауская область,Западный район,Школа №1,ru,full,65.4,False
P04678,Санжар,Касенов,M,17,10,Улытауская область,Западный район,Школа №3,kk,single,65.6,False
P04679,Бауыржан,Сатпаев,M,12,6,г. Алматы,Центральный район,Школа №1,kk,full,67.9,True
P04680,Темирлан,Тулегенов,M,15,9,Павлодарская область,Западный район,Школа №3,kk,full,58.8,False
P04681,Темирлан,Сериков,M,12,7,Жамбылская область,Южный район,Школа №5,kk,single,45.5,False
P04682,Алихан,Тулегенов,M,10,5,Алматинская область,Северный район,Школа №4,kk,full,46.4,False
P04683,Жансая,Жумабеков,F,16,10,Алматинская область,Заречный район,Школа №2,kk,full,77.1,True
P04684,Никита,Соколов,M,16,10,Костанайская область,Северный район,Школа №2,ru,full,44.5,False
P04685,Дана,Жумабеков,F,14,9,Алматинская область,Северный район,Школа №5,kk,full,39.4,False
P04686,Аружан,Сериков,F,14,8,Костанайская область,Северный район,Школа №1,kk,full,65.0,False
P04687,Михаил,Кузнецов,M,15,9,Восточно-Казахстанская область,Южный район,Школа №1,ru,single,37.1,False
P04688,Андрей,Смирнов,M,18,11,Алматинская область,Восточный район,Школа №4,ru,full,40.7,False
P04689,Александр,Иванов,M,11,6,Актюбинская область,Центральный район,Школа №2,ru,full,33.3,False
P04690,Иван,Попов,M,13,6,Мангистауская область,Заречный район,Школа №2,ru,single,41.8,False
P04691,Мария,Морозова,F,13,7,Карагандинская область,Центральный район,Школа №3,ru,full,53.8,False
P04692,Елена,Волкова,F,16,9,Акмолинская область,Южный район,Школа №5,ru,single,52.6,False
P04693,Иван,Иванов,M,11,6,г. Шымкент,Сельский район,Школа №3,ru,full,69.3,True
P04694,Олжас,Абилов,M,14,8,Восточно-Казахстанская область, Центральный район ,Школа №5,kk,full,62.9,False
P04695,Ксения,Волкова,F,14,9,Актюбинская область,Южный район,Школа №5,ru,full,52.1,False
P04696,Тимур,Кадыров,M,13,7,Кызылординская область,Северный район,Школа №3,kk,full,52.0,False
P04697,Темирлан,Жумабеков,M,17,11,Атырауская область,Южный район,Школа №4,kk,full,62.7,False
P04698,Арман,Сатпаев,M,13,8,Актюбинская область,Заречный район,Школа №2,kk,full,74.1,True
P04699,Айдар,Жумабеков,M,17,11,Костанайская область,Сельский район,Школа №1,kk,full,56.9,False
P04700,Кирилл,Смирнов,M,17,11,Кызылординская область,Северный район,Школа №1,ru,single,42.0,False
P04701,Алмат,Бекенов,M,12,6,Актюбинская область,Южный район,Школа №3,kk,full,40.1,False
P04702,Айгерим,Кадыров,F,16,10,Костанайская область,Заречный район,Школа №2,kk,single,27.3,False
P04703,Кирилл,Иванов,M,17,11,Карагандинская область,Западный район,Школа №5,ru,full,65.0,False
P04704,Меруерт,Маратов,F,14,8,Восточно-Казахстанская область,Южный район,Школа №5,kk,full,63.7,False
P04705,Олжас,Маратов,M,14,8,Павлодарская область,Сельский район,Школа №5,kk,single,57.7,False
P04706,Томирис,Нурланов,F,10,5,Улытауская область,Центральный район,Школа №4,kk,full,53.1,False
P04707,Ержан,Касенов,M,12,6,Восточно-Казахстанская область,Северный район,Школа №1,kk,single,70.1,True
P04708,Дарья,Смирнова,F,15,9,Кызылординская область,Западный район,Школа №2,ru,full,47.7,False
P04709,Екатерина,Кузнецова,F,14,8,Алматинская область,Восточный район,Школа №1,ru,single,63.3,False
P04710,Елена,Соколова,F,12,5,Павлодарская область,Западный район,Школа №4,ru,single,48.4,False
P04711,Алина,Сериков,F,12,5,Алматинская область,Южный район,Школа №4,kk,full,45.9,False
P04712,Ержан,Тулегенов,M,12,6,Мангистауская область,Центральный район,Школа №3,kk,single,57.9,False
P04713,Сабина,Тулегенов,F,16,10,Карагандинская область,Заречный район,Школа №5,kk,full,61.1,False
P04714,Рамазан,Кадыров,M,15,9,Абайская область,Западный район,Школа №3,kk,full,60.4,False
P04715,Максим,Морозов,M,11,5,Западно-Казахстанская область,Заречный район,Школа №1,ru,single,50.2,False
P04716,Аяна,Жумабеков,F,14,8,Карагандинская область,Северный район,Школа №2,kk,single,48.4,False
P04717,Жаныбек,Маратов,M,10,5,Северо-Казахстанская область,Центральный район,Школа №5,kk,full,90.8,True
P04718,Екатерина,Соколова,F,15,8,Северо-Казахстанская область,Восточный район,Школа №4,ru,single,66.8,True
P04719,Бекжан,Маратов,M,16,9,Жетысуская область,Заречный район,Школа №1,kk,full,65.8,False
P04720,Данияр,Сериков,M,13,7,Жамбылская область,Сельский район,Школа №3,kk,full,56.7,False
P04721,Меруерт,Сатпаев,F,16,10,Акмолинская область,Восточный район,Школа №1,kk,full,70.1,True
P04722,Андрей,Новиков,M,11,5,Жамбылская область,Центральный район,Школа №3,ru,full,62.8,False
P04723,Аян,Сатпаев,M,13,7,г. Алматы,Южный район,Школа №2,kk,full,55.4,False
P04724,Дарья,Попова,F,14,8,Алматинская область,Восточный район,Школа №5,ru,full,50.4,False
P04725,Аружан,Маратов,F,15,9,Западно-Казахстанская область,Северный район,Школа №2,kk,single,47.8,False
P04726,Дамир,Сериков,M,14,8,Абайская область,Восточный район,Школа №5,kk,full,7.4,False
P04727,Андрей,Соколов,M,14,8,Улытауская область,Восточный район,Школа №5,ru,full,58.2,False
P04728,Бекжан,Алиев,M,17,10,Алматинская область,Заречный район,Школа №4,kk,full,47.7,False
P04729,Адильхан,Нурланов,M,13,8,Кызылординская область,Центральный район,Школа №5,kk,full,78.9,True
P04730,Сауле,Тулегенов,F,12,6,Западно-Казахстанская область,Южный район,Школа №2,kk,full,55.3,False
P04731,Адильхан,Темирбеков,M,13,8,Восточно-Казахстанская область,Центральный район,Школа №4,kk,full,37.2,False
P04732,Гульнара,Алиев,F,14,7,Алматинская область,Сельский район,Школа №4,kk,full,54.3,False
P04733,Томирис,Нурланов,F,13,7,Абайская область,Южный район,Школа №3,kk,full,39.3,False
P04734,Артём,Иванов,M,11,6,Туркестанская область,Сельский район,Школа №3,ru,single,56.1,False
P04735,Темирлан,Абилов,M,18,11,Западно-Казахстанская область,Западный район,Школа №5,kk,full,59.4,False
P04736,Дария,Алиев,F,14,8,г. Алматы,Заречный район,Школа №1,kk,single,63.4,False
P04737,Сабина,Абилов,F,10,5,Жамбылская область,Западный район,Школа №5,kk,full,43.1,False
P04738,Артём,Волков,M,17,11,Атырауская область,Северный район,Школа №3,ru,full,55.5,False
P04739,Дамир,Жумабеков,M,15,9,Улытауская область, Сельский район ,Школа №2,kk,full,34.5,False
P04740,Дана,Нурланов,F,14,8,Акмолинская область,Южный район,Школа №2,kk,single,59.5,False
P04741,Арман,Абилов,M,14,9,г. Астана,Северный район,Школа №5,kk,full,62.8,False
P04742,Камила,Сериков,F,13,7,Мангистауская область,Западный район,Школа №1,kk,full,62.4,False
P04743,Нурлан,Касенов,M,16,10,Кызылординская область,Южный район,Школа №5,kk,full,55.0,False
P04744,Шынгыс,Касенов,M,13,7,Павлодарская область,Восточный район,Школа №1,kk,full,61.2,False
P04745,Екатерина,Новикова,F,16,10,Восточно-Казахстанская область,Сельский район,Школа №3,ru,full,79.1,True
P04746,Ксения,Петрова,F,13,7,Актюбинская область,Западный район,Школа №4,ru,single,44.7,False
P04747,Жаныбек,Абилов,M,17,10,г. Шымкент,Центральный район,Школа №1,kk,full,57.1,False
P04748,Аян,Касенов,M,12,5,Северо-Казахстанская область,Северный район,Школа №5,kk,full,38.7,False
P04749,Шынгыс,Алиев,M,15,9,Кызылординская область,Северный район,Школа №1,kk,single,36.0,False
P04750,Андрей,Новиков,M,12,6,Мангистауская область,Южный район,Школа №2,ru,single,50.5,False
P04751,Полина,Кузнецова,F,15,9,Павлодарская область, Восточный район ,Школа №5,ru,single,65.6,False
P04752,Бауыржан,Абилов,M,15,8,Улытауская область,Северный район,Школа №1,kk,full,51.2,False
P04753,Жаныбек,Касенов,M,14,8,Улытауская область,Центральный район,Школа №1,kk,full,51.5,False
P04754,Аян,Алиев,M,15,10,Туркестанская область, Южный район ,Школа №2,kk,full,48.9,False
P04755,Сауле,Темирбеков,F,12,7,Жетысуская область,Северный район,Школа №1,kk,full,47.0,False
P04756,Аян,Абилов,M,17,10,г. Астана,Северный район,Школа №2,kk,full,59.4,False
P04757,Аяна,Абилов,F,13,7,Павлодарская область,Заречный район,Школа №5,kk,single,26.5,False
P04758,Полина,Кузнецова,F,13,6,Атырауская область,Сельский район,Школа №4,ru,full,74.2,True
P04759,София,Морозова,F,18,11,Алматинская область,Заречный район,Школа №4,ru,full,45.0,False
P04760,Анастасия,Волкова,F,10,4,г. Алматы,Западный район,Школа №3,ru,full,65.8,False
P04761,Дана,Жумабеков,F,14,8,Костанайская область,Сельский район,Школа №4,kk,full,36.0,False
P04762,Ольга,Смирнова,F,17,11,Восточно-Казахстанская область,Северный район,Школа №3,ru,full,65.0,False
P04763,Шынгыс,Сатпаев,M,17,11,Жамбылская область,Сельский район,Школа №5,kk,full,65.1,False
P04764,Кирилл,Попов,M,12,6,Актюбинская область, Восточный район ,Школа №4,ru,single,54.8,False
P04765,Екатерина,Кузнецова,F,17,11,г. Астана,Восточный район,Школа №1,ru,single,34.1,False
P04766,Тимур,Нурланов,M,10,5,Мангистауская область,Заречный район,Школа №4,kk,full,58.7,False
P04767,Александр,Новиков,M,14,9,Атырауская область,Северный район,Школа №1,ru,full,37.3,False
P04768,Жансая,Темирбеков,F,12,7,Павлодарская область,Северный район,Школа №5,kk,single,45.2,False
P04769,Кирилл,Попов,M,12,5,Кызылординская область,Западный район,Школа №5,ru,full,70.4,True
P04770,Камила,Темирбеков,F,18,11,Восточно-Казахстанская область,Северный район,Школа №3,kk,single,61.0,False
P04771,Алтынай,Жумабеков,F,12,6,Жетысуская область,Восточный район,Школа №3,kk,single,49.2,False
P04772,Нурлан,Алиев,M,14,8,Павлодарская область,Северный район,Школа №4,kk,single,34.4,False
P04773,Алмат,Алиев,M,17,10,Карагандинская область,Северный район,Школа №1,kk,single,58.7,False
P04774,Тимур,Темирбеков,M,13,8,Жетысуская область,Южный район,Школа №1,kk,full,55.3,False
P04775,Михаил,Кузнецов,M,13,7,г. Алматы, Южный район ,Школа №2,ru,full,20.2,False
P04776,Ерасыл,Сериков,M,17,11,Жамбылская область,Южный район,Школа №2,kk,single,60.7,False
P04777,Алихан,Сатпаев,M,16,10,Актюбинская область,Восточный район,Школа №2,kk,full,54.6,False
P04778,Дамир,Бекенов,M,12,7,Жетысуская область,Заречный район,Школа №2,kk,full,73.0,True
P04779,Арман,Маратов,M,13,6,Атырауская область,Центральный район,Школа №5,kk,single,32.6,False
P04780,Александр,Смирнов,M,15,9,Улытауская область,Южный район,Школа №1,ru,full,7.3,False
P04781,Томирис,Касенов,F,14,8,Улытауская область,Центральный район,Школа №2,kk,full,59.2,False
P04782,Иван,Кузнецов,M,17,11,Павлодарская область,Южный район,Школа №2,ru,full,59.4,False
P04783,Данияр,Нурланов,M,13,7,Актюбинская область,Восточный район,Школа №1,kk,full,29.6,False
P04784,Гульнара,Нурланов,F,14,8,Туркестанская область,Центральный район,Школа №3,kk,full,40.3,False
P04785,Гульнара,Сериков,F,17,10,Восточно-Казахстанская область,Центральный район,Школа №5,kk,full,96.3,True
P04786,Никита,Новиков,M,16,10,Атырауская область,Западный район,Школа №2,ru,full,50.4,False
P04787,Алихан,Сатпаев,M,15,9,Алматинская область,Заречный район,Школа №4,kk,full,66.0,True
P04788,Дана,Абилов,F,15,9,Западно-Казахстанская область,Центральный район,Школа №1,kk,full,45.2,False
P04789,Максим,Попов,M,16,10,Костанайская область, Сельский район ,Школа №4,ru,full,23.6,False
P04790,Дана,Темирбеков,F,16,10,Жетысуская область,Западный район,Школа №2,kk,full,52.4,False
P04791,Тимур,Касенов,M,10,5,Акмолинская область,Западный район,Школа №3,kk,full,51.0,False
P04792,Айдар,Бекенов,M,16,9,Улытауская область,Южный район,Школа №2,kk,full,49.0,False
P04793,Шынгыс,Сатпаев,M,12,6,Павлодарская область,Восточный район,Школа №3,kk,full,53.3,False
P04794,Томирис,Сериков,F,15,8,г. Шымкент,Восточный район,Школа №4,kk,full,59.0,False
P04795,София,Смирнова,F,12,6,Атырауская область,Южный район,Школа №3,ru,full,52.7,False
P04796,Алмат,Сериков,M,14,8,Северо-Казахстанская область,Сельский район,Школа №4,kk,single,30.0,False
P04797,Иван,Кузнецов,M,15,8,г. Шымкент,Южный район,Школа №1,ru,full,62.3,False
P04798,Артём,Волков,M,15,9,Западно-Казахстанская область,Западный район,Школа №1,ru,single,19.8,False
P04799,Дана,Сериков,F,13,7,Северо-Казахстанская область,Западный район,Школа №5,kk,full,24.2,False
P04800,Елена,Смирнова,F,15,9,Актюбинская область,Южный район,Школа №1,ru,single,60.1,False
P04801,Михаил,Попов,M,17,11,Туркестанская область,Южный район,Школа №1,ru,full,62.6,False
P04802,Меруерт,Темирбеков,F,14,8,Жамбылская область,Южный район,Школа №4,kk,full,54.1,False
P04803,Максим,Волков,M,15,9,г. Шымкент,Восточный район,Школа №1,ru,single,28.1,False
P04804,Андрей,Волков,M,13,7,Карагандинская область,Центральный район,Школа №2,ru,full,44.4,False
P04805,Алина,Абилов,F,13,6,Акмолинская область,Западный район,Школа №2,kk,full,51.1,False
P04806,Владислав,Волков,M,9,4,Абайская область,Центральный район,Школа №3,ru,full,31.1,False
P04807,Максим,Смирнов,M,17,11,г. Шымкент,Западный район,Школа №3,ru,full,43.9,False
P04808,Эльмира,Темирбеков,F,13,7,Западно-Казахстанская область,Западный район,Школа №4,kk,full,64.8,False
P04809,Аружан,Нурланов,F,17,10,Жетысуская область,Северный район,Школа №2,kk,full,76.4,True
P04810,Кирилл,Попов,M,17,10,Актюбинская область,Западный район,Школа №2,ru,full,48.7,False
P04811,Алихан,Бекенов,M,14,8,Акмолинская область,Центральный район,Школа №1,kk,full,66.3,True
P04812,Анастасия,Кузнецова,F,17,11,Кызылординская область,Заречный район,Школа №2,ru,single,20.3,False
P04813,Рамазан,Маратов,M,16,11,Жамбылская область,Северный район,Школа №2,kk,single,58.9,False
P04814,Ольга,Петрова,F,16,9,г. Алматы,Заречный район,Школа №1,ru,full,42.9,False
P04815,Мария,Кузнецова,F,15,9,г. Астана,Северный район,Школа №1,ru,full,59.6,False
P04816,Алина,Касенов,F,12,6,Абайская область,Западный район,Школа №1,kk,single,45.3,False
P04817,София,Новикова,F,14,8,Абайская область,Сельский район,Школа №3,ru,full,74.8,True
P04818,Алихан,Сериков,M,13,7,г. Шымкент,Заречный район,Школа №3,kk,full,41.9,False
P04819,Томирис,Маратов,F,15,9,Мангистауская область,Северный район,Школа №1,kk,full,64.4,False
P04820,Айдар,Бекенов,M,11,5,Актюбинская область,Восточный район,Школа №5,kk,full,50.8,False
P04821,Бауыржан,Сатпаев,M,18,11,Кызылординская область,Сельский район,Школа №5,kk,full,52.6,False
P04822,Алихан,Темирбеков,M,13,6,Мангистауская область,Сельский район,Школа №2,kk,full,52.2,False
P04823,Владислав,Соколов,M,17,10,г. Алматы,Заречный район,Школа №2,ru,full,42.3,False
P04824,Аяна,Бекенов,F,15,10,г. Алматы,Южный район,Школа №3,kk,full,54.8,False
P04825,Жансая,Касенов,F,16,10,Карагандинская область,Южный район,Школа №5,kk,full,54.1,False
P04826,Ержан,Сериков,M,17,11,г. Алматы,Сельский район,Школа №1,kk,full,58.6,False
P04827,Динара,Сатпаев,F,17,10,г. Шымкент,Центральный район,Школа №3,kk,single,50.3,False
P04828,Айгерим,Бекенов,F,16,10,Восточно-Казахстанская область,Центральный район,Школа №1,kk,full,67.0,True
P04829,Александр,Смирнов,M,16,10,г. Шымкент,Восточный район,Школа №3,ru,full,68.9,True
P04830,Артём,Лебедев,M,15,8,Жамбылская область,Восточный район,Школа №1,ru,full,39.2,False
P04831,Екатерина,Кузнецова,F,11,5,Абайская область,Сельский район,Школа №3,ru,full,68.0,True
P04832,Аяна,Сериков,F,11,5,Восточно-Казахстанская область,Восточный район,Школа №2,kk,full,37.2,False
P04833,Иван,Морозов,M,17,11,Восточно-Казахстанская область,Заречный район,Школа №3,ru,full,63.8,False
P04834,Никита,Попов,M,13,7,г. Шымкент,Центральный район,Школа №5,ru,full,64.3,False
P04835,Бауыржан,Абилов,M,16,10,Павлодарская область,Сельский район,Школа №4,kk,full,26.3,False
P04836,Санжар,Кадыров,M,15,8,г. Алматы,Восточный район,Школа №4,kk,full,56.4,False
P04837,Ольга,Иванова,F,16,11,Костанайская область,Центральный район,Школа №3,ru,full,48.0,False
P04838,Мария,Соколова,F,15,9,Костанайская область,Центральный район,Школа №5,ru,full,43.6,False
P04839,Мария,Морозова,F,14,8,Северо-Казахстанская область,Центральный район,Школа №2,ru,single,69.3,True
P04840,Сауле,Темирбеков,F,16,10,Карагандинская область,Заречный район,Школа №1,kk,full,45.2,False
P04841,Дарья,Морозова,F,14,8,Кызылординская область,Центральный район,Школа №1,ru,full,42.9,False
P04842,Аяна,Темирбеков,F,11,5,г. Шымкент,Северный район,Школа №2,kk,full,56.1,False
P04843,Дмитрий,Соколов,M,14,8,Мангистауская область,Сельский район,Школа №4,ru,single,59.3,False
P04844,Михаил,Новиков,M,12,7,Западно-Казахстанская область,Западный район,Школа №1,ru,full,52.9,False
P04845,Жансая,Тулегенов,F,13,7,г. Шымкент,Северный район,Школа №5,kk,full,72.5,True
P04846,Эльмира,Касенов,F,14,8,г. Шымкент,Заречный район,Школа №1,kk,full,63.0,False
P04847,Никита,Попов,M,15,9,Атырауская область,Северный район,Школа №4,ru,full,22.3,False
P04848,Айдана,Сериков,F,16,10,г. Алматы,Центральный район,Школа №3,kk,full,47.1,False
P04849,Шынгыс,Нурланов,M,16,9,Жетысуская область,Северный район,Школа №1,kk,single,40.6,False
P04850,Айгерим,Жумабеков,F,15,9,Костанайская область,Западный район,Школа №1,kk,single,56.2,False
P04851,Жансая,Сатпаев,F,13,7,Туркестанская область,Южный район,Школа №2,kk,full,15.6,False
P04852,Айгерим,Маратов,F,16,11,Карагандинская область, Северный район ,Школа №5,kk,single,87.2,True
P04853,Нурлан,Кадыров,M,15,9,Западно-Казахстанская область,Западный район,Школа №4,kk,full,63.0,False
P04854,Алмат,Кадыров,M,14,8,Алматинская область,Западный район,Школа №2,kk,single,51.2,False
P04855,Ольга,Волкова,F,11,5,Мангистауская область,Заречный район,Школа №4,ru,full,72.7,True
P04856,Андрей,Смирнов,M,13,6,г. Алматы,Южный район,Школа №5,ru,full,90.2,True
P04857,Жансая,Тулегенов,F,17,10,Восточно-Казахстанская область,Восточный район,Школа №1,kk,full,68.1,True
P04858,Шынгыс,Касенов,M,15,9,Алматинская область,Сельский район,Школа №5,kk,full,69.2,True
P04859,Санжар,Касенов,M,10,4,Восточно-Казахстанская область,Восточный район,Школа №1,kk,full,57.0,False
P04860,Шынгыс,Жумабеков,M,15,9,Кызылординская область,Западный район,Школа №4,kk,single,46.9,False
P04861,Никита,Соколов,M,12,6,Жамбылская область,Западный район,Школа №4,ru,full,47.9,False
P04862,Елена,Волкова,F,18,11,Актюбинская область,Северный район,Школа №4,ru,full,42.6,False
P04863,Алихан,Касенов,M,17,10,Актюбинская область,Центральный район,Школа №2,kk,full,44.7,False
P04864,Балжан,Сериков,F,15,9,Западно-Казахстанская область,Северный район,Школа №1,kk,full,34.7,False
P04865,Андрей,Смирнов,M,14,8,Туркестанская область,Западный район,Школа №5,ru,single,47.9,False
P04866,Анастасия,Морозова,F,11,6,Актюбинская область,Северный район,Школа №2,ru,single,23.7,False
P04867,Айдана,Жумабеков,F,16,11,Карагандинская область,Западный район,Школа №2,kk,full,57.9,False
P04868,Полина,Петрова,F,10,5,Павлодарская область,Южный район,Школа №4,ru,single,48.5,False
P04869,Ксения,Волкова,F,15,9,г. Астана, Центральный район ,Школа №2,ru,full,57.2,False
P04870,Алтынай,Тулегенов,F,13,7,Жетысуская область,Сельский район,Школа №1,kk,full,47.2,False
P04871,Айдар,Кадыров,M,14,8,Туркестанская область,Западный район,Школа №1,kk,full,100.0,True
P04872,Нурлан,Тулегенов,M,15,9,Восточно-Казахстанская область,Сельский район,Школа №1,kk,single,69.4,True
P04873,Ольга,Волкова,F,13,8,Павлодарская область,Западный район,Школа №3,ru,full,36.3,False
P04874,Айдана,Нурланов,F,16,10,Восточно-Казахстанская область,Центральный район,Школа №1,kk,full,58.5,False
P04875,Мария,Соколова,F,13,6,Костанайская область,Заречный район,Школа №4,ru,full,45.9,False
P04876,Динара,Темирбеков,F,17,11,Алматинская область,Центральный район,Школа №3,kk,full,39.8,False
P04877,София,Попова,F,12,5,Абайская область,Западный район,Школа №5,ru,full,34.9,False
P04878,Елена,Попова,F,14,7,Западно-Казахстанская область,Заречный район,Школа №5,ru,full,61.5,False
P04879,Арман,Касенов,M,16,11,Акмолинская область,Южный район,Школа №3,kk,full,44.8,False
P04880,Дамир,Сатпаев,M,11,5,Абайская область,Южный район,Школа №3,kk,full,69.5,True
P04881,Иван,Новиков,M,16,10,Карагандинская область,Западный район,Школа №3,ru,full,69.9,True
P04882,Сабина,Тулегенов,F,18,11,Мангистауская область,Южный район,Школа №1,kk,full,75.6,True
P04883,Алихан,Абилов,M,16,11,г. Алматы,Южный район,Школа №2,kk,full,42.2,False
P04884,Рамазан,Кадыров,M,14,8,Западно-Казахстанская область,Западный район,Школа №2,kk,single,56.1,False
P04885,Максим,Петров,M,13,7,Кызылординская область,Южный район,Школа №2,ru,single,58.5,False
P04886,Анастасия,Кузнецова,F,12,6,Улытауская область,Заречный район,Школа №1,ru,full,47.9,False
P04887,Максим,Смирнов,M,15,9,Акмолинская область,Восточный район,Школа №1,ru,full,43.4,False
P04888,Александр,Лебедев,M,16,9,Жетысуская область,Северный район,Школа №5,ru,single,73.1,True
P04889,Жансая,Алиев,F,12,6,Алматинская область,Центральный район,Школа №5,kk,full,58.4,False
P04890,Аяна,Нурланов,F,15,9,Жетысуская область,Северный район,Школа №5,kk,single,58.5,False
P04891,Жансая,Тулегенов,F,16,11,г. Астана,Заречный район,Школа №5,kk,full,42.7,False
P04892,София,Волкова,F,17,10,Западно-Казахстанская область,Северный район,Школа №4,ru,full,36.7,False
P04893,Нурлан,Жумабеков,M,16,10,Жамбылская область,Северный район,Школа №5,kk,full,46.5,False
P04894,Дария,Сатпаев,F,13,8,Северо-Казахстанская область,Заречный район,Школа №5,kk,full,53.1,False
P04895,Екатерина,Смирнова,F,15,10,Карагандинская область,Северный район,Школа №2,ru,single,33.0,False
P04896,Меруерт,Бекенов,F,13,7,Алматинская область,Восточный район,Школа №2,kk,full,54.9,False
P04897,Ольга,Смирнова,F,15,10,Карагандинская область,Южный район,Школа №2,ru,single,23.7,False
P04898,Аян,Кадыров,M,15,8,Туркестанская область,Западный район,Школа №5,kk,single,32.2,False
P04899,Алмат,Сатпаев,M,14,8,Улытауская область,Сельский район,Школа №2,kk,single,59.1,False
P04900,Аян,Темирбеков,M,15,8,Северо-Казахстанская область,Восточный район,Школа №1,kk,full,64.1,False
P04901,Максим,Новиков,M,13,8,Улытауская область,Западный район,Школа №4,ru,single,43.1,False
P04902,Жансая,Жумабеков,F,13,8,Карагандинская область,Центральный район,Школа №4,kk,full,39.7,False
P04903,Камила,Алиев,F,9,4,Костанайская область,Сельский район,Школа №1,kk,full,39.6,False
P04904,Темирлан,Кадыров,M,16,10,Туркестанская область,Сельский район,Школа №5,kk,single,43.4,False
P04905,Олжас,Касенов,M,16,10,Актюбинская область,Заречный район,Школа №3,kk,full,64.7,False
P04906,Айдана,Алиев,F,15,9,Алматинская область,Северный район,Школа №1,kk,full,68.9,True
P04907,Аружан,Кадыров,F,17,11,Алматинская область,Центральный район,Школа №5,kk,single,41.6,False
P04908,Камила,Алиев,F,14,8,Жетысуская область, Восточный район ,Школа №1,kk,full,37.7,False
P04909,Ксения,Смирнова,F,16,10,Атырауская область,Западный район,Школа №3,ru,full,59.0,False
P04910,Елена,Новикова,F,15,9,Мангистауская область,Северный район,Школа №4,ru,full,42.6,False
P04911,Анастасия,Кузнецова,F,12,6,Мангистауская область,Южный район,Школа №3,ru,full,47.2,False
P04912,Малика,Абилов,F,14,8,Мангистауская область,Заречный район,Школа №2,kk,full,74.9,True
P04913,Томирис,Темирбеков,F,17,11,Западно-Казахстанская область,Сельский район,Школа №3,kk,full,67.4,True
P04914,Ксения,Волкова,F,15,8,Павлодарская область,Южный район,Школа №2,ru,full,57.4,False
P04915,Рамазан,Сериков,M,10,4,г. Шымкент,Сельский район,Школа №4,kk,full,35.9,False
P04916,Наргиз,Бекенов,F,13,7,Актюбинская область,Центральный район,Школа №1,kk,full,58.2,False
P04917,Аяна,Сериков,F,13,7,Алматинская область,Сельский район,Школа №3,kk,full,70.9,True
P04918,Дамир,Бекенов,M,16,10,Северо-Казахстанская область,Западный район,Школа №1,kk,single,43.4,False
P04919,Владислав,Попов,M,17,11,Улытауская область,Заречный район,Школа №3,ru,full,75.3,True
P04920,Олжас,Кадыров,M,13,7,г. Шымкент,Восточный район,Школа №4,kk,single,68.4,True
P04921,Айдана,Маратов,F,16,10,Карагандинская область,Северный район,Школа №2,kk,full,80.0,True
P04922,Михаил,Попов,M,15,9,Акмолинская область,Сельский район,Школа №4,ru,single,53.6,False
P04923,Динара,Бекенов,F,16,9,Акмолинская область,Сельский район,Школа №3,kk,single,57.8,False
P04924,Эльмира,Жумабеков,F,17,11,Кызылординская область,Центральный район,Школа №5,kk,single,70.2,True
P04925,Тимур,Сатпаев,M,11,6,г. Астана,Северный район,Школа №2,kk,full,61.7,False
P04926,Шынгыс,Кадыров,M,12,5,г. Шымкент,Заречный район,Школа №3,kk,single,41.5,False
P04927,Бауыржан,Алиев,M,10,5,Акмолинская область,Западный район,Школа №4,kk,full,48.3,False
P04928,Алмат,Сатпаев,M,10,5,Туркестанская область,Северный район,Школа №3,kk,full,58.6,False
P04929,Айгерим,Нурланов,F,17,10,г. Астана,Сельский район,Школа №2,kk,single,29.6,False
P04930,Алихан,Абилов,M,16,10,Актюбинская область,Сельский район,Школа №1,kk,full,52.9,False
P04931,Нурлан,Абилов,M,16,10,г. Астана,Центральный район,Школа №4,kk,full,71.4,True
P04932,Малика,Сатпаев,F,14,8,Атырауская область,Восточный район,Школа №2,kk,single,16.1,False
P04933,Жаныбек,Касенов,M,12,7,г. Шымкент,Заречный район,Школа №4,kk,full,78.0,True
P04934,Бауыржан,Алиев,M,13,8,Кызылординская область,Заречный район,Школа №4,kk,full,71.8,True
P04935,Ерасыл,Бекенов,M,15,10,Северо-Казахстанская область, Центральный район ,Школа №1,kk,full,48.1,False
P04936,Алмат,Алиев,M,9,4,Мангистауская область,Западный район,Школа №5,kk,single,57.2,False
P04937,Андрей,Морозов,M,17,10,Актюбинская область,Заречный район,Школа №2,ru,full,55.0,False
P04938,Мария,Волкова,F,15,10,Улытауская область,Восточный район,Школа №1,ru,full,73.4,True
P04939,Нурлан,Бекенов,M,15,8,Восточно-Казахстанская область,Западный район,Школа №2,kk,full,69.7,True
P04940,София,Попова,F,13,8,Улытауская область,Заречный район,Школа №4,ru,full,34.0,False
P04941,Аружан,Кадыров,F,14,8,Западно-Казахстанская область,Сельский район,Школа №5,kk,full,63.8,False
P04942,Аян,Маратов,M,17,11,Актюбинская область,Сельский район,Школа №2,kk,full,51.9,False
P04943,Иван,Волков,M,13,7,Костанайская область,Центральный район,Школа №2,ru,full,56.2,False
P04944,Ержан,Алиев,M,13,7,Жетысуская область,Центральный район,Школа №3,kk,full,44.1,False
P04945,Владислав,Смирнов,M,17,10,Абайская область, Северный район ,Школа №1,ru,single,75.2,True
P04946,Санжар,Нурланов,M,14,7,Северо-Казахстанская область,Восточный район,Школа №4,kk,single,64.6,False
P04947,Михаил,Иванов,M,17,11,Туркестанская область,Северный район,Школа №1,ru,full,43.9,False
P04948,Кирилл,Лебедев,M,12,6,Мангистауская область,Сельский район,Школа №4,ru,full,35.0,False
P04949,Никита,Лебедев,M,16,11,Карагандинская область,Сельский район,Школа №1,ru,full,49.2,False
P04950,Малика,Жумабеков,F,15,9,г. Шымкент,Южный район,Школа №3,kk,single,55.5,False
P04951,Меруерт,Маратов,F,11,5,Алматинская область,Северный район,Школа №4,kk,full,58.6,False
P04952,Владислав,Смирнов,M,12,6,Улытауская область,Сельский район,Школа №2,ru,single,67.8,True
P04953,Динара,Жумабеков,F,18,11,г. Алматы,Заречный район,Школа №4,kk,single,60.8,False
P04954,Данияр,Кадыров,M,16,10,Западно-Казахстанская область,Заречный район,Школа №1,kk,full,69.5,True
P04955,Малика,Кадыров,F,16,9,г. Астана,Южный район,Школа №2,kk,full,59.9,False
P04956,Гульнара,Жумабеков,F,15,8,Костанайская область,Заречный район,Школа №3,kk,single,28.2,False
P04957,Полина,Волкова,F,15,9,Павлодарская область,Сельский район,Школа №4,ru,full,52.1,False
P04958,Екатерина,Волкова,F,16,10,г. Алматы,Центральный район,Школа №2,ru,full,70.9,True
P04959,Ержан,Касенов,M,16,11,Северо-Казахстанская область,Восточный район,Школа №1,kk,full,54.2,False
P04960,Михаил,Петров,M,15,8,Мангистауская область,Сельский район,Школа №1,ru,full,62.5,False
P04961,Сауле,Абилов,F,15,8,Мангистауская область,Южный район,Школа №1,kk,full,50.2,False
P04962,Меруерт,Маратов,F,11,5,г. Шымкент,Сельский район,Школа №2,kk,full,39.6,False
P04963,Алина,Темирбеков,F,12,7,Абайская область,Заречный район,Школа №3,kk,full,53.1,False
P04964,Адильхан,Касенов,M,12,6,Мангистауская область,Южный район,Школа №3,kk,full,59.6,False
P04965,Полина,Смирнова,F,17,11,Мангистауская область,Сельский район,Школа №2,ru,full,45.2,False
P04966,Алихан,Жумабеков,M,14,7,Жетысуская область,Центральный район,Школа №4,kk,full,51.5,False
P04967,Анна,Соколова,F,14,8,Алматинская область,Южный район,Школа №2,ru,full,40.9,False
P04968,Дмитрий,Лебедев,M,17,10,Алматинская область,Южный район,Школа №5,ru,single,65.8,False
P04969,Арман,Маратов,M,16,11,г. Алматы,Заречный район,Школа №3,kk,full,50.6,False
P04970,Бекжан,Тулегенов,M,13,6,г. Астана,Южный район,Школа №3,kk,single,70.8,True
P04971,Елена,Попова,F,18,11,г. Шымкент,Восточный район,Школа №5,ru,full,77.9,True
P04972,Жансая,Маратов,F,11,6,Карагандинская область,Центральный район,Школа №3,kk,full,53.8,False
P04973,Жаныбек,Сериков,M,14,8,Алматинская область,Сельский район,Школа №4,kk,single,33.9,False
P04974,Айдар,Маратов,M,14,8,Кызылординская область,Восточный район,Школа №5,kk,single,17.7,False
P04975,Бауыржан,Бекенов,M,10,4,г. Астана,Южный район,Школа №1,kk,full,32.9,False
P04976,София,Попова,F,16,10,Восточно-Казахстанская область,Сельский район,Школа №4,ru,single,28.4,False
P04977,Анна,Смирнова,F,16,10,Кызылординская область,Северный район,Школа №5,ru,single,69.7,True
P04978,Андрей,Петров,M,15,9,Северо-Казахстанская область,Южный район,Школа №2,ru,full,56.7,False
P04979,Никита,Смирнов,M,15,9,Алматинская область,Южный район,Школа №4,ru,full,60.8,False
P04980,Алина,Абилов,F,13,6,Актюбинская область,Северный район,Школа №5,kk,full,21.7,False
P04981,Ержан,Жумабеков,M,13,7,г. Алматы,Сельский район,Школа №2,kk,single,31.0,False
P04982,Дана,Бекенов,F,15,10,Жамбылская область,Сельский район,Школа №1,kk,full,68.3,True
P04983,Мария,Морозова,F,13,8,Туркестанская область,Западный район,Школа №4,ru,full,59.3,False
P04984,Арман,Темирбеков,M,10,4,г. Астана,Восточный район,Школа №3,kk,full,52.8,False
P04985,Дарья,Морозова,F,13,7,Костанайская область,Сельский район,Школа №5,ru,full,63.5,False
P04986,Владислав,Кузнецов,M,14,7,Алматинская область,Сельский район,Школа №1,ru,full,79.5,True
P04987,Аружан,Сериков,F,16,10,Улытауская область,Центральный район,Школа №1,kk,full,51.7,False
P04988,Алмат,Тулегенов,M,15,9,Костанайская область,Сельский район,Школа №5,kk,single,50.0,False
P04989,Айдар,Абилов,M,11,5,Жетысуская область,Сельский район,Школа №4,kk,full,57.9,False
P04990,Елена,Кузнецова,F,16,10,Абайская область,Центральный район,Школа №3,ru,single,84.9,True
P04991,Данияр,Нурланов,M,11,5,Кызылординская область,Сельский район,Школа №2,kk,full,23.5,False
P04992,Бекжан,Маратов,M,16,10,Павлодарская область,Северный район,Школа №4,kk,full,65.2,False
P04993,Айдана,Абилов,F,10,4,Акмолинская область,Северный район,Школа №3,kk,full,53.3,False
P04994,Ержан,Темирбеков,M,10,5,Улытауская область,Южный район,Школа №4,kk,full,63.5,False
P04995,Балжан,Алиев,F,12,7,Мангистауская область,Сельский район,Школа №4,kk,full,45.1,False
P04996,Дамир,Темирбеков,M,13,7,Западно-Казахстанская область,Северный район,Школа №5,kk,full,54.3,False
P04997,Айгерим,Темирбеков,F,11,4,Актюбинская область,Западный район,Школа №2,kk,full,65.7,False
P04998,Темирлан,Сериков,M,15,9,г. Астана,Северный район,Школа №5,kk,full,100.0,True
P04999,Томирис,Бекенов,F,16,9,г. Алматы,Сельский район,Школа №5,kk,full,67.1,True
P05000,Санжар,Сериков,M,15,10,Северо-Казахстанская область,Заречный район,Школа №4,kk,full,42.3,False
