participant_id,first_name,last_name,gender,region,district,school,language,family_type,round_1_score,passed_round_1,round_2_score,status
P00001,Дана,Бекенов,F,Жетысуская область,Северный район,Школа №5,kk,full,62.5,False,,eliminated
P00002,Бауыржан,Бекенов,M,Улытауская область, Западный район ,Школа №2,kk,single,46.9,False,,eliminated
P00003,Меруерт,Сатпаев,F,Западно-Казахстанская область,Сельский район,Школа №2,kk,full,64.7,False,,eliminated
P00004,Ерасыл,Сериков,M,Актюбинская область,Восточный район,Школа №3,kk,full,77.8,True,61.0,finalist
P00005,Полина,Петрова,F,Мангистауская область,Центральный район,Школа №5,ru,single,45.5,False,,eliminated
P00006,Алихан,Темирбеков,M,Жетысуская область,Сельский район,Школа №1,kk,single,45.5,False,,eliminated
P00007,Меруерт,Касенов,F,Кызылординская область,Северный район,Школа №2,kk,full,78.7,True,77.6,finalist
P00008,Анна,Волкова,F,Восточно-Казахстанская область,Западный район,Школа №2,ru,full,66.5,True,70.9,finalist
P00009,Михаил,Кузнецов,M,Костанайская область,Сельский район,Школа №1,ru,full,48.0,False,,eliminated
P00010,Дамир,Сериков,M,Жамбылская область,Западный район,Школа №3,kk,full,63.1,False,,eliminated
P00011,Ольга,Смирнова,F,Западно-Казахстанская область,Северный район,Школа №5,ru,full,48.0,False,,eliminated
P00012,Томирис,Нурланов,F,Кызылординская область,Северный район,Школа №2,kk,full,48.0,False,,eliminated
P00013,Алмат,Алиев,M,Восточно-Казахстанская область,Сельский район,Школа №5,kk,full,58.6,False,,eliminated
P00014,Михаил,Соколов,M,г. Алматы,Сельский район,Школа №1,ru,full,26.3,False,,eliminated
P00015,Динара,Сериков,F,Карагандинская область,Восточный район,Школа №1,kk,single,23.1,False,,eliminated
P00016,Сабина,Алиев,F,Улытауская область,Центральный район,Школа №3,kk,single,40.6,False,,eliminated
P00017,Жансая,Алиев,F,г. Алматы,Сельский район,Школа №1,kk,full,39.8,False,,eliminated
P00018,Жансая,Жумабеков,F,Жетысуская область,Центральный район,Школа №5,kk,single,53.7,False,,eliminated
P00019,Алихан,Тулегенов,M,Атырауская область,Северный район,Школа №5,kk,full,41.4,False,,eliminated
P00020,Балжан,Тулегенов,F,Жамбылская область,Заречный район,Школа №3,kk,full,33.8,False,,eliminated
P00021,Гульнара,Сериков,F,Костанайская область,Центральный район,Школа №2,kk,full,77.0,True,64.3,finalist
P00022,Александр,Кузнецов,M,Актюбинская область,Центральный район,Школа №1,ru,full,51.6,False,,eliminated
P00023,Темирлан,Алиев,M,г. Астана,Западный район,Школа №4,kk,single,50.0,False,,eliminated
P00024,Нурлан,Кадыров,M,Павлодарская область,Восточный район,Школа №1,kk,full,33.6,False,,eliminated
P00025,Камила,Маратов,F,Костанайская область,Сельский район,Школа №2,kk,full,46.8,False,,eliminated
P00026,Аяна,Жумабеков,F,Северо-Казахстанская область,Северный район,Школа №1,kk,full,56.7,False,,eliminated
P00027,Айдана,Касенов,F,г. Алматы, Сельский район ,Школа №1,kk,single,31.7,False,,eliminated
P00028,Наргиз,Абилов,F,Жамбылская область,Сельский район,Школа №1,kk,full,60.6,False,,eliminated
P00029,Олжас,Жумабеков,M,Павлодарская область,Заречный район,Школа №5,kk,full,46.0,False,,eliminated
P00030,Балжан,Темирбеков,F,г. Астана,Заречный район,Школа №3,kk,full,50.6,False,,eliminated
P00031,Сабина,Алиев,F,Акмолинская область,Западный район,Школа №2,kk,full,46.0,False,,eliminated
P00032,Кирилл,Петров,M,г. Астана,Северный район,Школа №1,ru,full,82.8,True,80.1,finalist
P00033,Санжар,Кадыров,M,Западно-Казахстанская область,Северный район,Школа №3,kk,full,54.8,False,,eliminated
P00034,Дмитрий,Новиков,M,Костанайская область,Сельский район,Школа №1,ru,full,39.1,False,,eliminated
P00035,Анна,Морозова,F,Жамбылская область,Западный район,Школа №3,ru,single,61.3,False,,eliminated
P00036,Аяна,Абилов,F,г. Алматы,Заречный район,Школа №5,kk,full,36.7,False,,eliminated
P00037,Алтынай,Алиев,F,Западно-Казахстанская область,Центральный район,Школа №5,kk,full,58.1,False,,eliminated
P00038,Ерасыл,Бекенов,M,Западно-Казахстанская область,Западный район,Школа №1,kk,full,25.6,False,,eliminated
P00039,Адильхан,Кадыров,M,Атырауская область,Заречный район,Школа №2,kk,single,29.1,False,,eliminated
P00040,Айгерим,Сериков,F,Актюбинская область,Заречный район,Школа №5,kk,full,58.0,False,,eliminated
P00041,Нурлан,Алиев,M,Акмолинская область,Южный район,Школа №1,kk,single,60.1,False,,eliminated
P00042,Алмат,Кадыров,M,г. Алматы,Сельский район,Школа №5,kk,single,51.6,False,,eliminated
P00043,Аяна,Алиев,F,Павлодарская область,Центральный район,Школа №3,kk,single,47.3,False,,eliminated
P00044,Владислав,Соколов,M,Восточно-Казахстанская область,Сельский район,Школа №4,ru,single,44.5,False,,eliminated
P00045,Меруерт,Кадыров,F,Карагандинская область,Сельский район,Школа №2,kk,full,32.8,False,,eliminated
P00046,Дана,Сериков,F,Западно-Казахстанская область,Южный район,Школа №4,kk,full,44.2,False,,eliminated
P00047,Айгерим,Сериков,F,Западно-Казахстанская область,Северный район,Школа №3,kk,full,48.1,False,,eliminated
P00048,Динара,Нурланов,F,г. Шымкент,Западный район,Школа №5,kk,full,70.9,True,64.7,finalist
P00049,Санжар,Тулегенов,M,Жамбылская область,Южный район,Школа №3,kk,full,60.2,False,,eliminated
P00050,Дария,Тулегенов,F,Карагандинская область,Заречный район,Школа №4,kk,full,28.6,False,,eliminated
P00051,Камила,Касенов,F,Восточно-Казахстанская область,Западный район,Школа №4,kk,full,59.9,False,,eliminated
P00052,Нурлан,Сатпаев,M,г. Шымкент,Заречный район,Школа №4,kk,full,49.2,False,,eliminated
P00053,Аян,Касенов,M,Актюбинская область,Южный район,Школа №5,kk,full,44.8,False,,eliminated
P00054,Елена,Кузнецова,F,Жамбылская область, Северный район ,Школа №2,ru,single,58.2,False,,eliminated
P00055,Ольга,Лебедева,F,г. Астана,Северный район,Школа №4,ru,full,70.5,True,50.4,finalist
P00056,Александр,Петров,M,Павлодарская область,Северный район,Школа №5,ru,full,69.0,True,51.5,finalist
P00057,Анна,Новикова,F,Атырауская область,Сельский район,Школа №5,ru,single,36.4,False,,eliminated
P00058,Ольга,Волкова,F,Улытауская область,Восточный район,Школа №5,ru,full,50.4,False,,eliminated
P00059,Максим,Соколов,M,Жетысуская область,Сельский район,Школа №5,ru,full,60.0,False,,eliminated
P00060,Данияр,Бекенов,M,Западно-Казахстанская область,Южный район,Школа №5,kk,full,69.6,True,59.9,finalist
P00061,Арман,Маратов,M,Жамбылская область,Центральный район,Школа №3,kk,full,47.8,False,,eliminated
P00062,Нурлан,Нурланов,M,г. Астана, Заречный район ,Школа №5,kk,full,52.2,False,,eliminated
P00063,Жаныбек,Нурланов,M,г. Алматы,Заречный район,Школа №5,kk,single,32.4,False,,eliminated
P00064,Наргиз,Темирбеков,F,Мангистауская область,Южный район,Школа №4,kk,single,31.1,False,,eliminated
P00065,София,Морозова,F,Абайская область,Восточный район,Школа №1,ru,full,67.2,True,73.9,finalist
P00066,Артём,Иванов,M,Западно-Казахстанская область,Восточный район,Школа №4,ru,full,75.3,True,62.5,finalist
P00067,Малика,Жумабеков,F,Актюбинская область, Восточный район ,Школа №5,kk,full,53.9,False,,eliminated
P00068,Алина,Касенов,F,Акмолинская область,Сельский район,Школа №2,kk,full,70.1,True,84.3,finalist
P00069,Арман,Абилов,M,Алматинская область,Западный район,Школа №4,kk,full,60.4,False,,eliminated
P00070,Эльмира,Маратов,F,Алматинская область,Сельский район,Школа №3,kk,full,45.3,False,,eliminated
P00071,Жаныбек,Нурланов,M,Жамбылская область,Центральный район,Школа №2,kk,full,60.4,False,,eliminated
P00072,София,Петрова,F,г. Астана,Сельский район,Школа №5,ru,full,78.1,True,62.4,finalist
P00073,Ерасыл,Темирбеков,M,Павлодарская область,Сельский район,Школа №4,kk,single,48.5,False,,eliminated
P00074,Дарья,Лебедева,F,Восточно-Казахстанская область,Заречный район,Школа №3,ru,full,78.5,True,46.3,finalist
P00075,Ольга,Лебедева,F,г. Астана,Южный район,Школа №2,ru,single,9.7,False,,eliminated
P00076,Владислав,Новиков,M,г. Астана,Западный район,Школа №3,ru,full,67.3,True,66.2,finalist
P00077,Балжан,Кадыров,F,Западно-Казахстанская область,Южный район,Школа №5,kk,single,50.3,False,,eliminated
P00078,Бауыржан,Сериков,M,Жетысуская область,Заречный район,Школа №5,kk,single,44.5,False,,eliminated
P00079,Наргиз,Абилов,F,Абайская область,Центральный район,Школа №4,kk,full,56.4,False,,eliminated
P00080,Рамазан,Тулегенов,M,Улытауская область,Южный район,Школа №5,kk,full,25.2,False,,eliminated
P00081,Дана,Бекенов,F,Алматинская область,Заречный район,Школа №1,kk,single,45.7,False,,eliminated
P00082,Екатерина,Кузнецова,F,Туркестанская область,Южный район,Школа №5,ru,full,60.4,False,,eliminated
P00083,Елена,Кузнецова,F,Кызылординская область,Северный район,Школа №5,ru,full,77.2,True,66.0,finalist
P00084,Данияр,Маратов,M,Атырауская область,Заречный район,Школа №4,kk,full,47.2,False,,eliminated
P00085,Рамазан,Абилов,M,Костанайская область,Северный район,Школа №3,kk,single,36.9,False,,eliminated
P00086,Кирилл,Новиков,M,Актюбинская область,Западный район,Школа №1,ru,full,47.5,False,,eliminated
P00087,Анна,Кузнецова,F,Алматинская область,Западный район,Школа №5,ru,full,68.7,True,64.8,finalist
P00088,Мария,Новикова,F,Северо-Казахстанская область,Южный район,Школа №4,ru,full,59.9,False,,eliminated
P00089,Алтынай,Бекенов,F,Жамбылская область,Южный район,Школа №2,kk,full,47.1,False,,eliminated
P00090,Малика,Абилов,F,г. Шымкент,Восточный район,Школа №2,kk,full,62.7,False,,eliminated
P00091,Андрей,Кузнецов,M,Западно-Казахстанская область,Сельский район,Школа №5,ru,full,56.5,False,,eliminated
P00092,Сауле,Бекенов,F,Атырауская область,Южный район,Школа №1,kk,full,69.5,True,56.5,finalist
P00093,Томирис,Жумабеков,F,Северо-Казахстанская область,Центральный район,Школа №3,kk,full,44.5,False,,eliminated
P00094,Наргиз,Абилов,F,Актюбинская область,Западный район,Школа №4,kk,single,44.1,False,,eliminated
P00095,Гульнара,Касенов,F,г. Астана,Западный район,Школа №3,kk,full,49.1,False,,eliminated
P00096,Сабина,Касенов,F,Северо-Казахстанская область,Южный район,Школа №5,kk,full,33.0,False,,eliminated
P00097,Ольга,Попова,F,Павлодарская область,Южный район,Школа №1,ru,single,53.4,False,,eliminated
P00098,Дмитрий,Лебедев,M,г. Алматы,Центральный район,Школа №3,ru,full,58.9,False,,eliminated
P00099,Михаил,Иванов,M,г. Алматы,Восточный район,Школа №2,ru,full,55.1,False,,eliminated
P00100,Меруерт,Темирбеков,F,Жамбылская область,Южный район,Школа №3,kk,full,51.5,False,,eliminated
P00101,Эльмира,Бекенов,F,Восточно-Казахстанская область,Южный район,Школа №5,kk,full,33.8,False,,eliminated
P00102,Андрей,Новиков,M,Алматинская область,Заречный район,Школа №4,ru,single,42.7,False,,eliminated
P00103,Кирилл,Новиков,M,Туркестанская область,Северный район,Школа №2,ru,full,49.9,False,,eliminated
P00104,Аружан,Сериков,F,Западно-Казахстанская область,Сельский район,Школа №4,kk,full,43.0,False,,eliminated
P00105,Айгерим,Жумабеков,F,Карагандинская область,Сельский район,Школа №4,kk,single,46.6,False,,eliminated
P00106,Ерасыл,Тулегенов,M,г. Алматы,Восточный район,Школа №3,kk,single,55.1,False,,eliminated
P00107,Камила,Бекенов,F,Павлодарская область,Центральный район,Школа №4,kk,single,77.3,True,52.6,finalist
P00108,Аружан,Абилов,F,Акмолинская область,Северный район,Школа №5,kk,full,57.6,False,,eliminated
P00109,Андрей,Морозов,M,Северо-Казахстанская область,Центральный район,Школа №4,ru,single,52.9,False,,eliminated
P00110,Дана,Кадыров,F,г. Шымкент,Заречный район,Школа №1,kk,single,47.9,False,,eliminated
P00111,Мария,Попова,F,Туркестанская область,Сельский район,Школа №5,ru,full,26.2,False,,eliminated
P00112,Екатерина,Петрова,F,Павлодарская область,Центральный район,Школа №1,ru,full,54.6,False,,eliminated
P00113,Анастасия,Попова,F,Акмолинская область,Южный район,Школа №4,ru,full,55.9,False,,eliminated
P00114,Аяна,Алиев,F,Восточно-Казахстанская область,Центральный район,Школа №4,kk,full,91.9,True,48.1,finalist
P00115,Артём,Кузнецов,M,Северо-Казахстанская область,Заречный район,Школа №3,ru,full,52.1,False,,eliminated
P00116,Дария,Касенов,F,г. Алматы,Северный район,Школа №3,kk,single,53.5,False,,eliminated
P00117,Дмитрий,Новиков,M,Карагандинская область,Северный район,Школа №4,ru,full,54.5,False,,eliminated
P00118,Данияр,Маратов,M,Карагандинская область,Центральный район,Школа №4,kk,full,37.5,False,,eliminated
P00119,Анастасия,Волкова,F,Туркестанская область,Сельский район,Школа №3,ru,single,66.1,True,46.0,finalist
P00120,Владислав,Кузнецов,M,г. Шымкент,Южный район,Школа №2,ru,full,66.3,True,74.8,finalist
P00121,Дария,Абилов,F,Акмолинская область,Западный район,Школа №2,kk,full,66.9,True,48.4,finalist
P00122,Артём,Кузнецов,M,Атырауская область,Сельский район,Школа №3,ru,full,41.4,False,,eliminated
P00123,Елена,Новикова,F,Карагандинская область,Заречный район,Школа №1,ru,full,76.0,True,61.9,finalist
P00124,Владислав,Лебедев,M,г. Алматы,Южный район,Школа №4,ru,full,34.0,False,,eliminated
P00125,Дана,Сатпаев,F,Мангистауская область,Сельский район,Школа №3,kk,full,63.8,False,,eliminated
P00126,Темирлан,Кадыров,M,г. Шымкент,Северный район,Школа №4,kk,single,81.9,True,56.8,finalist
P00127,Арман,Темирбеков,M,Акмолинская область,Южный район,Школа №1,kk,full,40.1,False,,eliminated
P00128,Меруерт,Кадыров,F,г. Алматы,Восточный район,Школа №2,kk,single,40.5,False,,eliminated
P00129,София,Лебедева,F,Западно-Казахстанская область,Центральный район,Школа №2,ru,full,56.5,False,,eliminated
P00130,Анна,Попова,F,г. Алматы,Заречный район,Школа №4,ru,full,47.4,False,,eliminated
P00131,Ольга,Петрова,F,Жамбылская область,Заречный район,Школа №1,ru,full,31.7,False,,eliminated
P00132,Никита,Кузнецов,M,Актюбинская область,Сельский район,Школа №2,ru,full,56.0,False,,eliminated
P00133,Аружан,Сатпаев,F,Абайская область,Южный район,Школа №2,kk,single,33.1,False,,eliminated
P00134,Анна,Иванова,F,Атырауская область,Центральный район,Школа №2,ru,full,62.1,False,,eliminated
P00135,Арман,Маратов,M,Павлодарская область,Западный район,Школа №1,kk,full,41.2,False,,eliminated
P00136,Алтынай,Абилов,F,Улытауская область,Северный район,Школа №1,kk,single,72.2,True,65.6,finalist
P00137,Елена,Новикова,F,Абайская область,Центральный район,Школа №4,ru,full,43.3,False,,eliminated
P00138,Максим,Петров,M,Актюбинская область,Южный район,Школа №1,ru,full,50.2,False,,eliminated
P00139,Динара,Нурланов,F,г. Шымкент,Западный район,Школа №5,kk,full,67.2,True,56.7,finalist
P00140,Михаил,Кузнецов,M,Павлодарская область,Восточный район,Школа №4,ru,full,36.5,False,,eliminated
P00141,Алмат,Кадыров,M,Павлодарская область,Южный район,Школа №3,kk,single,52.4,False,,eliminated
P00142,Алина,Сериков,F,Актюбинская область,Восточный район,Школа №3,kk,single,68.6,True,71.4,finalist
P00143,Сауле,Тулегенов,F,Костанайская область,Заречный район,Школа №3,kk,single,24.9,False,,eliminated
P00144,Айдана,Жумабеков,F,г. Шымкент,Южный район,Школа №5,kk,full,57.8,False,,eliminated
P00145,Алмат,Кадыров,M,г. Алматы,Южный район,Школа №3,kk,full,58.9,False,,eliminated
P00146,София,Волкова,F,г. Алматы,Центральный район,Школа №3,ru,full,66.7,True,66.5,finalist
P00147,Иван,Попов,M,Абайская область,Северный район,Школа №5,ru,full,36.4,False,,eliminated
P00148,Александр,Петров,M,Улытауская область,Северный район,Школа №4,ru,full,35.2,False,,eliminated
P00149,Никита,Волков,M,Актюбинская область,Центральный район,Школа №5,ru,full,62.8,False,,eliminated
P00150,Нурлан,Абилов,M,г. Шымкент,Восточный район,Школа №2,kk,single,53.5,False,,eliminated
P00151,Данияр,Касенов,M,г. Астана,Восточный район,Школа №3,kk,full,58.8,False,,eliminated
P00152,Адильхан,Бекенов,M,Карагандинская область,Северный район,Школа №3,kk,full,60.2,False,,eliminated
P00153,Нурлан,Алиев,M,Атырауская область,Восточный район,Школа №2,kk,full,44.8,False,,eliminated
P00154,Анна,Лебедева,F,Акмолинская область, Восточный район ,Школа №1,ru,single,52.5,False,,eliminated
P00155,Малика,Жумабеков,F,Алматинская область, Восточный район ,Школа №3,kk,full,59.4,False,,eliminated
P00156,Жансая,Сериков,F,Павлодарская область,Сельский район,Школа №4,kk,full,44.3,False,,eliminated
P00157,Дария,Маратов,F,Костанайская область,Северный район,Школа №2,kk,full,83.0,True,66.6,finalist
P00158,Балжан,Кадыров,F,Кызылординская область,Заречный район,Школа №2,kk,full,62.1,False,,eliminated
P00159,Шынгыс,Алиев,M,Актюбинская область,Северный район,Школа №4,kk,full,37.1,False,,eliminated
P00160,Томирис,Касенов,F,г. Шымкент,Южный район,Школа №3,kk,full,64.8,False,,eliminated
P00161,Данияр,Жумабеков,M,г. Астана,Центральный район,Школа №1,kk,full,40.4,False,,eliminated
P00162,Данияр,Сериков,M,Актюбинская область,Западный район,Школа №4,kk,full,66.8,True,40.1,finalist
P00163,Анастасия,Новикова,F,г. Астана,Заречный район,Школа №5,ru,full,72.4,True,63.9,finalist
P00164,Алмат,Кадыров,M,Актюбинская область,Западный район,Школа №1,kk,full,42.7,False,,eliminated
P00165,Санжар,Сатпаев,M,Восточно-Казахстанская область,Южный район,Школа №3,kk,full,69.5,True,74.5,finalist
P00166,Анастасия,Попова,F,Актюбинская область,Южный район,Школа №4,ru,full,61.2,False,,eliminated
P00167,София,Смирнова,F,Костанайская область,Центральный район,Школа №2,ru,single,61.3,False,,eliminated
P00168,Кирилл,Смирнов,M,г. Шымкент,Заречный район,Школа №3,ru,full,83.5,True,63.2,finalist
P00169,Аружан,Касенов,F,Улытауская область,Центральный район,Школа №4,kk,full,51.3,False,,eliminated
P00170,Бауыржан,Кадыров,M,Туркестанская область,Северный район,Школа №2,kk,full,43.7,False,,eliminated
P00171,Михаил,Морозов,M,Улытауская область,Центральный район,Школа №5,ru,full,41.7,False,,eliminated
P00172,Шынгыс,Алиев,M,Северо-Казахстанская область,Центральный район,Школа №2,kk,single,36.8,False,,eliminated
P00173,Ольга,Кузнецова,F,г. Алматы,Северный район,Школа №4,ru,single,47.8,False,,eliminated
P00174,Никита,Новиков,M,Северо-Казахстанская область,Сельский район,Школа №4,ru,full,60.1,False,,eliminated
P00175,Бауыржан,Сатпаев,M,Атырауская область,Сельский район,Школа №4,kk,single,53.2,False,,eliminated
P00176,Сабина,Сериков,F,Карагандинская область,Центральный район,Школа №3,kk,full,67.4,True,86.6,finalist
P00177,Анна,Кузнецова,F,Северо-Казахстанская область,Южный район,Школа №4,ru,full,55.2,False,,eliminated
P00178,Алина,Кадыров,F,Жетысуская область,Центральный район,Школа №1,kk,single,70.8,True,42.8,finalist
P00179,Дарья,Иванова,F,Карагандинская область,Сельский район,Школа №2,ru,single,45.0,False,,eliminated
P00180,Алихан,Темирбеков,M,Западно-Казахстанская область,Северный район,Школа №5,kk,single,89.8,True,65.2,finalist
P00181,Дария,Бекенов,F,Карагандинская область,Центральный район,Школа №4,kk,full,64.4,False,,eliminated
P00182,Наргиз,Сатпаев,F,г. Алматы,Центральный район,Школа №5,kk,full,42.1,False,,eliminated
P00183,Шынгыс,Кадыров,M,Жетысуская область,Западный район,Школа №1,kk,full,38.9,False,,eliminated
P00184,Михаил,Морозов,M,Улытауская область, Западный район ,Школа №4,ru,full,62.2,False,,eliminated
P00185,Адильхан,Кадыров,M,Актюбинская область,Южный район,Школа №1,kk,single,45.6,False,,eliminated
P00186,Айдана,Кадыров,F,г. Алматы,Южный район,Школа №2,kk,single,59.7,False,,eliminated
P00187,Ольга,Смирнова,F,Атырауская область,Центральный район,Школа №4,ru,full,62.1,False,,eliminated
P00188,Александр,Попов,M,Карагандинская область,Западный район,Школа №5,ru,full,53.9,False,,eliminated
P00189,Данияр,Кадыров,M,Акмолинская область,Сельский район,Школа №3,kk,full,42.3,False,,eliminated
P00190,Максим,Лебедев,M,Костанайская область,Северный район,Школа №4,ru,full,32.3,False,,eliminated
P00191,Алина,Маратов,F,Павлодарская область,Центральный район,Школа №2,kk,full,48.3,False,,eliminated
P00192,Данияр,Жумабеков,M,Северо-Казахстанская область,Западный район,Школа №2,kk,full,67.8,True,64.5,finalist
P00193,Ержан,Сатпаев,M,Павлодарская область,Южный район,Школа №1,kk,full,58.2,False,,eliminated
P00194,Аяна,Темирбеков,F,Атырауская область,Сельский район,Школа №4,kk,full,36.3,False,,eliminated
P00195,Иван,Попов,M,Мангистауская область,Западный район,Школа №2,ru,full,57.6,False,,eliminated
P00196,Алина,Сатпаев,F,Атырауская область,Западный район,Школа №3,kk,full,60.8,False,,eliminated
P00197,Аян,Абилов,M,Улытауская область,Восточный район,Школа №1,kk,full,41.7,False,,eliminated
P00198,Шынгыс,Жумабеков,M,Туркестанская область,Северный район,Школа №1,kk,full,57.3,False,,eliminated
P00199,Алина,Касенов,F,Костанайская область,Заречный район,Школа №1,kk,full,55.9,False,,eliminated
P00200,Аян,Маратов,M,Восточно-Казахстанская область,Сельский район,Школа №2,kk,full,37.9,False,,eliminated
P00201,Рамазан,Темирбеков,M,Кызылординская область,Западный район,Школа №4,kk,single,54.4,False,,eliminated
P00202,Алина,Сериков,F,Карагандинская область,Восточный район,Школа №4,kk,full,63.4,False,,eliminated
P00203,Анна,Смирнова,F,Костанайская область,Заречный район,Школа №4,ru,full,71.2,True,66.8,finalist
P00204,Михаил,Волков,M,Восточно-Казахстанская область,Сельский район,Школа №4,ru,full,70.8,True,74.2,finalist
P00205,Полина,Смирнова,F,Карагандинская область,Северный район,Школа №2,ru,full,34.3,False,,eliminated
P00206,Анна,Соколова,F,Жамбылская область,Заречный район,Школа №3,ru,full,40.9,False,,eliminated
P00207,Санжар,Касенов,M,Восточно-Казахстанская область,Западный район,Школа №2,kk,full,62.7,False,,eliminated
P00208,Ксения,Волкова,F,Акмолинская область,Сельский район,Школа №1,ru,full,62.7,False,,eliminated
P00209,Балжан,Сатпаев,F,Павлодарская область,Западный район,Школа №4,kk,single,56.7,False,,eliminated
P00210,Дария,Абилов,F,Жетысуская область,Сельский район,Школа №4,kk,full,100.0,True,65.7,finalist
P00211,Олжас,Нурланов,M,Туркестанская область,Восточный район,Школа №5,kk,full,63.6,False,,eliminated
P00212,Жансая,Нурланов,F,Атырауская область,Сельский район,Школа №5,kk,full,72.0,True,52.1,finalist
P00213,Олжас,Бекенов,M,Атырауская область,Центральный район,Школа №4,kk,single,63.3,False,,eliminated
P00214,Артём,Попов,M,г. Астана,Заречный район,Школа №2,ru,full,64.8,False,,eliminated
P00215,Дария,Абилов,F,Абайская область,Центральный район,Школа №5,kk,full,50.3,False,,eliminated
P00216,Айдар,Темирбеков,M,Карагандинская область,Восточный район,Школа №4,kk,full,66.4,True,71.1,finalist
P00217,Арман,Жумабеков,M,Кызылординская область,Сельский район,Школа №1,kk,full,43.4,False,,eliminated
P00218,Сауле,Жумабеков,F,Актюбинская область,Восточный район,Школа №5,kk,full,51.4,False,,eliminated
P00219,Анна,Смирнова,F,Алматинская область,Восточный район,Школа №3,ru,full,47.7,False,,eliminated
P00220,Шынгыс,Тулегенов,M,Мангистауская область,Западный район,Школа №1,kk,full,56.2,False,,eliminated
P00221,Олжас,Алиев,M,г. Шымкент,Западный район,Школа №5,kk,full,89.7,True,86.4,finalist
P00222,Данияр,Сатпаев,M,Костанайская область,Западный район,Школа №5,kk,full,27.0,False,,eliminated
P00223,Айгерим,Кадыров,F,Костанайская область,Заречный район,Школа №4,kk,full,65.3,False,,eliminated
P00224,Анастасия,Волкова,F,Туркестанская область,Южный район,Школа №5,ru,full,30.8,False,,eliminated
P00225,Аяна,Тулегенов,F,г. Шымкент,Сельский район,Школа №2,kk,single,41.9,False,,eliminated
P00226,Алмат,Бекенов,M,Абайская область,Восточный район,Школа №2,kk,full,71.3,True,52.1,finalist
P00227,Шынгыс,Абилов,M,Акмолинская область,Заречный район,Школа №2,kk,full,56.0,False,,eliminated
P00228,Камила,Кадыров,F,Восточно-Казахстанская область,Восточный район,Школа №3,kk,full,38.8,False,,eliminated
P00229,Елена,Волкова,F,Туркестанская область,Северный район,Школа №3,ru,full,44.3,False,,eliminated
P00230,Дмитрий,Соколов,M,Жамбылская область,Заречный район,Школа №3,ru,full,65.2,False,,eliminated
P00231,Елена,Соколова,F,Алматинская область,Западный район,Школа №4,ru,single,38.0,False,,eliminated
P00232,Арман,Жумабеков,M,Акмолинская область,Южный район,Школа №1,kk,full,58.2,False,,eliminated
P00233,Рамазан,Бекенов,M,Жамбылская область,Сельский район,Школа №5,kk,full,55.7,False,,eliminated
P00234,Тимур,Бекенов,M,Жетысуская область,Центральный район,Школа №5,kk,full,45.2,False,,eliminated
P00235,Ерасыл,Маратов,M,Туркестанская область,Центральный район,Школа №2,kk,full,87.2,True,68.7,finalist
P00236,Мария,Новикова,F,Туркестанская область,Заречный район,Школа №3,ru,full,64.5,False,,eliminated
P00237,Анна,Волкова,F,Жетысуская область,Западный район,Школа №1,ru,single,18.6,False,,eliminated
P00238,Артём,Иванов,M,Мангистауская область,Сельский район,Школа №3,ru,single,51.8,False,,eliminated
P00239,Алмат,Кадыров,M,Карагандинская область,Восточный район,Школа №5,kk,full,45.1,False,,eliminated
P00240,Сабина,Абилов,F,Западно-Казахстанская область,Северный район,Школа №3,kk,full,67.8,True,75.1,finalist
P00241,Аян,Темирбеков,M,Костанайская область,Сельский район,Школа №2,kk,full,43.1,False,,eliminated
P00242,Мария,Морозова,F,Костанайская область,Центральный район,Школа №1,ru,full,53.3,False,,eliminated
P00243,Бекжан,Темирбеков,M,Западно-Казахстанская область,Восточный район,Школа №3,kk,single,56.6,False,,eliminated
P00244,Александр,Соколов,M,Кызылординская область,Заречный район,Школа №1,ru,full,68.0,True,72.9,finalist
P00245,Дмитрий,Петров,M,Карагандинская область,Южный район,Школа №2,ru,single,31.0,False,,eliminated
P00246,Шынгыс,Кадыров,M,Павлодарская область,Заречный район,Школа №4,kk,single,44.0,False,,eliminated
P00247,Екатерина,Волкова,F,Актюбинская область,Западный район,Школа №3,ru,full,47.9,False,,eliminated
P00248,Сауле,Тулегенов,F,Жамбылская область,Западный район,Школа №2,kk,full,45.2,False,,eliminated
P00249,Балжан,Маратов,F,г. Астана,Восточный район,Школа №5,kk,full,81.5,True,74.8,finalist
P00250,Нурлан,Абилов,M,г. Астана,Центральный район,Школа №3,kk,single,55.1,False,,eliminated
P00251,Владислав,Волков,M,Актюбинская область,Центральный район,Школа №1,ru,full,36.1,False,,eliminated
P00252,Максим,Иванов,M,Карагандинская область,Восточный район,Школа №2,ru,single,62.8,False,,eliminated
P00253,Малика,Кадыров,F,Мангистауская область,Восточный район,Школа №4,kk,full,86.8,True,59.4,finalist
P00254,Полина,Смирнова,F,Кызылординская область,Центральный район,Школа №5,ru,full,70.5,True,47.2,finalist
P00255,Александр,Иванов,M,Карагандинская область,Восточный район,Школа №5,ru,full,32.2,False,,eliminated
P00256,Олжас,Кадыров,M,Атырауская область,Южный район,Школа №1,kk,full,47.7,False,,eliminated
P00257,Айгерим,Бекенов,F,Жамбылская область,Центральный район,Школа №1,kk,full,74.0,True,60.1,finalist
P00258,Екатерина,Иванова,F,Мангистауская область,Восточный район,Школа №2,ru,single,38.4,False,,eliminated
P00259,Дария,Бекенов,F,г. Астана,Южный район,Школа №3,kk,full,61.7,False,,eliminated
P00260,Полина,Кузнецова,F,Павлодарская область,Южный район,Школа №5,ru,single,60.6,False,,eliminated
P00261,Мария,Морозова,F,Туркестанская область,Центральный район,Школа №4,ru,single,35.1,False,,eliminated
P00262,Арман,Жумабеков,M,Мангистауская область,Северный район,Школа №4,kk,full,54.1,False,,eliminated
P00263,Артём,Новиков,M,Акмолинская область,Западный район,Школа №4,ru,full,6.4,False,,eliminated
P00264,Бауыржан,Кадыров,M,Актюбинская область,Восточный район,Школа №1,kk,full,39.6,False,,eliminated
P00265,Камила,Касенов,F,г. Шымкент,Западный район,Школа №1,kk,full,51.2,False,,eliminated
P00266,Полина,Кузнецова,F,Туркестанская область,Северный район,Школа №3,ru,full,36.3,False,,eliminated
P00267,Балжан,Маратов,F,Алматинская область,Заречный район,Школа №4,kk,single,73.5,True,78.1,finalist
P00268,Мария,Кузнецова,F,г. Алматы,Южный район,Школа №4,ru,full,33.5,False,,eliminated
P00269,Жансая,Тулегенов,F,Туркестанская область,Восточный район,Школа №4,kk,single,42.4,False,,eliminated
P00270,Ерасыл,Нурланов,M,Акмолинская область,Западный район,Школа №2,kk,full,57.0,False,,eliminated
P00271,Малика,Жумабеков,F,Атырауская область,Северный район,Школа №4,kk,full,76.6,True,80.5,finalist
P00272,Ерасыл,Жумабеков,M,Туркестанская область,Заречный район,Школа №4,kk,full,33.5,False,,eliminated
P00273,Аружан,Маратов,F,г. Алматы,Восточный район,Школа №5,kk,single,66.4,True,50.6,finalist
P00274,Алина,Касенов,F,Акмолинская область, Сельский район ,Школа №2,kk,single,49.2,False,,eliminated
P00275,Александр,Кузнецов,M,Улытауская область,Восточный район,Школа №5,ru,full,40.3,False,,eliminated
P00276,Ольга,Иванова,F,Абайская область,Западный район,Школа №1,ru,full,61.9,False,,eliminated
P00277,Дария,Темирбеков,F,Улытауская область,Сельский район,Школа №4,kk,single,52.0,False,,eliminated
P00278,Алтынай,Тулегенов,F,Атырауская область,Северный район,Школа №5,kk,full,46.0,False,,eliminated
P00279,Андрей,Попов,M,Мангистауская область,Восточный район,Школа №2,ru,full,56.0,False,,eliminated
P00280,Айдана,Сериков,F,Мангистауская область,Восточный район,Школа №4,kk,full,49.2,False,,eliminated
P00281,Рамазан,Нурланов,M,Костанайская область,Западный район,Школа №1,kk,single,50.7,False,,eliminated
P00282,Томирис,Абилов,F,Западно-Казахстанская область,Центральный район,Школа №3,kk,single,58.9,False,,eliminated
P00283,Динара,Темирбеков,F,Жамбылская область,Западный район,Школа №4,kk,single,72.8,True,77.3,finalist
P00284,Тимур,Нурланов,M,г. Алматы,Южный район,Школа №2,kk,single,30.4,False,,eliminated
P00285,Жансая,Темирбеков,F,Алматинская область,Восточный район,Школа №1,kk,full,87.0,True,84.4,finalist
P00286,Мария,Попова,F,Абайская область,Заречный район,Школа №4,ru,full,25.7,False,,eliminated
P00287,Кирилл,Смирнов,M,г. Астана,Заречный район,Школа №5,ru,full,52.7,False,,eliminated
P00288,Дамир,Алиев,M,Мангистауская область,Заречный район,Школа №2,kk,single,57.8,False,,eliminated
P00289,Адильхан,Жумабеков,M,Северо-Казахстанская область,Южный район,Школа №1,kk,full,59.2,False,,eliminated
P00290,Темирлан,Тулегенов,M,Павлодарская область, Центральный район ,Школа №3,kk,full,45.7,False,,eliminated
P00291,Мария,Иванова,F,Карагандинская область,Восточный район,Школа №1,ru,single,45.9,False,,eliminated
P00292,Екатерина,Волкова,F,Улытауская область,Северный район,Школа №2,ru,full,47.6,False,,eliminated
P00293,Алихан,Алиев,M,Павлодарская область,Южный район,Школа №4,kk,single,40.2,False,,eliminated
P00294,Максим,Волков,M,г. Шымкент,Северный район,Школа №2,ru,full,67.7,True,54.0,finalist
P00295,Эльмира,Нурланов,F,Костанайская область,Восточный район,Школа №5,kk,full,60.4,False,,eliminated
P00296,Владислав,Новиков,M,Костанайская область,Северный район,Школа №3,ru,full,44.6,False,,eliminated
P00297,Томирис,Бекенов,F,Костанайская область,Восточный район,Школа №4,kk,full,68.5,True,66.0,finalist
P00298,Сауле,Алиев,F,г. Алматы,Центральный район,Школа №4,kk,single,53.6,False,,eliminated
P00299,Андрей,Лебедев,M,Туркестанская область,Северный район,Школа №2,ru,full,67.2,True,73.4,finalist
P00300,Жаныбек,Сериков,M,Северо-Казахстанская область,Западный район,Школа №4,kk,full,64.4,False,,eliminated
P00301,Мария,Морозова,F,Акмолинская область,Сельский район,Школа №5,ru,full,42.6,False,,eliminated
P00302,Гульнара,Касенов,F,Кызылординская область,Северный район,Школа №1,kk,full,46.6,False,,eliminated
P00303,Динара,Нурланов,F,Алматинская область,Центральный район,Школа №2,kk,full,66.2,True,75.3,finalist
P00304,Томирис,Бекенов,F,Северо-Казахстанская область,Южный район,Школа №5,kk,full,64.2,False,,eliminated
P00305,Максим,Петров,M,Карагандинская область,Восточный район,Школа №1,ru,full,54.7,False,,eliminated
P00306,Дария,Кадыров,F,Северо-Казахстанская область,Сельский район,Школа №4,kk,full,56.8,False,,eliminated
P00307,Максим,Попов,M,Актюбинская область,Южный район,Школа №1,ru,full,74.2,True,63.5,finalist
P00308,Аян,Маратов,M,Жетысуская область,Западный район,Школа №2,kk,full,46.1,False,,eliminated
P00309,Жаныбек,Касенов,M,Восточно-Казахстанская область,Северный район,Школа №4,kk,full,63.2,False,,eliminated
P00310,Ольга,Волкова,F,Павлодарская область, Восточный район ,Школа №2,ru,full,52.0,False,,eliminated
P00311,Анна,Волкова,F,Алматинская область,Сельский район,Школа №2,ru,full,51.7,False,,eliminated
P00312,Рамазан,Тулегенов,M,Костанайская область,Западный район,Школа №4,kk,full,71.5,True,79.8,finalist
P00313,Никита,Смирнов,M,Карагандинская область,Западный район,Школа №2,ru,full,67.4,True,55.3,finalist
P00314,Ержан,Маратов,M,Атырауская область,Западный район,Школа №5,kk,full,67.2,True,67.3,finalist
P00315,Темирлан,Маратов,M,Восточно-Казахстанская область,Западный район,Школа №3,kk,full,74.6,True,57.1,finalist
P00316,Айдар,Кадыров,M,Абайская область,Восточный район,Школа №4,kk,single,49.3,False,,eliminated
P00317,Наргиз,Нурланов,F,Северо-Казахстанская область,Восточный район,Школа №5,kk,full,65.2,False,,eliminated
P00318,Дана,Бекенов,F,г. Алматы,Южный район,Школа №4,kk,full,50.3,False,,eliminated
P00319,Сабина,Сериков,F,г. Астана,Центральный район,Школа №5,kk,single,53.9,False,,eliminated
P00320,Александр,Новиков,M,г. Алматы,Северный район,Школа №1,ru,single,47.0,False,,eliminated
P00321,Айдана,Абилов,F,Западно-Казахстанская область,Южный район,Школа №1,kk,full,56.5,False,,eliminated
P00322,Екатерина,Кузнецова,F,г. Астана,Заречный район,Школа №5,ru,full,63.9,False,,eliminated
P00323,Бауыржан,Бекенов,M,Акмолинская область,Западный район,Школа №3,kk,full,42.7,False,,eliminated
P00324,Дмитрий,Соколов,M,г. Астана,Южный район,Школа №5,ru,single,80.4,True,67.5,finalist
P00325,Малика,Темирбеков,F,Западно-Казахстанская область,Сельский район,Школа №2,kk,full,39.9,False,,eliminated
P00326,Мария,Новикова,F,Атырауская область,Западный район,Школа №4,ru,full,36.8,False,,eliminated
P00327,Андрей,Лебедев,M,Улытауская область,Заречный район,Школа №3,ru,full,72.4,True,58.8,finalist
P00328,Алина,Маратов,F,Северо-Казахстанская область,Заречный район,Школа №3,kk,single,60.9,False,,eliminated
P00329,Малика,Бекенов,F,Туркестанская область,Южный район,Школа №3,kk,full,64.4,False,,eliminated
P00330,Наргиз,Кадыров,F,Акмолинская область,Центральный район,Школа №4,kk,full,64.4,False,,eliminated
P00331,Меруерт,Темирбеков,F,Павлодарская область,Северный район,Школа №2,kk,single,48.8,False,,eliminated
P00332,Дмитрий,Петров,M,Кызылординская область,Южный район,Школа №2,ru,full,41.5,False,,eliminated
P00333,Екатерина,Лебедева,F,Актюбинская область,Заречный район,Школа №2,ru,full,56.1,False,,eliminated
P00334,Олжас,Темирбеков,M,Абайская область,Заречный район,Школа №1,kk,single,38.8,False,,eliminated
P00335,Алихан,Бекенов,M,Мангистауская область,Центральный район,Школа №1,kk,full,69.6,True,55.7,finalist
P00336,Жаныбек,Алиев,M,Атырауская область,Центральный район,Школа №1,kk,full,52.8,False,,eliminated
P00337,Бауыржан,Касенов,M,Атырауская область,Восточный район,Школа №4,kk,single,36.6,False,,eliminated
P00338,Алмат,Сатпаев,M,Мангистауская область,Южный район,Школа №3,kk,single,44.2,False,,eliminated
P00339,Бекжан,Тулегенов,M,г. Шымкент,Западный район,Школа №3,kk,single,55.2,False,,eliminated
P00340,Елена,Кузнецова,F,Улытауская область,Западный район,Школа №4,ru,full,46.5,False,,eliminated
P00341,Владислав,Новиков,M,Мангистауская область,Центральный район,Школа №5,ru,full,42.7,False,,eliminated
P00342,Жансая,Кадыров,F,Атырауская область,Восточный район,Школа №5,kk,full,58.7,False,,eliminated
P00343,Наргиз,Сериков,F,Абайская область,Западный район,Школа №3,kk,full,58.7,False,,eliminated
P00344,Мария,Морозова,F,Карагандинская область,Заречный район,Школа №4,ru,full,47.4,False,,eliminated
P00345,Темирлан,Сатпаев,M,Атырауская область,Южный район,Школа №1,kk,full,47.9,False,,eliminated
P00346,Михаил,Попов,M,Мангистауская область,Западный район,Школа №1,ru,full,58.5,False,,eliminated
P00347,Владислав,Иванов,M,Жетысуская область,Центральный район,Школа №1,ru,full,33.3,False,,eliminated
P00348,Аяна,Сериков,F,Абайская область,Заречный район,Школа №1,kk,full,33.9,False,,eliminated
P00349,Дана,Алиев,F,Кызылординская область,Северный район,Школа №3,kk,single,38.2,False,,eliminated
P00350,Иван,Лебедев,M,Западно-Казахстанская область,Западный район,Школа №5,ru,full,51.8,False,,eliminated
P00351,Айдана,Абилов,F,г. Астана,Северный район,Школа №3,kk,single,53.7,False,,eliminated
P00352,Анна,Кузнецова,F,Улытауская область,Центральный район,Школа №1,ru,full,77.1,True,69.5,finalist
P00353,Арман,Алиев,M,Акмолинская область,Западный район,Школа №4,kk,full,67.9,True,67.0,finalist
P00354,Иван,Соколов,M,Актюбинская область,Западный район,Школа №5,ru,full,52.6,False,,eliminated
P00355,Санжар,Темирбеков,M,Мангистауская область,Центральный район,Школа №3,kk,single,48.7,False,,eliminated
P00356,Олжас,Темирбеков,M,Кызылординская область,Северный район,Школа №3,kk,single,34.0,False,,eliminated
P00357,Рамазан,Бекенов,M,г. Алматы,Сельский район,Школа №2,kk,full,54.7,False,,eliminated
P00358,Ержан,Касенов,M,Абайская область, Южный район ,Школа №4,kk,single,44.7,False,,eliminated
P00359,Сабина,Бекенов,F,Павлодарская область,Восточный район,Школа №2,kk,single,53.8,False,,eliminated
P00360,Михаил,Лебедев,M,Кызылординская область,Восточный район,Школа №1,ru,full,42.6,False,,eliminated
P00361,Камила,Сериков,F,г. Астана,Западный район,Школа №2,kk,full,62.8,False,,eliminated
P00362,Жаныбек,Маратов,M,Костанайская область,Южный район,Школа №2,kk,full,78.0,True,66.4,finalist
P00363,Никита,Петров,M,Атырауская область,Центральный район,Школа №4,ru,full,53.4,False,,eliminated
P00364,Бауыржан,Абилов,M,Карагандинская область,Восточный район,Школа №1,kk,full,61.0,False,,eliminated
P00365,Эльмира,Темирбеков,F,Жамбылская область,Сельский район,Школа №2,kk,full,65.4,False,,eliminated
P00366,Санжар,Темирбеков,M,Карагандинская область,Южный район,Школа №2,kk,full,49.0,False,,eliminated
P00367,Темирлан,Бекенов,M,Алматинская область,Восточный район,Школа №2,kk,full,58.4,False,,eliminated
P00368,Владислав,Смирнов,M,Жамбылская область,Сельский район,Школа №1,ru,full,55.2,False,,eliminated
P00369,Александр,Петров,M,Жамбылская область,Заречный район,Школа №2,ru,full,56.5,False,,eliminated
P00370,Анна,Иванова,F,Северо-Казахстанская область,Центральный район,Школа №5,ru,full,43.4,False,,eliminated
P00371,Камила,Касенов,F,Павлодарская область,Северный район,Школа №2,kk,full,55.4,False,,eliminated
P00372,Шынгыс,Сатпаев,M,г. Шымкент,Северный район,Школа №4,kk,full,62.5,False,,eliminated
P00373,Дана,Нурланов,F,Атырауская область,Восточный район,Школа №5,kk,full,76.8,True,51.8,finalist
P00374,Айгерим,Нурланов,F,Кызылординская область,Восточный район,Школа №4,kk,full,69.4,True,64.2,finalist
P00375,Дана,Алиев,F,Абайская область,Южный район,Школа №1,kk,single,81.3,True,70.2,finalist
P00376,Наргиз,Тулегенов,F,Кызылординская область,Сельский район,Школа №2,kk,single,37.5,False,,eliminated
P00377,Дмитрий,Морозов,M,Акмолинская область,Сельский район,Школа №2,ru,full,68.1,True,95.9,finalist
P00378,Аяна,Алиев,F,Жетысуская область,Западный район,Школа №3,kk,single,51.8,False,,eliminated
P00379,Никита,Волков,M,Атырауская область,Западный район,Школа №4,ru,full,87.8,True,72.3,finalist
P00380,Айдар,Бекенов,M,г. Шымкент, Северный район ,Школа №4,kk,full,42.9,False,,eliminated
P00381,Аружан,Кадыров,F,Восточно-Казахстанская область,Сельский район,Школа №3,kk,full,42.4,False,,eliminated
P00382,Артём,Петров,M,Улытауская область,Сельский район,Школа №1,ru,full,46.0,False,,eliminated
P00383,Алтынай,Кадыров,F,Карагандинская область,Южный район,Школа №2,kk,single,17.1,False,,eliminated
P00384,Рамазан,Касенов,M,Костанайская область,Северный район,Школа №5,kk,full,47.1,False,,eliminated
P00385,Екатерина,Волкова,F,Восточно-Казахстанская область,Восточный район,Школа №3,ru,full,43.6,False,,eliminated
P00386,София,Лебедева,F,г. Астана,Центральный район,Школа №3,ru,single,51.3,False,,eliminated
P00387,Томирис,Сериков,F,Туркестанская область,Северный район,Школа №1,kk,full,60.1,False,,eliminated
P00388,Алина,Маратов,F,Костанайская область, Восточный район ,Школа №2,kk,full,83.1,True,46.8,finalist
P00389,Алмат,Маратов,M,Абайская область,Центральный район,Школа №4,kk,single,63.3,False,,eliminated
P00390,Камила,Кадыров,F,г. Алматы,Восточный район,Школа №4,kk,single,40.3,False,,eliminated
P00391,Екатерина,Смирнова,F,Северо-Казахстанская область,Центральный район,Школа №1,ru,full,41.5,False,,eliminated
P00392,Андрей,Попов,M,Восточно-Казахстанская область,Восточный район,Школа №1,ru,full,62.4,False,,eliminated
P00393,Эльмира,Сатпаев,F,Туркестанская область,Заречный район,Школа №2,kk,full,35.2,False,,eliminated
P00394,Ерасыл,Бекенов,M,Жамбылская область,Восточный район,Школа №5,kk,full,82.5,True,66.8,finalist
P00395,Айдар,Нурланов,M,г. Астана,Западный район,Школа №2,kk,full,72.7,True,48.1,finalist
P00396,Шынгыс,Абилов,M,Жамбылская область, Центральный район ,Школа №2,kk,full,48.0,False,,eliminated
P00397,Алтынай,Жумабеков,F,Мангистауская область,Восточный район,Школа №3,kk,full,29.3,False,,eliminated
P00398,Камила,Кадыров,F,Восточно-Казахстанская область,Восточный район,Школа №4,kk,full,75.3,True,73.8,finalist
P00399,Айдар,Алиев,M,Алматинская область,Центральный район,Школа №5,kk,full,53.3,False,,eliminated
P00400,Айдана,Нурланов,F,Улытауская область,Восточный район,Школа №4,kk,full,73.6,True,68.7,finalist
P00401,Жаныбек,Маратов,M,Акмолинская область,Западный район,Школа №5,kk,single,25.1,False,,eliminated
P00402,Алтынай,Абилов,F,Восточно-Казахстанская область,Северный район,Школа №2,kk,full,46.0,False,,eliminated
P00403,Кирилл,Кузнецов,M,Атырауская область,Сельский район,Школа №3,ru,single,49.1,False,,eliminated
P00404,Камила,Тулегенов,F,Мангистауская область,Западный район,Школа №3,kk,full,55.7,False,,eliminated
P00405,Эльмира,Сатпаев,F,Улытауская область,Сельский район,Школа №4,kk,full,48.2,False,,eliminated
P00406,Алтынай,Сериков,F,г. Астана,Сельский район,Школа №3,kk,single,58.3,False,,eliminated
P00407,Елена,Лебедева,F,Туркестанская область,Западный район,Школа №1,ru,full,39.0,False,,eliminated
P00408,Жаныбек,Темирбеков,M,Мангистауская область,Южный район,Школа №1,kk,single,46.9,False,,eliminated
P00409,Анастасия,Попова,F,Карагандинская область,Южный район,Школа №4,ru,single,50.8,False,,eliminated
P00410,Екатерина,Смирнова,F,Карагандинская область,Заречный район,Школа №3,ru,full,62.7,False,,eliminated
P00411,Бауыржан,Абилов,M,Жамбылская область,Сельский район,Школа №4,kk,single,59.7,False,,eliminated
P00412,Полина,Смирнова,F,Актюбинская область,Южный район,Школа №4,ru,full,38.1,False,,eliminated
P00413,Анастасия,Смирнова,F,Жамбылская область,Сельский район,Школа №1,ru,full,32.0,False,,eliminated
P00414,Владислав,Соколов,M,Кызылординская область,Сельский район,Школа №4,ru,full,74.2,True,75.5,finalist
P00415,Ержан,Абилов,M,г. Шымкент,Восточный район,Школа №4,kk,full,60.0,False,,eliminated
P00416,Дамир,Маратов,M,Актюбинская область, Южный район ,Школа №1,kk,full,43.8,False,,eliminated
P00417,Екатерина,Кузнецова,F,Жамбылская область,Южный район,Школа №5,ru,full,78.3,True,60.4,finalist
P00418,Анастасия,Новикова,F,Атырауская область,Заречный район,Школа №1,ru,full,56.7,False,,eliminated
P00419,Елена,Лебедева,F,Мангистауская область,Сельский район,Школа №3,ru,full,72.7,True,58.2,finalist
P00420,Шынгыс,Нурланов,M,г. Астана, Центральный район ,Школа №3,kk,full,56.0,False,,eliminated
P00421,Алтынай,Абилов,F,Актюбинская область,Южный район,Школа №3,kk,single,79.9,True,65.4,finalist
P00422,Дмитрий,Кузнецов,M,Атырауская область,Западный район,Школа №1,ru,single,75.3,True,50.7,finalist
P00423,Динара,Касенов,F,Атырауская область, Заречный район ,Школа №4,kk,single,45.3,False,,eliminated
P00424,Жаныбек,Маратов,M,Акмолинская область,Западный район,Школа №5,kk,single,63.6,False,,eliminated
P00425,Михаил,Новиков,M,Кызылординская область,Западный район,Школа №2,ru,single,58.7,False,,eliminated
P00426,Алтынай,Абилов,F,Атырауская область,Заречный район,Школа №5,kk,single,69.5,True,72.9,finalist
P00427,Иван,Петров,M,Жетысуская область,Южный район,Школа №3,ru,full,40.5,False,,eliminated
P00428,Томирис,Жумабеков,F,Северо-Казахстанская область,Сельский район,Школа №1,kk,single,59.3,False,,eliminated
P00429,Анна,Новикова,F,Жамбылская область,Западный район,Школа №4,ru,full,70.9,True,55.7,finalist
P00430,Артём,Смирнов,M,Жамбылская область,Южный район,Школа №5,ru,single,22.6,False,,eliminated
P00431,Аяна,Сериков,F,Туркестанская область,Южный район,Школа №2,kk,full,37.3,False,,eliminated
P00432,Бауыржан,Алиев,M,г. Астана,Сельский район,Школа №1,kk,full,24.4,False,,eliminated
P00433,Нурлан,Абилов,M,Мангистауская область,Центральный район,Школа №2,kk,single,45.0,False,,eliminated
P00434,Полина,Кузнецова,F,Абайская область, Заречный район ,Школа №2,ru,full,65.8,False,,eliminated
P00435,Алтынай,Нурланов,F,Улытауская область,Западный район,Школа №1,kk,single,71.5,True,73.3,finalist
P00436,Санжар,Сатпаев,M,Улытауская область,Южный район,Школа №2,kk,full,56.1,False,,eliminated
P00437,Балжан,Алиев,F,Мангистауская область,Центральный район,Школа №2,kk,full,79.4,True,64.3,finalist
P00438,Алмат,Кадыров,M,Акмолинская область,Восточный район,Школа №3,kk,single,28.3,False,,eliminated
P00439,Айдана,Касенов,F,Алматинская область,Заречный район,Школа №1,kk,full,29.4,False,,eliminated
P00440,Темирлан,Жумабеков,M,Туркестанская область,Заречный район,Школа №1,kk,full,54.2,False,,eliminated
P00441,Елена,Волкова,F,г. Шымкент,Заречный район,Школа №1,ru,full,60.8,False,,eliminated
P00442,Алтынай,Абилов,F,Жамбылская область,Западный район,Школа №3,kk,single,48.5,False,,eliminated
P00443,Малика,Жумабеков,F,Восточно-Казахстанская область,Центральный район,Школа №2,kk,full,24.0,False,,eliminated
P00444,Айгерим,Касенов,F,Актюбинская область,Центральный район,Школа №4,kk,full,53.7,False,,eliminated
P00445,Алмат,Жумабеков,M,Жетысуская область,Восточный район,Школа №3,kk,full,35.4,False,,eliminated
P00446,Александр,Соколов,M,Кызылординская область,Сельский район,Школа №4,ru,single,59.0,False,,eliminated
P00447,Александр,Иванов,M,Атырауская область,Заречный район,Школа №3,ru,full,60.5,False,,eliminated
P00448,Алихан,Кадыров,M,Костанайская область,Северный район,Школа №4,kk,single,34.9,False,,eliminated
P00449,Рамазан,Нурланов,M,Восточно-Казахстанская область,Центральный район,Школа №1,kk,single,41.3,False,,eliminated
P00450,Томирис,Абилов,F,г. Астана,Заречный район,Школа №5,kk,full,39.1,False,,eliminated
P00451,Арман,Абилов,M,Туркестанская область,Центральный район,Школа №4,kk,full,54.1,False,,eliminated
P00452,Санжар,Маратов,M,г. Астана,Заречный район,Школа №3,kk,full,69.3,True,66.3,finalist
P00453,Малика,Касенов,F,Жетысуская область,Восточный район,Школа №4,kk,full,40.2,False,,eliminated
P00454,София,Иванова,F,Абайская область,Заречный район,Школа №5,ru,single,56.6,False,,eliminated
P00455,Анна,Новикова,F,Костанайская область,Северный район,Школа №3,ru,full,47.0,False,,eliminated
P00456,Жаныбек,Бекенов,M,Актюбинская область,Восточный район,Школа №5,kk,full,43.1,False,,eliminated
P00457,Алтынай,Абилов,F,Абайская область,Центральный район,Школа №1,kk,full,53.4,False,,eliminated
P00458,Шынгыс,Сатпаев,M,Карагандинская область,Западный район,Школа №4,kk,single,33.5,False,,eliminated
P00459,Бекжан,Абилов,M,Костанайская область,Западный район,Школа №5,kk,full,46.7,False,,eliminated
P00460,Анна,Петрова,F,Жетысуская область,Центральный район,Школа №3,ru,full,37.0,False,,eliminated
P00461,Аян,Абилов,M,Атырауская область,Сельский район,Школа №4,kk,full,84.5,True,64.6,finalist
P00462,Камила,Бекенов,F,Северо-Казахстанская область,Сельский район,Школа №3,kk,full,55.5,False,,eliminated
P00463,Никита,Петров,M,Северо-Казахстанская область,Восточный район,Школа №5,ru,full,44.5,False,,eliminated
P00464,Айдана,Тулегенов,F,Павлодарская область,Сельский район,Школа №5,kk,single,52.2,False,,eliminated
P00465,Дарья,Смирнова,F,Алматинская область,Восточный район,Школа №5,ru,single,47.3,False,,eliminated
P00466,Эльмира,Маратов,F,Жетысуская область,Южный район,Школа №3,kk,single,45.7,False,,eliminated
P00467,Нурлан,Сатпаев,M,Улытауская область,Южный район,Школа №5,kk,single,58.2,False,,eliminated
P00468,Екатерина,Кузнецова,F,Жамбылская область,Западный район,Школа №3,ru,single,60.4,False,,eliminated
P00469,Артём,Морозов,M,г. Алматы,Заречный район,Школа №1,ru,single,41.0,False,,eliminated
P00470,Малика,Касенов,F,г. Алматы,Южный район,Школа №4,kk,single,40.4,False,,eliminated
P00471,Аружан,Темирбеков,F,Акмолинская область,Северный район,Школа №2,kk,single,44.9,False,,eliminated
P00472,Айдана,Маратов,F,Карагандинская область,Северный район,Школа №1,kk,full,20.5,False,,eliminated
P00473,Темирлан,Бекенов,M,г. Алматы,Восточный район,Школа №3,kk,full,32.3,False,,eliminated
P00474,Нурлан,Касенов,M,Костанайская область,Западный район,Школа №3,kk,full,75.5,True,59.0,finalist
P00475,Ольга,Кузнецова,F,Кызылординская область,Сельский район,Школа №5,ru,full,79.7,True,63.0,finalist
P00476,Меруерт,Алиев,F,Актюбинская область,Северный район,Школа №5,kk,full,51.3,False,,eliminated
P00477,Дамир,Алиев,M,Восточно-Казахстанская область,Западный район,Школа №1,kk,full,63.6,False,,eliminated
P00478,Аружан,Кадыров,F,г. Шымкент,Центральный район,Школа №5,kk,single,53.7,False,,eliminated
P00479,Михаил,Попов,M,Актюбинская область,Сельский район,Школа №5,ru,full,100.0,True,59.2,finalist
P00480,Санжар,Алиев,M,Павлодарская область,Западный район,Школа №1,kk,full,71.8,True,78.2,finalist
P00481,Ксения,Попова,F,Карагандинская область,Северный район,Школа №5,ru,full,53.1,False,,eliminated
P00482,Анастасия,Петрова,F,Кызылординская область,Восточный район,Школа №5,ru,single,34.7,False,,eliminated
P00483,Ерасыл,Нурланов,M,Алматинская область,Восточный район,Школа №3,kk,full,30.9,False,,eliminated
P00484,Полина,Морозова,F,Северо-Казахстанская область,Восточный район,Школа №2,ru,full,58.1,False,,eliminated
P00485,Темирлан,Тулегенов,M,Абайская область,Заречный район,Школа №2,kk,single,37.7,False,,eliminated
P00486,Темирлан,Маратов,M,Павлодарская область,Заречный район,Школа №1,kk,single,27.7,False,,eliminated
P00487,Ерасыл,Темирбеков,M,Актюбинская область,Центральный район,Школа №3,kk,full,45.3,False,,eliminated
P00488,Дана,Нурланов,F,Мангистауская область,Восточный район,Школа №4,kk,full,38.8,False,,eliminated
P00489,Адильхан,Касенов,M,г. Шымкент,Центральный район,Школа №5,kk,full,80.3,True,56.5,finalist
P00490,Сабина,Сериков,F,Карагандинская область,Сельский район,Школа №5,kk,full,68.2,True,60.4,finalist
P00491,Камила,Касенов,F,Абайская область,Восточный район,Школа №2,kk,full,54.9,False,,eliminated
P00492,Михаил,Соколов,M,Атырауская область,Южный район,Школа №3,ru,single,71.2,True,77.3,finalist
P00493,Артём,Петров,M,Акмолинская область,Центральный район,Школа №4,ru,full,56.2,False,,eliminated
P00494,Жансая,Бекенов,F,Павлодарская область,Заречный район,Школа №2,kk,full,42.1,False,,eliminated
P00495,Владислав,Петров,M,Восточно-Казахстанская область,Заречный район,Школа №1,ru,single,71.8,True,70.2,finalist
P00496,Ольга,Морозова,F,Актюбинская область,Южный район,Школа №3,ru,full,63.1,False,,eliminated
P00497,Динара,Кадыров,F,Атырауская область,Заречный район,Школа №1,kk,full,39.4,False,,eliminated
P00498,Рамазан,Абилов,M,Костанайская область,Западный район,Школа №5,kk,full,52.1,False,,eliminated
P00499,Мария,Смирнова,F,Абайская область,Южный район,Школа №2,ru,single,35.9,False,,eliminated
P00500,Жансая,Алиев,F,Костанайская область,Восточный район,Школа №3,kk,single,28.3,False,,eliminated
P00501,Эльмира,Сериков,F,Западно-Казахстанская область,Сельский район,Школа №5,kk,full,68.9,True,73.4,finalist
P00502,Алина,Темирбеков,F,Улытауская область,Заречный район,Школа №5,kk,full,83.6,True,71.4,finalist
P00503,Айдана,Тулегенов,F,Западно-Казахстанская область,Западный район,Школа №5,kk,full,34.0,False,,eliminated
P00504,Гульнара,Сатпаев,F,Карагандинская область,Северный район,Школа №5,kk,full,63.4,False,,eliminated
P00505,Бекжан,Сатпаев,M,Восточно-Казахстанская область,Сельский район,Школа №4,kk,full,45.2,False,,eliminated
P00506,Аружан,Маратов,F,Туркестанская область,Южный район,Школа №4,kk,full,47.7,False,,eliminated
P00507,Бауыржан,Тулегенов,M,Кызылординская область,Восточный район,Школа №4,kk,single,40.1,False,,eliminated
P00508,Алмат,Маратов,M,Улытауская область,Заречный район,Школа №3,kk,full,42.0,False,,eliminated
P00509,Камила,Кадыров,F,г. Астана,Заречный район,Школа №1,kk,full,55.7,False,,eliminated
P00510,Михаил,Лебедев,M,Кызылординская область,Сельский район,Школа №4,ru,single,36.5,False,,eliminated
P00511,Аружан,Абилов,F,Восточно-Казахстанская область,Северный район,Школа №3,kk,full,59.1,False,,eliminated
P00512,Алмат,Касенов,M,Жетысуская область,Восточный район,Школа №1,kk,full,54.2,False,,eliminated
P00513,Аян,Касенов,M,Павлодарская область,Центральный район,Школа №2,kk,full,51.4,False,,eliminated
P00514,Айдар,Сатпаев,M,Атырауская область,Центральный район,Школа №2,kk,full,41.4,False,,eliminated
P00515,Александр,Соколов,M,Актюбинская область,Северный район,Школа №4,ru,single,40.3,False,,eliminated
P00516,Никита,Смирнов,M,г. Астана,Сельский район,Школа №5,ru,full,66.3,True,46.8,finalist
P00517,Иван,Новиков,M,г. Шымкент,Западный район,Школа №4,ru,full,62.5,False,,eliminated
P00518,Санжар,Касенов,M,Павлодарская область,Сельский район,Школа №1,kk,full,40.3,False,,eliminated
P00519,Сауле,Тулегенов,F,Алматинская область,Центральный район,Школа №2,kk,single,50.5,False,,eliminated
P00520,Малика,Тулегенов,F,Павлодарская область,Южный район,Школа №5,kk,full,66.3,True,47.0,finalist
P00521,Камила,Кадыров,F,г. Астана,Сельский район,Школа №5,kk,full,30.0,False,,eliminated
P00522,Бекжан,Сериков,M,Карагандинская область,Западный район,Школа №4,kk,full,63.2,False,,eliminated
P00523,Александр,Волков,M,Улытауская область,Центральный район,Школа №4,ru,full,45.1,False,,eliminated
P00524,Жансая,Сериков,F,Атырауская область,Восточный район,Школа №3,kk,full,63.6,False,,eliminated
P00525,Эльмира,Жумабеков,F,Мангистауская область,Сельский район,Школа №5,kk,single,37.6,False,,eliminated
P00526,Сауле,Абилов,F,Западно-Казахстанская область,Южный район,Школа №4,kk,single,21.9,False,,eliminated
P00527,Екатерина,Новикова,F,Восточно-Казахстанская область,Центральный район,Школа №4,ru,single,24.6,False,,eliminated
P00528,Айдана,Алиев,F,Мангистауская область, Заречный район ,Школа №1,kk,single,49.7,False,,eliminated
P00529,Алихан,Сериков,M,Западно-Казахстанская область,Северный район,Школа №5,kk,full,58.9,False,,eliminated
P00530,Никита,Морозов,M,Карагандинская область,Заречный район,Школа №1,ru,single,35.4,False,,eliminated
P00531,Меруерт,Темирбеков,F,Жамбылская область,Сельский район,Школа №5,kk,full,64.6,False,,eliminated
P00532,Санжар,Маратов,M,Жетысуская область,Западный район,Школа №1,kk,full,30.1,False,,eliminated
P00533,Анна,Соколова,F,Мангистауская область,Южный район,Школа №4,ru,full,54.0,False,,eliminated
P00534,Анна,Петрова,F,г. Алматы,Южный район,Школа №5,ru,single,30.8,False,,eliminated
P00535,Дмитрий,Кузнецов,M,г. Шымкент,Северный район,Школа №4,ru,full,45.2,False,,eliminated
P00536,Алмат,Тулегенов,M,Актюбинская область,Западный район,Школа №1,kk,single,49.7,False,,eliminated
P00537,София,Соколова,F,Северо-Казахстанская область,Восточный район,Школа №2,ru,single,36.1,False,,eliminated
P00538,Меруерт,Сатпаев,F,Абайская область,Восточный район,Школа №1,kk,full,49.2,False,,eliminated
P00539,Гульнара,Кадыров,F,Павлодарская область,Южный район,Школа №1,kk,single,64.1,False,,eliminated
P00540,Жаныбек,Касенов,M,Костанайская область,Центральный район,Школа №2,kk,full,46.3,False,,eliminated
P00541,Дмитрий,Смирнов,M,Жамбылская область,Восточный район,Школа №2,ru,single,61.5,False,,eliminated
P00542,Балжан,Бекенов,F,г. Шымкент,Южный район,Школа №1,kk,full,38.1,False,,eliminated
P00543,Максим,Волков,M,Абайская область,Сельский район,Школа №1,ru,single,56.9,False,,eliminated
P00544,Тимур,Жумабеков,M,Туркестанская область,Северный район,Школа №5,kk,full,76.6,True,62.6,finalist
P00545,Айдар,Тулегенов,M,Павлодарская область,Восточный район,Школа №1,kk,full,17.9,False,,eliminated
P00546,Артём,Новиков,M,Алматинская область,Заречный район,Школа №3,ru,full,43.0,False,,eliminated
P00547,Тимур,Сериков,M,Костанайская область,Южный район,Школа №3,kk,full,63.7,False,,eliminated
P00548,Шынгыс,Кадыров,M,Кызылординская область,Северный район,Школа №2,kk,full,52.0,False,,eliminated
P00549,Камила,Жумабеков,F,Северо-Казахстанская область,Северный район,Школа №5,kk,full,60.6,False,,eliminated
P00550,Екатерина,Морозова,F,Павлодарская область,Сельский район,Школа №2,ru,single,39.9,False,,eliminated
P00551,Айгерим,Алиев,F,Павлодарская область,Восточный район,Школа №5,kk,full,56.3,False,,eliminated
P00552,Дамир,Тулегенов,M,г. Астана,Центральный район,Школа №2,kk,full,52.7,False,,eliminated
P00553,Алтынай,Абилов,F,Костанайская область,Южный район,Школа №5,kk,full,72.5,True,62.9,finalist
P00554,Малика,Сериков,F,Кызылординская область,Сельский район,Школа №5,kk,full,58.8,False,,eliminated
P00555,Аяна,Жумабеков,F,Кызылординская область,Южный район,Школа №4,kk,single,54.1,False,,eliminated
P00556,Шынгыс,Жумабеков,M,Северо-Казахстанская область,Заречный район,Школа №2,kk,full,48.8,False,,eliminated
P00557,Эльмира,Сатпаев,F,Мангистауская область,Сельский район,Школа №1,kk,full,47.7,False,,eliminated
P00558,Данияр,Маратов,M,Западно-Казахстанская область,Западный район,Школа №3,kk,single,42.5,False,,eliminated
P00559,София,Морозова,F,Северо-Казахстанская область,Восточный район,Школа №1,ru,full,60.9,False,,eliminated
P00560,Алихан,Бекенов,M,Восточно-Казахстанская область,Восточный район,Школа №1,kk,single,42.7,False,,eliminated
P00561,Жаныбек,Тулегенов,M,Актюбинская область,Центральный район,Школа №2,kk,full,59.3,False,,eliminated
P00562,Гульнара,Бекенов,F,Карагандинская область,Восточный район,Школа №2,kk,full,86.1,True,64.7,finalist
P00563,Ержан,Кадыров,M,Туркестанская область,Восточный район,Школа №5,kk,single,62.1,False,,eliminated
P00564,Сауле,Алиев,F,г. Астана,Западный район,Школа №5,kk,full,50.1,False,,eliminated
P00565,Жансая,Абилов,F,г. Алматы,Северный район,Школа №4,kk,full,73.0,True,65.4,finalist
P00566,Адильхан,Темирбеков,M,Улытауская область,Сельский район,Школа №2,kk,full,48.9,False,,eliminated
P00567,Рамазан,Абилов,M,Карагандинская область,Центральный район,Школа №3,kk,full,24.4,False,,eliminated
P00568,Балжан,Нурланов,F,г. Алматы,Восточный район,Школа №2,kk,single,33.9,False,,eliminated
P00569,Екатерина,Соколова,F,Актюбинская область,Восточный район,Школа №5,ru,single,20.9,False,,eliminated
P00570,Елена,Соколова,F,г. Алматы,Сельский район,Школа №2,ru,single,43.7,False,,eliminated
P00571,Олжас,Сатпаев,M,Северо-Казахстанская область,Южный район,Школа №4,kk,full,55.3,False,,eliminated
P00572,Темирлан,Темирбеков,M,Восточно-Казахстанская область,Центральный район,Школа №2,kk,single,74.1,True,58.6,finalist
P00573,Аружан,Темирбеков,F,Туркестанская область,Северный район,Школа №3,kk,single,53.9,False,,eliminated
P00574,Айдана,Кадыров,F,Актюбинская область,Сельский район,Школа №2,kk,full,51.7,False,,eliminated
P00575,Наргиз,Алиев,F,Жамбылская область,Сельский район,Школа №4,kk,single,61.4,False,,eliminated
P00576,Владислав,Лебедев,M,Северо-Казахстанская область,Северный район,Школа №1,ru,full,21.8,False,,eliminated
P00577,Балжан,Абилов,F,Мангистауская область,Заречный район,Школа №3,kk,full,58.5,False,,eliminated
P00578,Полина,Морозова,F,Алматинская область,Южный район,Школа №3,ru,full,66.6,True,67.3,finalist
P00579,Екатерина,Петрова,F,Жетысуская область,Заречный район,Школа №1,ru,full,32.8,False,,eliminated
P00580,Бекжан,Темирбеков,M,Акмолинская область,Западный район,Школа №4,kk,full,72.2,True,65.2,finalist
P00581,Владислав,Смирнов,M,Туркестанская область,Центральный район,Школа №3,ru,single,54.1,False,,eliminated
P00582,Айдана,Кадыров,F,Атырауская область,Заречный район,Школа №1,kk,full,48.8,False,,eliminated
P00583,Иван,Новиков,M,Жамбылская область,Центральный район,Школа №3,ru,single,58.5,False,,eliminated
P00584,Олжас,Тулегенов,M,Карагандинская область,Западный район,Школа №2,kk,full,89.1,True,69.7,finalist
P00585,Меруерт,Жумабеков,F,г. Шымкент,Сельский район,Школа №1,kk,full,57.7,False,,eliminated
P00586,Михаил,Попов,M,Северо-Казахстанская область,Центральный район,Школа №5,ru,full,58.7,False,,eliminated
P00587,Ержан,Сатпаев,M,Жетысуская область,Южный район,Школа №5,kk,single,42.1,False,,eliminated
P00588,Михаил,Смирнов,M,г. Шымкент,Южный район,Школа №3,ru,full,42.3,False,,eliminated
P00589,Аружан,Алиев,F,Акмолинская область,Северный район,Школа №2,kk,full,67.5,True,79.2,finalist
P00590,Ольга,Морозова,F,г. Шымкент,Заречный район,Школа №1,ru,full,42.2,False,,eliminated
P00591,Балжан,Касенов,F,Туркестанская область,Сельский район,Школа №1,kk,full,56.1,False,,eliminated
P00592,Ксения,Иванова,F,г. Шымкент,Южный район,Школа №1,ru,single,41.8,False,,eliminated
P00593,Санжар,Сериков,M,Алматинская область,Заречный район,Школа №4,kk,full,62.2,False,,eliminated
P00594,Аяна,Тулегенов,F,г. Алматы,Восточный район,Школа №5,kk,full,60.0,False,,eliminated
P00595,Андрей,Смирнов,M,Восточно-Казахстанская область,Западный район,Школа №3,ru,full,70.6,True,78.5,finalist
P00596,Жансая,Кадыров,F,г. Алматы,Южный район,Школа №4,kk,single,41.3,False,,eliminated
P00597,Никита,Кузнецов,M,г. Астана,Западный район,Школа №5,ru,single,45.0,False,,eliminated
P00598,Максим,Лебедев,M,Абайская область,Заречный район,Школа №3,ru,full,40.3,False,,eliminated
P00599,Елена,Иванова,F,Карагандинская область,Северный район,Школа №3,ru,full,48.3,False,,eliminated
P00600,Елена,Морозова,F,Улытауская область,Западный район,Школа №5,ru,full,60.7,False,,eliminated
P00601,Арман,Жумабеков,M,Кызылординская область,Западный район,Школа №3,kk,single,60.4,False,,eliminated
P00602,Бауыржан,Маратов,M,Актюбинская область,Заречный район,Школа №4,kk,full,41.2,False,,eliminated
P00603,София,Петрова,F,г. Шымкент,Заречный район,Школа №5,ru,full,68.0,True,62.4,finalist
P00604,Ксения,Попова,F,Павлодарская область,Восточный район,Школа №1,ru,single,69.3,True,76.6,finalist
P00605,Никита,Иванов,M,Мангистауская область,Центральный район,Школа №1,ru,full,61.2,False,,eliminated
P00606,Гульнара,Алиев,F,Акмолинская область,Заречный район,Школа №4,kk,single,77.2,True,67.6,finalist
P00607,Алина,Бекенов,F,Павлодарская область,Южный район,Школа №2,kk,full,43.4,False,,eliminated
P00608,Айдар,Тулегенов,M,Мангистауская область,Южный район,Школа №5,kk,full,36.3,False,,eliminated
P00609,Ольга,Морозова,F,Жамбылская область,Восточный район,Школа №5,ru,full,28.3,False,,eliminated
P00610,Екатерина,Кузнецова,F,Актюбинская область,Южный район,Школа №3,ru,full,77.4,True,65.5,finalist
P00611,Малика,Нурланов,F,Кызылординская область,Южный район,Школа №3,kk,full,64.8,False,,eliminated
P00612,Ержан,Сатпаев,M,Северо-Казахстанская область,Западный район,Школа №1,kk,single,48.2,False,,eliminated
P00613,Артём,Петров,M,Алматинская область,Заречный район,Школа №5,ru,single,53.2,False,,eliminated
P00614,Анастасия,Попова,F,Алматинская область,Южный район,Школа №1,ru,full,38.1,False,,eliminated
P00615,Сауле,Тулегенов,F,Западно-Казахстанская область,Западный район,Школа №2,kk,full,91.7,True,58.9,finalist
P00616,Сабина,Темирбеков,F,Западно-Казахстанская область,Северный район,Школа №2,kk,single,50.9,False,,eliminated
P00617,Айгерим,Сериков,F,Мангистауская область,Заречный район,Школа №3,kk,single,50.6,False,,eliminated
P00618,Кирилл,Кузнецов,M,Мангистауская область,Западный район,Школа №1,ru,single,59.9,False,,eliminated
P00619,Алина,Алиев,F,Жамбылская область,Западный район,Школа №5,kk,single,56.2,False,,eliminated
P00620,Санжар,Жумабеков,M,Костанайская область,Восточный район,Школа №2,kk,full,58.4,False,,eliminated
P00621,Дария,Бекенов,F,Улытауская область,Южный район,Школа №3,kk,single,37.1,False,,eliminated
P00622,Анастасия,Морозова,F,Западно-Казахстанская область,Северный район,Школа №4,ru,full,62.1,False,,eliminated
P00623,Шынгыс,Касенов,M,Жетысуская область,Восточный район,Школа №2,kk,full,83.2,True,53.7,finalist
P00624,Олжас,Тулегенов,M,Атырауская область,Северный район,Школа №5,kk,full,75.2,True,70.7,finalist
P00625,Елена,Морозова,F,Атырауская область,Восточный район,Школа №2,ru,full,78.9,True,85.6,finalist
P00626,Алина,Тулегенов,F,г. Алматы,Заречный район,Школа №3,kk,single,41.3,False,,eliminated
P00627,Ерасыл,Нурланов,M,Павлодарская область,Южный район,Школа №3,kk,full,40.2,False,,eliminated
P00628,Адильхан,Сатпаев,M,г. Шымкент,Южный район,Школа №5,kk,full,53.1,False,,eliminated
P00629,Иван,Петров,M,Туркестанская область,Северный район,Школа №5,ru,full,55.8,False,,eliminated
P00630,Камила,Абилов,F,Туркестанская область,Северный район,Школа №2,kk,full,71.4,True,69.4,finalist
P00631,Дана,Нурланов,F,Жетысуская область,Заречный район,Школа №2,kk,single,23.6,False,,eliminated
P00632,Максим,Волков,M,Туркестанская область,Заречный район,Школа №4,ru,single,71.9,True,75.4,finalist
P00633,Никита,Лебедев,M,Костанайская область,Восточный район,Школа №5,ru,full,52.6,False,,eliminated
P00634,Анастасия,Морозова,F,Алматинская область,Восточный район,Школа №1,ru,single,42.6,False,,eliminated
P00635,Айдар,Тулегенов,M,Мангистауская область,Западный район,Школа №1,kk,full,39.8,False,,eliminated
P00636,Дмитрий,Новиков,M,Восточно-Казахстанская область,Восточный район,Школа №1,ru,full,30.2,False,,eliminated
P00637,Меруерт,Сериков,F,Улытауская область,Центральный район,Школа №5,kk,single,61.3,False,,eliminated
P00638,Малика,Кадыров,F,Северо-Казахстанская область,Центральный район,Школа №5,kk,single,50.1,False,,eliminated
P00639,Анна,Соколова,F,Костанайская область,Заречный район,Школа №2,ru,single,29.7,False,,eliminated
P00640,Олжас,Касенов,M,Кызылординская область,Центральный район,Школа №4,kk,single,29.6,False,,eliminated
P00641,Аяна,Нурланов,F,г. Алматы,Восточный район,Школа №2,kk,single,44.0,False,,eliminated
P00642,Дарья,Смирнова,F,Атырауская область,Северный район,Школа №1,ru,full,80.0,True,58.3,finalist
P00643,Максим,Соколов,M,Восточно-Казахстанская область,Центральный район,Школа №2,ru,full,51.1,False,,eliminated
P00644,Наргиз,Абилов,F,г. Алматы, Сельский район ,Школа №4,kk,full,32.5,False,,eliminated
P00645,Малика,Абилов,F,Актюбинская область,Западный район,Школа №2,kk,single,45.3,False,,eliminated
P00646,Бауыржан,Темирбеков,M,Восточно-Казахстанская область,Северный район,Школа №3,kk,full,50.9,False,,eliminated
P00647,София,Соколова,F,Костанайская область,Центральный район,Школа №4,ru,single,8.5,False,,eliminated
P00648,Шынгыс,Сатпаев,M,г. Алматы,Северный район,Школа №5,kk,full,54.2,False,,eliminated
P00649,Иван,Попов,M,Мангистауская область,Сельский район,Школа №4,ru,single,45.5,False,,eliminated
P00650,Алмат,Маратов,M,Западно-Казахстанская область,Южный район,Школа №5,kk,full,65.4,False,,eliminated
P00651,Тимур,Маратов,M,Улытауская область,Центральный район,Школа №5,kk,single,76.7,True,62.9,finalist
P00652,Эльмира,Кадыров,F,Западно-Казахстанская область,Западный район,Школа №5,kk,full,71.9,True,66.0,finalist
P00653,Санжар,Маратов,M,Туркестанская область,Восточный район,Школа №5,kk,full,51.0,False,,eliminated
P00654,Алмат,Темирбеков,M,Северо-Казахстанская область,Заречный район,Школа №2,kk,single,32.4,False,,eliminated
P00655,Динара,Кадыров,F,г. Алматы,Сельский район,Школа №1,kk,full,93.6,True,54.5,finalist
P00656,Алина,Жумабеков,F,Карагандинская область,Западный район,Школа №1,kk,full,55.9,False,,eliminated
P00657,Тимур,Сатпаев,M,Абайская область,Сельский район,Школа №3,kk,single,49.2,False,,eliminated
P00658,Наргиз,Темирбеков,F,Атырауская область,Восточный район,Школа №4,kk,single,48.6,False,,eliminated
P00659,Малика,Маратов,F,Акмолинская область,Сельский район,Школа №5,kk,single,52.0,False,,eliminated
P00660,Бауыржан,Сатпаев,M,Костанайская область,Сельский район,Школа №3,kk,full,52.8,False,,eliminated
P00661,Иван,Лебедев,M,г. Алматы,Сельский район,Школа №5,ru,full,46.4,False,,eliminated
P00662,Елена,Попова,F,Акмолинская область,Южный район,Школа №4,ru,single,40.8,False,,eliminated
P00663,Дмитрий,Кузнецов,M,Улытауская область,Южный район,Школа №3,ru,single,48.5,False,,eliminated
P00664,Ольга,Морозова,F,Абайская область,Сельский район,Школа №5,ru,full,46.8,False,,eliminated
P00665,Санжар,Жумабеков,M,Костанайская область,Северный район,Школа №1,kk,single,38.3,False,,eliminated
P00666,Дарья,Кузнецова,F,Акмолинская область,Восточный район,Школа №5,ru,full,56.6,False,,eliminated
P00667,Шынгыс,Сериков,M,Костанайская область,Восточный район,Школа №1,kk,full,51.2,False,,eliminated
P00668,Томирис,Жумабеков,F,Жамбылская область,Южный район,Школа №3,kk,full,77.6,True,73.6,finalist
P00669,Алмат,Жумабеков,M,Атырауская область,Северный район,Школа №1,kk,single,9.2,False,,eliminated
P00670,Сауле,Кадыров,F,г. Алматы,Южный район,Школа №3,kk,full,71.4,True,81.0,finalist
P00671,Ерасыл,Тулегенов,M,Северо-Казахстанская область,Центральный район,Школа №4,kk,single,67.7,True,95.0,finalist
P00672,Алихан,Нурланов,M,Мангистауская область,Северный район,Школа №5,kk,full,23.9,False,,eliminated
P00673,Жансая,Жумабеков,F,Костанайская область,Сельский район,Школа №5,kk,full,49.9,False,,eliminated
P00674,София,Смирнова,F,Актюбинская область,Сельский район,Школа №4,ru,full,49.4,False,,eliminated
P00675,Олжас,Абилов,M,Жетысуская область,Северный район,Школа №5,kk,full,33.9,False,,eliminated
P00676,Ерасыл,Кадыров,M,Северо-Казахстанская область,Восточный район,Школа №4,kk,full,43.3,False,,eliminated
P00677,Дмитрий,Попов,M,г. Шымкент,Западный район,Школа №1,ru,full,38.3,False,,eliminated
P00678,Сауле,Касенов,F,Актюбинская область,Сельский район,Школа №4,kk,full,81.3,True,81.1,finalist
P00679,Темирлан,Алиев,M,Туркестанская область,Восточный район,Школа №2,kk,single,63.0,False,,eliminated
P00680,Мария,Волкова,F,Костанайская область,Западный район,Школа №2,ru,full,74.1,True,59.0,finalist
P00681,Никита,Новиков,M,Алматинская область,Западный район,Школа №3,ru,full,65.8,False,,eliminated
P00682,Камила,Сериков,F,г. Шымкент,Центральный район,Школа №5,kk,single,32.1,False,,eliminated
P00683,Айдар,Сериков,M,Жамбылская область,Сельский район,Школа №5,kk,single,41.1,False,,eliminated
P00684,Аружан,Касенов,F,Атырауская область,Восточный район,Школа №4,kk,full,62.3,False,,eliminated
P00685,Ерасыл,Жумабеков,M,г. Астана,Сельский район,Школа №3,kk,single,30.7,False,,eliminated
P00686,Ксения,Петрова,F,г. Астана,Центральный район,Школа №5,ru,full,65.7,False,,eliminated
P00687,Ержан,Тулегенов,M,Акмолинская область,Центральный район,Школа №3,kk,full,51.4,False,,eliminated
P00688,Нурлан,Маратов,M,г. Астана,Восточный район,Школа №4,kk,full,49.4,False,,eliminated
P00689,Аян,Абилов,M,Атырауская область,Северный район,Школа №3,kk,single,59.7,False,,eliminated
P00690,Артём,Смирнов,M,Абайская область,Центральный район,Школа №2,ru,single,55.7,False,,eliminated
P00691,Аружан,Сериков,F,Атырауская область,Заречный район,Школа №4,kk,single,43.6,False,,eliminated
P00692,София,Смирнова,F,Северо-Казахстанская область,Западный район,Школа №4,ru,full,72.4,True,44.0,finalist
P00693,Адильхан,Сатпаев,M,Туркестанская область,Сельский район,Школа №5,kk,full,38.8,False,,eliminated
P00694,Айдана,Темирбеков,F,г. Астана,Восточный район,Школа №1,kk,full,64.2,False,,eliminated
P00695,Сабина,Жумабеков,F,Северо-Казахстанская область,Западный район,Школа №5,kk,full,63.9,False,,eliminated
P00696,Андрей,Морозов,M,г. Астана,Южный район,Школа №3,ru,full,50.4,False,,eliminated
P00697,Рамазан,Сатпаев,M,Костанайская область,Восточный район,Школа №3,kk,full,59.9,False,,eliminated
P00698,Дмитрий,Волков,M,Западно-Казахстанская область,Центральный район,Школа №5,ru,full,36.2,False,,eliminated
P00699,Никита,Иванов,M,Карагандинская область,Восточный район,Школа №5,ru,full,68.9,True,63.7,finalist
P00700,Эльмира,Жумабеков,F,Западно-Казахстанская область,Сельский район,Школа №1,kk,full,52.2,False,,eliminated
P00701,Ольга,Попова,F,Восточно-Казахстанская область,Южный район,Школа №2,ru,full,47.2,False,,eliminated
P00702,Ксения,Петрова,F,Атырауская область,Западный район,Школа №2,ru,single,64.7,False,,eliminated
P00703,Камила,Бекенов,F,Северо-Казахстанская область,Заречный район,Школа №2,kk,full,44.4,False,,eliminated
P00704,Дана,Сериков,F,Акмолинская область,Северный район,Школа №4,kk,full,33.9,False,,eliminated
P00705,Полина,Кузнецова,F,Мангистауская область,Заречный район,Школа №4,ru,full,31.7,False,,eliminated
P00706,Дария,Абилов,F,Мангистауская область,Заречный район,Школа №5,kk,full,64.1,False,,eliminated
P00707,Иван,Лебедев,M,г. Шымкент,Заречный район,Школа №3,ru,full,35.8,False,,eliminated
P00708,Томирис,Нурланов,F,Северо-Казахстанская область,Сельский район,Школа №2,kk,single,75.3,True,68.6,finalist
P00709,Динара,Касенов,F,Восточно-Казахстанская область,Южный район,Школа №1,kk,single,17.8,False,,eliminated
P00710,Алмат,Касенов,M,Северо-Казахстанская область,Южный район,Школа №3,kk,full,80.4,True,87.8,finalist
P00711,Айдар,Сатпаев,M,Жамбылская область,Западный район,Школа №1,kk,full,58.2,False,,eliminated
P00712,Томирис,Алиев,F,Алматинская область,Заречный район,Школа №3,kk,full,53.5,False,,eliminated
P00713,Дана,Нурланов,F,Костанайская область,Южный район,Школа №1,kk,full,46.8,False,,eliminated
P00714,Айдар,Жумабеков,M,Западно-Казахстанская область,Северный район,Школа №4,kk,single,55.0,False,,eliminated
P00715,Рамазан,Сериков,M,Атырауская область,Западный район,Школа №2,kk,full,54.4,False,,eliminated
P00716,Дамир,Сериков,M,Акмолинская область,Центральный район,Школа №3,kk,single,65.5,False,,eliminated
P00717,Адильхан,Темирбеков,M,Мангистауская область,Южный район,Школа №3,kk,single,50.7,False,,eliminated
P00718,Наргиз,Абилов,F,Павлодарская область,Восточный район,Школа №1,kk,full,57.3,False,,eliminated
P00719,Максим,Петров,M,г. Астана,Западный район,Школа №3,ru,full,49.5,False,,eliminated
P00720,Алихан,Кадыров,M,г. Алматы,Сельский район,Школа №1,kk,single,48.1,False,,eliminated
P00721,Балжан,Алиев,F,г. Алматы,Центральный район,Школа №2,kk,full,59.6,False,,eliminated
P00722,Ержан,Абилов,M,Актюбинская область,Заречный район,Школа №2,kk,full,29.3,False,,eliminated
P00723,Никита,Кузнецов,M,Туркестанская область,Восточный район,Школа №5,ru,full,34.8,False,,eliminated
P00724,Ольга,Иванова,F,Акмолинская область,Южный район,Школа №1,ru,full,66.1,True,57.8,finalist
P00725,Михаил,Новиков,M,г. Алматы,Северный район,Школа №2,ru,single,51.6,False,,eliminated
P00726,Адильхан,Абилов,M,г. Шымкент,Центральный район,Школа №2,kk,full,52.2,False,,eliminated
P00727,Анна,Новикова,F,г. Шымкент,Северный район,Школа №1,ru,single,49.3,False,,eliminated
P00728,Шынгыс,Бекенов,M,Актюбинская область,Сельский район,Школа №3,kk,single,54.2,False,,eliminated
P00729,Ксения,Петрова,F,г. Астана,Западный район,Школа №2,ru,single,40.9,False,,eliminated
P00730,Алтынай,Жумабеков,F,Атырауская область,Сельский район,Школа №3,kk,full,43.3,False,,eliminated
P00731,Александр,Смирнов,M,Алматинская область,Сельский район,Школа №5,ru,full,57.9,False,,eliminated
P00732,Андрей,Иванов,M,Абайская область,Северный район,Школа №5,ru,single,34.3,False,,eliminated
P00733,Максим,Смирнов,M,Жамбылская область,Северный район,Школа №5,ru,full,61.1,False,,eliminated
P00734,Айдар,Сатпаев,M,Восточно-Казахстанская область,Заречный район,Школа №1,kk,full,29.5,False,,eliminated
P00735,Айгерим,Тулегенов,F,Жетысуская область,Северный район,Школа №5,kk,single,64.4,False,,eliminated
P00736,Полина,Морозова,F,Жетысуская область,Восточный район,Школа №2,ru,full,62.1,False,,eliminated
P00737,Максим,Новиков,M,Восточно-Казахстанская область,Северный район,Школа №1,ru,full,58.8,False,,eliminated
P00738,Дамир,Кадыров,M,г. Шымкент,Сельский район,Школа №4,kk,full,69.7,True,81.9,finalist
P00739,Дарья,Смирнова,F,Абайская область,Восточный район,Школа №1,ru,single,74.0,True,57.5,finalist
P00740,Динара,Нурланов,F,Жамбылская область,Заречный район,Школа №3,kk,full,70.2,True,66.2,finalist
P00741,Бекжан,Маратов,M,Павлодарская область,Сельский район,Школа №2,kk,full,27.4,False,,eliminated
P00742,Малика,Алиев,F,Жамбылская область,Западный район,Школа №4,kk,full,35.8,False,,eliminated
P00743,Ержан,Жумабеков,M,Жамбылская область,Южный район,Школа №5,kk,full,45.6,False,,eliminated
P00744,Максим,Лебедев,M,Восточно-Казахстанская область,Сельский район,Школа №3,ru,full,55.4,False,,eliminated
P00745,Эльмира,Алиев,F,г. Астана,Западный район,Школа №1,kk,full,62.8,False,,eliminated
P00746,Екатерина,Волкова,F,Туркестанская область,Сельский район,Школа №1,ru,single,38.1,False,,eliminated
P00747,Динара,Нурланов,F,г. Астана,Северный район,Школа №5,kk,single,51.8,False,,eliminated
P00748,Мария,Иванова,F,Акмолинская область,Восточный район,Школа №5,ru,full,43.7,False,,eliminated
P00749,Алтынай,Абилов,F,Туркестанская область,Северный район,Школа №1,kk,full,45.8,False,,eliminated
P00750,Ержан,Жумабеков,M,Жетысуская область,Заречный район,Школа №1,kk,full,33.9,False,,eliminated
P00751,Никита,Волков,M,Абайская область,Восточный район,Школа №2,ru,single,35.2,False,,eliminated
P00752,Иван,Новиков,M,Абайская область,Сельский район,Школа №4,ru,single,28.7,False,,eliminated
P00753,Нурлан,Жумабеков,M,г. Шымкент,Западный район,Школа №2,kk,single,34.4,False,,eliminated
P00754,Александр,Морозов,M,Кызылординская область,Центральный район,Школа №3,ru,full,70.8,True,48.7,finalist
P00755,Темирлан,Маратов,M,Актюбинская область,Западный район,Школа №2,kk,full,40.8,False,,eliminated
P00756,Рамазан,Маратов,M,г. Астана,Сельский район,Школа №2,kk,single,88.5,True,52.5,finalist
P00757,Дана,Тулегенов,F,Павлодарская область,Южный район,Школа №3,kk,full,62.4,False,,eliminated
P00758,Алтынай,Абилов,F,г. Алматы,Заречный район,Школа №3,kk,full,57.8,False,,eliminated
P00759,Андрей,Кузнецов,M,Северо-Казахстанская область,Центральный район,Школа №2,ru,full,42.1,False,,eliminated
P00760,Дана,Сериков,F,Атырауская область,Восточный район,Школа №2,kk,full,65.5,False,,eliminated
P00761,Сауле,Алиев,F,Туркестанская область,Южный район,Школа №1,kk,full,46.4,False,,eliminated
P00762,Владислав,Морозов,M,Костанайская область,Восточный район,Школа №3,ru,full,56.8,False,,eliminated
P00763,Сауле,Абилов,F,Северо-Казахстанская область,Южный район,Школа №3,kk,full,93.4,True,53.2,finalist
P00764,Данияр,Темирбеков,M,Атырауская область,Южный район,Школа №2,kk,full,53.6,False,,eliminated
P00765,Аян,Алиев,M,Атырауская область,Северный район,Школа №1,kk,single,66.2,True,66.3,finalist
P00766,Жансая,Алиев,F,Жамбылская область,Западный район,Школа №3,kk,single,38.5,False,,eliminated
P00767,Аян,Тулегенов,M,Карагандинская область,Центральный район,Школа №4,kk,single,48.5,False,,eliminated
P00768,Ксения,Смирнова,F,Абайская область,Заречный район,Школа №5,ru,full,81.6,True,64.0,finalist
P00769,Дария,Сатпаев,F,Атырауская область,Сельский район,Школа №4,kk,full,45.6,False,,eliminated
P00770,Айдар,Алиев,M,г. Алматы,Центральный район,Школа №4,kk,full,82.2,True,45.5,finalist
P00771,Ерасыл,Темирбеков,M,г. Шымкент,Заречный район,Школа №5,kk,full,65.6,False,,eliminated
P00772,Айгерим,Сериков,F,г. Алматы,Сельский район,Школа №1,kk,single,40.6,False,,eliminated
P00773,Шынгыс,Сатпаев,M,Улытауская область,Центральный район,Школа №3,kk,full,64.5,False,,eliminated
P00774,Камила,Кадыров,F,Абайская область,Южный район,Школа №3,kk,single,63.6,False,,eliminated
P00775,Меруерт,Маратов,F,Павлодарская область,Сельский район,Школа №2,kk,single,58.3,False,,eliminated
P00776,Малика,Алиев,F,г. Астана,Западный район,Школа №2,kk,full,31.4,False,,eliminated
P00777,Динара,Сериков,F,г. Астана,Сельский район,Школа №1,kk,full,44.1,False,,eliminated
P00778,Сауле,Абилов,F,г. Астана,Сельский район,Школа №2,kk,full,51.3,False,,eliminated
P00779,Айдар,Жумабеков,M,г. Астана,Южный район,Школа №4,kk,full,53.9,False,,eliminated
P00780,Дария,Касенов,F,Туркестанская область,Центральный район,Школа №3,kk,full,64.3,False,,eliminated
P00781,Екатерина,Иванова,F,Алматинская область,Сельский район,Школа №1,ru,full,57.7,False,,eliminated
P00782,Нурлан,Жумабеков,M,Туркестанская область,Заречный район,Школа №3,kk,full,35.0,False,,eliminated
P00783,Дарья,Волкова,F,Акмолинская область,Северный район,Школа №2,ru,full,60.7,False,,eliminated
P00784,Ержан,Темирбеков,M,Карагандинская область,Южный район,Школа №1,kk,full,64.2,False,,eliminated
P00785,Алтынай,Сатпаев,F,Восточно-Казахстанская область,Западный район,Школа №3,kk,single,57.4,False,,eliminated
P00786,Жансая,Сериков,F,г. Алматы,Западный район,Школа №2,kk,full,71.2,True,72.1,finalist
P00787,Наргиз,Нурланов,F,Костанайская область,Северный район,Школа №2,kk,full,67.5,True,63.7,finalist
P00788,Полина,Волкова,F,Улытауская область,Сельский район,Школа №5,ru,single,55.9,False,,eliminated
P00789,Алина,Сериков,F,Атырауская область,Центральный район,Школа №3,kk,full,53.9,False,,eliminated
P00790,Шынгыс,Тулегенов,M,Костанайская область,Северный район,Школа №1,kk,single,24.1,False,,eliminated
P00791,Арман,Маратов,M,Жетысуская область,Южный район,Школа №2,kk,single,55.4,False,,eliminated
P00792,Андрей,Петров,M,Абайская область,Сельский район,Школа №4,ru,full,58.1,False,,eliminated
P00793,Михаил,Волков,M,Акмолинская область,Восточный район,Школа №3,ru,full,59.1,False,,eliminated
P00794,Алмат,Сериков,M,г. Шымкент,Северный район,Школа №2,kk,full,35.8,False,,eliminated
P00795,Дамир,Сатпаев,M,Кызылординская область,Южный район,Школа №5,kk,single,32.8,False,,eliminated
P00796,Алина,Сериков,F,г. Астана, Сельский район ,Школа №2,kk,single,64.8,False,,eliminated
P00797,Сауле,Темирбеков,F,Алматинская область,Северный район,Школа №4,kk,full,54.4,False,,eliminated
P00798,Алтынай,Алиев,F,Кызылординская область,Восточный район,Школа №5,kk,full,65.2,False,,eliminated
P00799,Андрей,Новиков,M,Алматинская область,Западный район,Школа №3,ru,single,49.4,False,,eliminated
P00800,Динара,Абилов,F,Алматинская область,Восточный район,Школа №5,kk,single,49.4,False,,eliminated
P00801,Екатерина,Морозова,F,Павлодарская область,Южный район,Школа №4,ru,full,69.1,True,68.5,finalist
P00802,Максим,Попов,M,Восточно-Казахстанская область,Центральный район,Школа №4,ru,full,47.3,False,,eliminated
P00803,Алихан,Сериков,M,Атырауская область,Восточный район,Школа №5,kk,single,50.4,False,,eliminated
P00804,Дарья,Петрова,F,Кызылординская область,Северный район,Школа №5,ru,single,42.1,False,,eliminated
P00805,Нурлан,Маратов,M,Туркестанская область,Южный район,Школа №5,kk,full,48.5,False,,eliminated
P00806,Мария,Попова,F,Туркестанская область,Заречный район,Школа №4,ru,single,44.4,False,,eliminated
P00807,Меруерт,Сериков,F,Алматинская область,Южный район,Школа №2,kk,full,58.3,False,,eliminated
P00808,Айдар,Сериков,M,Туркестанская область, Заречный район ,Школа №2,kk,full,47.8,False,,eliminated
P00809,Эльмира,Сатпаев,F,Алматинская область,Сельский район,Школа №5,kk,single,67.8,True,97.4,finalist
P00810,Наргиз,Абилов,F,Улытауская область,Южный район,Школа №5,kk,full,41.6,False,,eliminated
P00811,Малика,Сериков,F,Мангистауская область,Восточный район,Школа №4,kk,full,52.2,False,,eliminated
P00812,Данияр,Маратов,M,Восточно-Казахстанская область,Восточный район,Школа №3,kk,single,42.4,False,,eliminated
P00813,Наргиз,Касенов,F,г. Алматы,Заречный район,Школа №4,kk,full,76.7,True,67.6,finalist
P00814,Камила,Жумабеков,F,Туркестанская область,Западный район,Школа №5,kk,full,57.9,False,,eliminated
P00815,Айдана,Темирбеков,F,г. Астана,Центральный район,Школа №3,kk,full,70.5,True,35.8,finalist
P00816,Динара,Нурланов,F,Алматинская область,Восточный район,Школа №3,kk,full,32.7,False,,eliminated
P00817,Бекжан,Касенов,M,Карагандинская область,Западный район,Школа №1,kk,single,53.0,False,,eliminated
P00818,Темирлан,Кадыров,M,Акмолинская область,Восточный район,Школа №4,kk,full,68.3,True,67.1,finalist
P00819,Наргиз,Сатпаев,F,Абайская область,Южный район,Школа №4,kk,full,56.2,False,,eliminated
P00820,Бауыржан,Кадыров,M,Туркестанская область,Западный район,Школа №3,kk,full,71.0,True,61.8,finalist
P00821,Владислав,Новиков,M,Актюбинская область,Сельский район,Школа №2,ru,full,47.2,False,,eliminated
P00822,Кирилл,Кузнецов,M,г. Шымкент,Заречный район,Школа №5,ru,full,76.1,True,68.2,finalist
P00823,Санжар,Абилов,M,Павлодарская область,Северный район,Школа №1,kk,full,89.5,True,51.6,finalist
P00824,Кирилл,Морозов,M,Костанайская область,Северный район,Школа №3,ru,full,49.6,False,,eliminated
P00825,Артём,Иванов,M,Улытауская область,Сельский район,Школа №4,ru,full,48.3,False,,eliminated
P00826,Ольга,Соколова,F,г. Алматы,Сельский район,Школа №4,ru,single,70.8,True,44.9,finalist
P00827,Балжан,Кадыров,F,Северо-Казахстанская область,Северный район,Школа №3,kk,single,72.7,True,63.7,finalist
P00828,Андрей,Кузнецов,M,Павлодарская область,Южный район,Школа №2,ru,full,47.2,False,,eliminated
P00829,Алтынай,Алиев,F,Жамбылская область,Центральный район,Школа №3,kk,full,48.7,False,,eliminated
P00830,Айдана,Бекенов,F,Восточно-Казахстанская область,Южный район,Школа №3,kk,single,44.8,False,,eliminated
P00831,Айдар,Маратов,M,Туркестанская область, Сельский район ,Школа №1,kk,full,34.8,False,,eliminated
P00832,Нурлан,Кадыров,M,Актюбинская область,Восточный район,Школа №2,kk,full,41.2,False,,eliminated
P00833,Алтынай,Тулегенов,F,г. Астана,Сельский район,Школа №3,kk,full,39.9,False,,eliminated
P00834,Ерасыл,Кадыров,M,г. Астана,Заречный район,Школа №2,kk,single,37.5,False,,eliminated
P00835,Бауыржан,Жумабеков,M,Северо-Казахстанская область,Восточный район,Школа №5,kk,full,54.5,False,,eliminated
P00836,Анна,Попова,F,г. Алматы,Восточный район,Школа №2,ru,single,52.5,False,,eliminated
P00837,Ксения,Новикова,F,Кызылординская область,Сельский район,Школа №5,ru,full,78.3,True,42.1,finalist
P00838,Анастасия,Кузнецова,F,Западно-Казахстанская область,Западный район,Школа №3,ru,single,34.0,False,,eliminated
P00839,Гульнара,Абилов,F,Мангистауская область,Центральный район,Школа №4,kk,single,63.8,False,,eliminated
P00840,Гульнара,Жумабеков,F,Жамбылская область,Сельский район,Школа №4,kk,full,51.8,False,,eliminated
P00841,Мария,Иванова,F,Западно-Казахстанская область,Сельский район,Школа №4,ru,full,54.3,False,,eliminated
P00842,Кирилл,Петров,M,Восточно-Казахстанская область,Заречный район,Школа №1,ru,full,65.1,False,,eliminated
P00843,Ксения,Новикова,F,Абайская область,Сельский район,Школа №2,ru,full,38.2,False,,eliminated
P00844,Камила,Бекенов,F,Карагандинская область,Южный район,Школа №1,kk,full,60.7,False,,eliminated
P00845,Дарья,Волкова,F,Павлодарская область,Сельский район,Школа №4,ru,full,57.5,False,,eliminated
P00846,Томирис,Кадыров,F,Карагандинская область,Северный район,Школа №3,kk,full,62.4,False,,eliminated
P00847,София,Кузнецова,F,Абайская область,Центральный район,Школа №5,ru,full,59.3,False,,eliminated
P00848,Екатерина,Соколова,F,Восточно-Казахстанская область,Центральный район,Школа №4,ru,full,91.8,True,53.1,finalist
P00849,Артём,Волков,M,Алматинская область,Центральный район,Школа №4,ru,single,39.4,False,,eliminated
P00850,Ольга,Петрова,F,Жетысуская область,Заречный район,Школа №3,ru,full,47.0,False,,eliminated
P00851,Балжан,Сатпаев,F,Жамбылская область,Сельский район,Школа №2,kk,full,45.7,False,,eliminated
P00852,Данияр,Жумабеков,M,Жетысуская область,Западный район,Школа №2,kk,full,46.7,False,,eliminated
P00853,Айгерим,Абилов,F,Атырауская область,Сельский район,Школа №4,kk,full,45.4,False,,eliminated
P00854,София,Соколова,F,Актюбинская область,Центральный район,Школа №1,ru,full,72.8,True,53.3,finalist
P00855,Никита,Волков,M,Акмолинская область,Центральный район,Школа №5,ru,full,76.3,True,48.4,finalist
P00856,Дарья,Морозова,F,Акмолинская область,Западный район,Школа №2,ru,full,46.4,False,,eliminated
P00857,Дарья,Петрова,F,Костанайская область,Заречный район,Школа №2,ru,full,42.5,False,,eliminated
P00858,Максим,Соколов,M,Кызылординская область,Восточный район,Школа №3,ru,full,62.1,False,,eliminated
P00859,Динара,Нурланов,F,Восточно-Казахстанская область,Южный район,Школа №4,kk,single,40.7,False,,eliminated
P00860,Максим,Иванов,M,Жамбылская область,Северный район,Школа №2,ru,full,64.5,False,,eliminated
P00861,Кирилл,Петров,M,Туркестанская область,Центральный район,Школа №5,ru,full,58.0,False,,eliminated
P00862,Дарья,Петрова,F,Кызылординская область,Центральный район,Школа №3,ru,full,32.3,False,,eliminated
P00863,Дамир,Сатпаев,M,г. Астана,Северный район,Школа №1,kk,full,78.2,True,61.0,finalist
P00864,Алина,Бекенов,F,Туркестанская область,Заречный район,Школа №3,kk,full,81.9,True,43.5,finalist
P00865,Мария,Попова,F,г. Астана,Центральный район,Школа №2,ru,full,45.8,False,,eliminated
P00866,Максим,Новиков,M,Западно-Казахстанская область,Западный район,Школа №3,ru,single,43.2,False,,eliminated
P00867,Ксения,Волкова,F,Атырауская область,Северный район,Школа №3,ru,full,59.3,False,,eliminated
P00868,Шынгыс,Нурланов,M,Актюбинская область,Восточный район,Школа №2,kk,single,54.0,False,,eliminated
P00869,Балжан,Алиев,F,Мангистауская область,Сельский район,Школа №2,kk,full,64.9,False,,eliminated
P00870,Дария,Касенов,F,г. Шымкент,Северный район,Школа №1,kk,single,79.2,True,60.4,finalist
P00871,Камила,Абилов,F,Западно-Казахстанская область,Западный район,Школа №1,kk,single,46.3,False,,eliminated
P00872,Малика,Касенов,F,Павлодарская область,Центральный район,Школа №3,kk,single,37.0,False,,eliminated
P00873,Аружан,Абилов,F,Улытауская область,Заречный район,Школа №1,kk,full,34.3,False,,eliminated
P00874,Максим,Соколов,M,Атырауская область,Северный район,Школа №3,ru,single,38.0,False,,eliminated
P00875,Айдана,Тулегенов,F,Актюбинская область,Центральный район,Школа №5,kk,full,54.5,False,,eliminated
P00876,Никита,Соколов,M,Кызылординская область,Южный район,Школа №5,ru,full,81.9,True,53.2,finalist
P00877,Аяна,Нурланов,F,Акмолинская область,Центральный район,Школа №3,kk,full,47.2,False,,eliminated
P00878,Ольга,Волкова,F,Западно-Казахстанская область,Южный район,Школа №2,ru,full,58.4,False,,eliminated
P00879,Дмитрий,Петров,M,Павлодарская область, Западный район ,Школа №4,ru,full,54.8,False,,eliminated
P00880,Жаныбек,Касенов,M,г. Шымкент,Заречный район,Школа №5,kk,single,66.8,True,68.9,finalist
P00881,Мария,Соколова,F,Актюбинская область,Северный район,Школа №2,ru,full,92.9,True,36.2,finalist
P00882,Александр,Кузнецов,M,Туркестанская область,Заречный район,Школа №2,ru,full,47.0,False,,eliminated
P00883,Екатерина,Петрова,F,Карагандинская область,Сельский район,Школа №4,ru,full,47.7,False,,eliminated
P00884,Максим,Новиков,M,Туркестанская область,Центральный район,Школа №5,ru,full,70.7,True,47.0,finalist
P00885,Кирилл,Иванов,M,Костанайская область,Центральный район,Школа №4,ru,single,59.2,False,,eliminated
P00886,София,Морозова,F,Карагандинская область,Центральный район,Школа №4,ru,full,82.7,True,85.1,finalist
P00887,Ольга,Кузнецова,F,Акмолинская область, Западный район ,Школа №5,ru,full,63.8,False,,eliminated
P00888,Кирилл,Новиков,M,Алматинская область,Восточный район,Школа №3,ru,full,49.6,False,,eliminated
P00889,Бауыржан,Абилов,M,Кызылординская область,Восточный район,Школа №2,kk,full,63.9,False,,eliminated
P00890,Ольга,Смирнова,F,Карагандинская область,Заречный район,Школа №4,ru,single,65.6,False,,eliminated
P00891,Ольга,Смирнова,F,г. Шымкент,Северный район,Школа №1,ru,full,67.3,True,62.3,finalist
P00892,Шынгыс,Абилов,M,Алматинская область,Сельский район,Школа №4,kk,full,62.6,False,,eliminated
P00893,Адильхан,Кадыров,M,Западно-Казахстанская область,Южный район,Школа №2,kk,single,65.0,False,,eliminated
P00894,Алина,Кадыров,F,Павлодарская область,Центральный район,Школа №1,kk,full,72.5,True,46.8,finalist
P00895,Ксения,Иванова,F,г. Алматы,Южный район,Школа №5,ru,full,75.7,True,70.4,finalist
P00896,Олжас,Абилов,M,Алматинская область,Центральный район,Школа №5,kk,single,58.7,False,,eliminated
P00897,Анастасия,Морозова,F,Алматинская область,Северный район,Школа №2,ru,single,46.5,False,,eliminated
P00898,Олжас,Тулегенов,M,Туркестанская область,Заречный район,Школа №2,kk,full,57.2,False,,eliminated
P00899,Бауыржан,Абилов,M,Павлодарская область,Сельский район,Школа №2,kk,single,67.1,True,65.5,finalist
P00900,Аян,Сериков,M,Западно-Казахстанская область,Южный район,Школа №4,kk,full,42.7,False,,eliminated
P00901,Сабина,Нурланов,F,Жетысуская область,Северный район,Школа №4,kk,single,54.5,False,,eliminated
P00902,Полина,Попова,F,Абайская область,Восточный район,Школа №1,ru,single,43.1,False,,eliminated
P00903,Динара,Кадыров,F,Мангистауская область,Сельский район,Школа №1,kk,full,55.4,False,,eliminated
P00904,Артём,Волков,M,Акмолинская область,Заречный район,Школа №5,ru,single,68.2,True,77.7,finalist
P00905,Михаил,Соколов,M,Костанайская область, Южный район ,Школа №3,ru,single,51.9,False,,eliminated
P00906,Камила,Абилов,F,Жамбылская область,Западный район,Школа №5,kk,full,55.7,False,,eliminated
P00907,Мария,Кузнецова,F,Карагандинская область,Центральный район,Школа №3,ru,full,34.6,False,,eliminated
P00908,Полина,Морозова,F,Карагандинская область,Северный район,Школа №5,ru,full,66.2,True,30.2,finalist
P00909,Адильхан,Темирбеков,M,г. Алматы,Западный район,Школа №3,kk,single,58.7,False,,eliminated
P00910,Айдана,Кадыров,F,Западно-Казахстанская область,Заречный район,Школа №1,kk,full,87.4,True,54.2,finalist
P00911,Дария,Сатпаев,F,Абайская область,Восточный район,Школа №2,kk,single,44.4,False,,eliminated
P00912,Сауле,Сатпаев,F,Жетысуская область,Южный район,Школа №5,kk,full,58.3,False,,eliminated
P00913,Гульнара,Сериков,F,Костанайская область,Западный район,Школа №3,kk,full,58.7,False,,eliminated
P00914,Нурлан,Сериков,M,Актюбинская область,Центральный район,Школа №2,kk,full,78.7,True,69.9,finalist
P00915,Санжар,Нурланов,M,г. Астана,Западный район,Школа №4,kk,single,47.6,False,,eliminated
P00916,Меруерт,Маратов,F,Туркестанская область,Заречный район,Школа №2,kk,full,59.2,False,,eliminated
P00917,Артём,Морозов,M,Улытауская область,Центральный район,Школа №4,ru,full,64.1,False,,eliminated
P00918,Ксения,Петрова,F,г. Шымкент,Сельский район,Школа №1,ru,full,57.8,False,,eliminated
P00919,Алмат,Кадыров,M,Карагандинская область,Южный район,Школа №4,kk,full,48.3,False,,eliminated
P00920,Кирилл,Иванов,M,Карагандинская область,Южный район,Школа №4,ru,full,57.9,False,,eliminated
P00921,Айдана,Нурланов,F,Туркестанская область,Западный район,Школа №4,kk,single,65.1,False,,eliminated
P00922,Эльмира,Алиев,F,Атырауская область,Западный район,Школа №4,kk,full,39.6,False,,eliminated
P00923,Андрей,Волков,M,г. Шымкент,Восточный район,Школа №4,ru,full,57.0,False,,eliminated
P00924,Максим,Соколов,M,Актюбинская область,Сельский район,Школа №1,ru,full,44.5,False,,eliminated
P00925,Полина,Петрова,F,г. Алматы,Центральный район,Школа №5,ru,full,72.9,True,44.0,finalist
P00926,Полина,Кузнецова,F,Туркестанская область,Западный район,Школа №1,ru,full,32.2,False,,eliminated
P00927,Елена,Кузнецова,F,Жетысуская область,Сельский район,Школа №5,ru,full,46.6,False,,eliminated
P00928,Камила,Сатпаев,F,Акмолинская область,Восточный район,Школа №1,kk,full,60.7,False,,eliminated
P00929,Санжар,Кадыров,M,Мангистауская область,Южный район,Школа №1,kk,full,78.5,True,79.2,finalist
P00930,Алихан,Алиев,M,Карагандинская область,Восточный район,Школа №1,kk,full,54.0,False,,eliminated
P00931,Айдар,Жумабеков,M,Мангистауская область,Центральный район,Школа №4,kk,single,40.7,False,,eliminated
P00932,Андрей,Иванов,M,Жамбылская область,Северный район,Школа №5,ru,full,83.2,True,55.4,finalist
P00933,Алтынай,Жумабеков,F,Акмолинская область,Южный район,Школа №4,kk,full,33.3,False,,eliminated
P00934,Адильхан,Жумабеков,M,г. Алматы,Западный район,Школа №2,kk,single,16.0,False,,eliminated
P00935,Томирис,Нурланов,F,Северо-Казахстанская область,Центральный район,Школа №5,kk,full,61.6,False,,eliminated
P00936,Аяна,Бекенов,F,г. Алматы,Восточный район,Школа №5,kk,full,47.5,False,,eliminated
P00937,Шынгыс,Жумабеков,M,Восточно-Казахстанская область,Центральный район,Школа №4,kk,full,39.7,False,,eliminated
P00938,Иван,Кузнецов,M,г. Астана,Сельский район,Школа №1,ru,full,65.6,False,,eliminated
P00939,Алина,Нурланов,F,Алматинская область,Сельский район,Школа №5,kk,single,52.7,False,,eliminated
P00940,Сабина,Кадыров,F,Костанайская область,Заречный район,Школа №4,kk,full,46.5,False,,eliminated
P00941,Балжан,Абилов,F,г. Шымкент, Южный район ,Школа №2,kk,full,35.8,False,,eliminated
P00942,Адильхан,Касенов,M,Восточно-Казахстанская область,Восточный район,Школа №4,kk,single,62.1,False,,eliminated
P00943,Анна,Морозова,F,Абайская область,Сельский район,Школа №4,ru,full,64.8,False,,eliminated
P00944,Никита,Попов,M,Мангистауская область,Северный район,Школа №1,ru,full,53.5,False,,eliminated
P00945,Адильхан,Бекенов,M,Абайская область,Сельский район,Школа №3,kk,full,82.7,True,70.9,finalist
P00946,Гульнара,Бекенов,F,Туркестанская область,Южный район,Школа №4,kk,single,32.9,False,,eliminated
P00947,Балжан,Касенов,F,Мангистауская область,Центральный район,Школа №5,kk,full,32.1,False,,eliminated
P00948,Тимур,Касенов,M,г. Шымкент,Западный район,Школа №5,kk,full,44.6,False,,eliminated
P00949,Тимур,Бекенов,M,Улытауская область,Заречный район,Школа №2,kk,single,48.3,False,,eliminated
P00950,Михаил,Волков,M,Западно-Казахстанская область,Заречный район,Школа №4,ru,full,58.7,False,,eliminated
P00951,Александр,Попов,M,Павлодарская область,Сельский район,Школа №3,ru,full,51.4,False,,eliminated
P00952,Сабина,Темирбеков,F,Жетысуская область,Центральный район,Школа №4,kk,full,60.3,False,,eliminated
P00953,Ерасыл,Сериков,M,г. Астана, Сельский район ,Школа №2,kk,single,30.2,False,,eliminated
P00954,Бекжан,Бекенов,M,Восточно-Казахстанская область,Южный район,Школа №1,kk,full,76.7,True,74.7,finalist
P00955,Ерасыл,Жумабеков,M,Жетысуская область,Центральный район,Школа №3,kk,single,47.8,False,,eliminated
P00956,Гульнара,Сериков,F,г. Шымкент,Западный район,Школа №1,kk,full,71.8,True,75.3,finalist
P00957,Айдана,Темирбеков,F,Мангистауская область,Южный район,Школа №1,kk,single,54.1,False,,eliminated
P00958,Александр,Соколов,M,г. Шымкент,Заречный район,Школа №1,ru,full,61.9,False,,eliminated
P00959,Камила,Нурланов,F,Алматинская область,Западный район,Школа №2,kk,single,57.5,False,,eliminated
P00960,Меруерт,Нурланов,F,Северо-Казахстанская область,Сельский район,Школа №5,kk,full,61.7,False,,eliminated
P00961,Александр,Новиков,M,Улытауская область,Южный район,Школа №1,ru,full,64.6,False,,eliminated
P00962,Балжан,Сатпаев,F,Атырауская область,Заречный район,Школа №3,kk,full,74.9,True,90.3,finalist
P00963,Гульнара,Алиев,F,Акмолинская область,Центральный район,Школа №5,kk,full,57.9,False,,eliminated
P00964,Елена,Волкова,F,г. Алматы,Сельский район,Школа №4,ru,full,65.6,False,,eliminated
P00965,Адильхан,Тулегенов,M,г. Астана,Заречный район,Школа №1,kk,full,53.7,False,,eliminated
P00966,Айдана,Нурланов,F,Кызылординская область,Северный район,Школа №2,kk,single,70.6,True,66.5,finalist
P00967,Максим,Волков,M,Костанайская область,Сельский район,Школа №3,ru,full,44.9,False,,eliminated
P00968,Олжас,Темирбеков,M,Туркестанская область,Северный район,Школа №2,kk,full,82.0,True,79.7,finalist
P00969,Рамазан,Маратов,M,Костанайская область,Сельский район,Школа №2,kk,full,54.4,False,,eliminated
P00970,Айгерим,Сериков,F,Кызылординская область,Центральный район,Школа №2,kk,full,33.5,False,,eliminated
P00971,Ержан,Темирбеков,M,Абайская область,Северный район,Школа №2,kk,full,56.9,False,,eliminated
P00972,Темирлан,Бекенов,M,Восточно-Казахстанская область, Северный район ,Школа №3,kk,single,38.8,False,,eliminated
P00973,Кирилл,Петров,M,Костанайская область,Северный район,Школа №2,ru,full,67.6,True,73.2,finalist
P00974,Санжар,Сатпаев,M,Павлодарская область,Заречный район,Школа №2,kk,single,39.2,False,,eliminated
P00975,Темирлан,Нурланов,M,Кызылординская область,Южный район,Школа №2,kk,single,42.3,False,,eliminated
P00976,Сауле,Жумабеков,F,Атырауская область,Южный район,Школа №3,kk,single,20.7,False,,eliminated
P00977,Ольга,Кузнецова,F,Актюбинская область,Сельский район,Школа №5,ru,full,48.2,False,,eliminated
P00978,Полина,Попова,F,Туркестанская область,Западный район,Школа №3,ru,single,12.6,False,,eliminated
P00979,Наргиз,Абилов,F,Западно-Казахстанская область,Западный район,Школа №5,kk,full,31.2,False,,eliminated
P00980,Максим,Кузнецов,M,Мангистауская область,Северный район,Школа №4,ru,full,66.4,True,70.8,finalist
P00981,Сауле,Сериков,F,Атырауская область,Сельский район,Школа №4,kk,full,66.8,True,53.0,finalist
P00982,Санжар,Сатпаев,M,Костанайская область,Восточный район,Школа №4,kk,full,61.4,False,,eliminated
P00983,Камила,Темирбеков,F,Восточно-Казахстанская область,Восточный район,Школа №1,kk,full,40.5,False,,eliminated
P00984,Михаил,Морозов,M,Актюбинская область,Сельский район,Школа №2,ru,full,54.3,False,,eliminated
P00985,Бауыржан,Кадыров,M,Жамбылская область,Заречный район,Школа №3,kk,single,48.9,False,,eliminated
P00986,Екатерина,Волкова,F,Атырауская область,Сельский район,Школа №5,ru,single,31.6,False,,eliminated
P00987,Ержан,Нурланов,M,Мангистауская область,Сельский район,Школа №1,kk,full,77.6,True,55.4,finalist
P00988,Дарья,Лебедева,F,Жетысуская область,Северный район,Школа №2,ru,full,68.2,True,65.5,finalist
P00989,Ольга,Новикова,F,Костанайская область,Сельский район,Школа №2,ru,full,51.7,False,,eliminated
P00990,Меруерт,Абилов,F,г. Алматы,Центральный район,Школа №5,kk,single,49.4,False,,eliminated
P00991,Максим,Попов,M,Костанайская область,Северный район,Школа №4,ru,single,52.1,False,,eliminated
P00992,Томирис,Темирбеков,F,г. Астана,Сельский район,Школа №2,kk,full,24.4,False,,eliminated
P00993,Эльмира,Сатпаев,F,г. Астана,Сельский район,Школа №4,kk,full,51.3,False,,eliminated
P00994,Бауыржан,Абилов,M,Алматинская область,Южный район,Школа №4,kk,full,44.8,False,,eliminated
P00995,Темирлан,Алиев,M,Акмолинская область,Сельский район,Школа №4,kk,full,40.0,False,,eliminated
P00996,Кирилл,Соколов,M,Жамбылская область,Северный район,Школа №5,ru,full,50.8,False,,eliminated
P00997,Аян,Кадыров,M,Павлодарская область,Восточный район,Школа №1,kk,full,82.0,True,78.8,finalist
P00998,Кирилл,Кузнецов,M,Атырауская область,Сельский район,Школа №4,ru,single,58.6,False,,eliminated
P00999,Томирис,Жумабеков,F,г. Астана,Северный район,Школа №4,kk,full,46.4,False,,eliminated
P01000,Алихан,Нурланов,M,г. Шымкент,Сельский район,Школа №3,kk,single,57.6,False,,eliminated
P01001,Томирис,Темирбеков,F,Актюбинская область,Южный район,Школа №4,kk,full,76.0,True,51.6,finalist
P01002,Мария,Волкова,F,Восточно-Казахстанская область,Восточный район,Школа №5,ru,single,62.9,False,,eliminated
P01003,Артём,Волков,M,Алматинская область,Восточный район,Школа №1,ru,full,55.9,False,,eliminated
P01004,Сауле,Жумабеков,F,Актюбинская область,Заречный район,Школа №2,kk,single,39.3,False,,eliminated
P01005,Андрей,Попов,M,Актюбинская область,Сельский район,Школа №3,ru,full,65.5,False,,eliminated
P01006,Айдар,Абилов,M,Абайская область,Центральный район,Школа №4,kk,full,60.9,False,,eliminated
P01007,Мария,Иванова,F,Абайская область,Южный район,Школа №2,ru,full,68.4,True,61.1,finalist
P01008,Алина,Сериков,F,г. Алматы,Заречный район,Школа №4,kk,full,64.5,False,,eliminated
P01009,Дарья,Иванова,F,г. Шымкент,Центральный район,Школа №1,ru,full,70.7,True,78.7,finalist
P01010,Адильхан,Касенов,M,Западно-Казахстанская область,Северный район,Школа №2,kk,full,47.0,False,,eliminated
P01011,Владислав,Новиков,M,Акмолинская область,Сельский район,Школа №5,ru,full,74.8,True,64.3,finalist
P01012,Мария,Соколова,F,Северо-Казахстанская область,Центральный район,Школа №1,ru,single,52.0,False,,eliminated
P01013,Ксения,Кузнецова,F,Жамбылская область, Центральный район ,Школа №1,ru,single,80.1,True,67.4,finalist
P01014,Алихан,Бекенов,M,Алматинская область,Сельский район,Школа №2,kk,single,38.7,False,,eliminated
P01015,Ерасыл,Кадыров,M,г. Алматы,Заречный район,Школа №2,kk,single,75.0,True,70.7,finalist
P01016,Бекжан,Бекенов,M,Алматинская область,Южный район,Школа №1,kk,full,58.0,False,,eliminated
P01017,Олжас,Бекенов,M,Актюбинская область,Заречный район,Школа №5,kk,full,45.2,False,,eliminated
P01018,Данияр,Сатпаев,M,Туркестанская область,Центральный район,Школа №5,kk,full,47.7,False,,eliminated
P01019,Камила,Касенов,F,Атырауская область,Южный район,Школа №3,kk,single,44.2,False,,eliminated
P01020,Айгерим,Сатпаев,F,г. Астана,Восточный район,Школа №2,kk,full,61.4,False,,eliminated
P01021,Айгерим,Сатпаев,F,Алматинская область,Южный район,Школа №4,kk,single,56.8,False,,eliminated
P01022,Жансая,Абилов,F,Карагандинская область,Северный район,Школа №2,kk,full,46.4,False,,eliminated
P01023,Максим,Попов,M,Атырауская область,Южный район,Школа №1,ru,full,54.6,False,,eliminated
P01024,Дария,Темирбеков,F,Жетысуская область,Сельский район,Школа №3,kk,full,87.1,True,61.7,finalist
P01025,Екатерина,Кузнецова,F,г. Шымкент,Сельский район,Школа №3,ru,full,80.9,True,61.2,finalist
P01026,Наргиз,Сериков,F,Жамбылская область,Центральный район,Школа №2,kk,single,55.5,False,,eliminated
P01027,Темирлан,Бекенов,M,Жетысуская область,Западный район,Школа №4,kk,full,55.6,False,,eliminated
P01028,Аяна,Сатпаев,F,Жетысуская область,Южный район,Школа №4,kk,single,50.8,False,,eliminated
P01029,Максим,Петров,M,Кызылординская область,Восточный район,Школа №4,ru,full,64.2,False,,eliminated
P01030,Дарья,Новикова,F,Абайская область,Сельский район,Школа №1,ru,single,33.7,False,,eliminated
P01031,Аружан,Тулегенов,F,Восточно-Казахстанская область,Южный район,Школа №3,kk,full,51.1,False,,eliminated
P01032,Алихан,Кадыров,M,Атырауская область,Заречный район,Школа №2,kk,single,24.0,False,,eliminated
P01033,Иван,Новиков,M,Мангистауская область,Восточный район,Школа №3,ru,full,61.0,False,,eliminated
P01034,Андрей,Лебедев,M,Акмолинская область,Центральный район,Школа №5,ru,full,64.7,False,,eliminated
P01035,Ксения,Морозова,F,Туркестанская область,Заречный район,Школа №1,ru,full,47.8,False,,eliminated
P01036,Екатерина,Новикова,F,Акмолинская область,Сельский район,Школа №1,ru,full,78.6,True,65.8,finalist
P01037,Меруерт,Касенов,F,Атырауская область,Южный район,Школа №5,kk,single,30.6,False,,eliminated
P01038,Алина,Касенов,F,Мангистауская область,Восточный район,Школа №1,kk,full,33.0,False,,eliminated
P01039,Нурлан,Жумабеков,M,Карагандинская область,Западный район,Школа №4,kk,full,58.4,False,,eliminated
P01040,Анна,Петрова,F,г. Астана,Сельский район,Школа №2,ru,full,70.7,True,74.8,finalist
P01041,Дмитрий,Иванов,M,Восточно-Казахстанская область,Сельский район,Школа №1,ru,full,80.3,True,76.4,finalist
P01042,Дария,Маратов,F,Павлодарская область,Северный район,Школа №2,kk,single,42.1,False,,eliminated
P01043,Алмат,Абилов,M,г. Астана,Сельский район,Школа №2,kk,full,71.2,True,91.4,finalist
P01044,Дмитрий,Лебедев,M,Северо-Казахстанская область,Заречный район,Школа №1,ru,single,48.4,False,,eliminated
P01045,Жаныбек,Сериков,M,Западно-Казахстанская область,Центральный район,Школа №5,kk,full,52.4,False,,eliminated
P01046,Анастасия,Иванова,F,Западно-Казахстанская область,Сельский район,Школа №5,ru,single,62.3,False,,eliminated
P01047,Адильхан,Нурланов,M,г. Шымкент,Западный район,Школа №3,kk,single,58.8,False,,eliminated
P01048,Нурлан,Кадыров,M,Кызылординская область,Заречный район,Школа №3,kk,single,25.4,False,,eliminated
P01049,Мария,Волкова,F,Акмолинская область,Южный район,Школа №1,ru,full,77.1,True,48.9,finalist
P01050,Аружан,Темирбеков,F,г. Шымкент,Центральный район,Школа №3,kk,single,69.7,True,54.7,finalist
P01051,Меруерт,Сатпаев,F,Туркестанская область,Западный район,Школа №2,kk,full,45.6,False,,eliminated
P01052,Ксения,Иванова,F,Кызылординская область,Сельский район,Школа №3,ru,full,60.9,False,,eliminated
P01053,Шынгыс,Сериков,M,Кызылординская область,Восточный район,Школа №4,kk,single,56.4,False,,eliminated
P01054,Мария,Соколова,F,г. Шымкент,Северный район,Школа №5,ru,single,52.9,False,,eliminated
P01055,Анастасия,Смирнова,F,Туркестанская область,Сельский район,Школа №5,ru,single,40.7,False,,eliminated
P01056,Андрей,Новиков,M,г. Алматы,Северный район,Школа №2,ru,single,38.9,False,,eliminated
P01057,Малика,Маратов,F,Абайская область,Северный район,Школа №3,kk,single,48.6,False,,eliminated
P01058,Дана,Касенов,F,Туркестанская область,Заречный район,Школа №2,kk,single,66.6,True,77.3,finalist
P01059,Динара,Бекенов,F,г. Астана,Сельский район,Школа №1,kk,full,63.2,False,,eliminated
P01060,Кирилл,Морозов,M,Павлодарская область,Сельский район,Школа №3,ru,full,49.4,False,,eliminated
P01061,Тимур,Бекенов,M,Алматинская область,Западный район,Школа №3,kk,single,60.6,False,,eliminated
P01062,Айдана,Сатпаев,F,г. Алматы,Северный район,Школа №4,kk,full,12.3,False,,eliminated
P01063,Артём,Морозов,M,г. Шымкент,Западный район,Школа №4,ru,full,72.2,True,60.6,finalist
P01064,Дария,Бекенов,F,Туркестанская область,Заречный район,Школа №5,kk,full,28.9,False,,eliminated
P01065,Анастасия,Волкова,F,Костанайская область,Южный район,Школа №1,ru,full,49.6,False,,eliminated
P01066,Балжан,Абилов,F,Карагандинская область,Заречный район,Школа №1,kk,single,32.2,False,,eliminated
P01067,Владислав,Кузнецов,M,Акмолинская область,Сельский район,Школа №4,ru,single,29.6,False,,eliminated
P01068,Артём,Иванов,M,г. Алматы,Восточный район,Школа №4,ru,single,66.4,True,78.2,finalist
P01069,Сабина,Маратов,F,Карагандинская область,Южный район,Школа №2,kk,single,42.0,False,,eliminated
P01070,Динара,Сатпаев,F,Акмолинская область,Сельский район,Школа №3,kk,full,60.2,False,,eliminated
P01071,Рамазан,Жумабеков,M,Атырауская область,Северный район,Школа №2,kk,single,48.3,False,,eliminated
P01072,Никита,Петров,M,Атырауская область,Восточный район,Школа №4,ru,full,62.2,False,,eliminated
P01073,Ержан,Абилов,M,Восточно-Казахстанская область,Центральный район,Школа №5,kk,full,56.2,False,,eliminated
P01074,Мария,Кузнецова,F,Акмолинская область,Центральный район,Школа №4,ru,full,35.8,False,,eliminated
P01075,Камила,Маратов,F,Актюбинская область,Сельский район,Школа №4,kk,full,69.9,True,85.5,finalist
P01076,Алтынай,Сериков,F,Актюбинская область,Центральный район,Школа №5,kk,full,47.6,False,,eliminated
P01077,Ольга,Соколова,F,Алматинская область,Сельский район,Школа №4,ru,full,31.7,False,,eliminated
P01078,Томирис,Алиев,F,Алматинская область,Южный район,Школа №5,kk,full,48.6,False,,eliminated
P01079,Сауле,Тулегенов,F,Улытауская область,Восточный район,Школа №5,kk,full,77.5,True,49.0,finalist
P01080,Екатерина,Петрова,F,Восточно-Казахстанская область,Сельский район,Школа №2,ru,full,67.8,True,81.0,finalist
P01081,Айдар,Алиев,M,г. Астана,Северный район,Школа №1,kk,full,49.8,False,,eliminated
P01082,Алтынай,Тулегенов,F,Карагандинская область,Южный район,Школа №2,kk,full,49.8,False,,eliminated
P01083,Дария,Темирбеков,F,Улытауская область,Сельский район,Школа №5,kk,full,50.2,False,,eliminated
P01084,Полина,Попова,F,г. Шымкент,Западный район,Школа №1,ru,full,86.2,True,66.6,finalist
P01085,Арман,Жумабеков,M,Жамбылская область,Северный район,Школа №2,kk,full,60.7,False,,eliminated
P01086,Кирилл,Петров,M,г. Алматы,Южный район,Школа №2,ru,full,61.5,False,,eliminated
P01087,Нурлан,Маратов,M,Атырауская область,Западный район,Школа №3,kk,single,64.5,False,,eliminated
P01088,Жансая,Сатпаев,F,Улытауская область,Западный район,Школа №2,kk,full,58.6,False,,eliminated
P01089,Эльмира,Бекенов,F,Актюбинская область,Южный район,Школа №1,kk,full,51.1,False,,eliminated
P01090,Алихан,Кадыров,M,Костанайская область,Сельский район,Школа №2,kk,full,52.1,False,,eliminated
P01091,Владислав,Лебедев,M,Алматинская область,Сельский район,Школа №2,ru,full,53.9,False,,eliminated
P01092,Наргиз,Сериков,F,Улытауская область,Южный район,Школа №3,kk,full,54.4,False,,eliminated
P01093,Дарья,Попова,F,Мангистауская область,Северный район,Школа №5,ru,full,65.9,False,,eliminated
P01094,Томирис,Алиев,F,Западно-Казахстанская область,Центральный район,Школа №2,kk,full,55.8,False,,eliminated
P01095,Дамир,Темирбеков,M,Кызылординская область,Заречный район,Школа №5,kk,full,66.0,True,65.9,finalist
P01096,Ержан,Абилов,M,Улытауская область,Южный район,Школа №4,kk,full,53.8,False,,eliminated
P01097,Екатерина,Соколова,F,Актюбинская область,Южный район,Школа №3,ru,single,50.2,False,,eliminated
P01098,Гульнара,Сериков,F,Восточно-Казахстанская область,Западный район,Школа №3,kk,full,25.0,False,,eliminated
P01099,Мария,Морозова,F,Атырауская область,Восточный район,Школа №5,ru,full,68.7,True,67.8,finalist
P01100,Адильхан,Маратов,M,Павлодарская область,Заречный район,Школа №3,kk,full,60.2,False,,eliminated
P01101,Полина,Волкова,F,Акмолинская область,Западный район,Школа №2,ru,full,70.0,True,57.9,finalist
P01102,Гульнара,Алиев,F,Актюбинская область,Южный район,Школа №5,kk,full,11.6,False,,eliminated
P01103,Аян,Кадыров,M,Алматинская область,Южный район,Школа №2,kk,single,80.3,True,51.4,finalist
P01104,Елена,Соколова,F,Туркестанская область,Южный район,Школа №1,ru,single,46.9,False,,eliminated
P01105,Дария,Касенов,F,Улытауская область,Сельский район,Школа №4,kk,single,65.6,False,,eliminated
P01106,Айгерим,Сатпаев,F,Северо-Казахстанская область,Южный район,Школа №1,kk,full,39.4,False,,eliminated
P01107,Жансая,Темирбеков,F,Алматинская область,Восточный район,Школа №1,kk,full,64.2,False,,eliminated
P01108,Наргиз,Темирбеков,F,Атырауская область,Сельский район,Школа №2,kk,full,39.2,False,,eliminated
P01109,Аян,Тулегенов,M,Западно-Казахстанская область,Центральный район,Школа №4,kk,full,45.6,False,,eliminated
P01110,Ержан,Маратов,M,Жамбылская область,Центральный район,Школа №1,kk,full,83.7,True,56.3,finalist
P01111,Айдар,Алиев,M,Жамбылская область,Восточный район,Школа №3,kk,full,52.1,False,,eliminated
P01112,Аружан,Кадыров,F,Мангистауская область,Западный район,Школа №4,kk,full,58.3,False,,eliminated
P01113,Дарья,Смирнова,F,Кызылординская область, Западный район ,Школа №2,ru,full,68.1,True,70.8,finalist
P01114,Эльмира,Маратов,F,Абайская область,Восточный район,Школа №3,kk,full,62.4,False,,eliminated
P01115,Аружан,Маратов,F,Улытауская область,Северный район,Школа №1,kk,single,51.3,False,,eliminated
P01116,Малика,Бекенов,F,Туркестанская область,Заречный район,Школа №1,kk,single,54.5,False,,eliminated
P01117,Томирис,Касенов,F,Атырауская область,Северный район,Школа №4,kk,full,91.1,True,74.9,finalist
P01118,Мария,Иванова,F,г. Шымкент,Северный район,Школа №1,ru,full,54.1,False,,eliminated
P01119,Екатерина,Кузнецова,F,Костанайская область,Восточный район,Школа №5,ru,full,58.0,False,,eliminated
P01120,Ержан,Жумабеков,M,Кызылординская область,Заречный район,Школа №3,kk,single,64.8,False,,eliminated
P01121,Ерасыл,Бекенов,M,Карагандинская область,Восточный район,Школа №5,kk,full,71.6,True,63.6,finalist
P01122,Иван,Попов,M,Карагандинская область,Центральный район,Школа №1,ru,full,72.8,True,66.8,finalist
P01123,Жансая,Маратов,F,Кызылординская область,Заречный район,Школа №5,kk,full,64.6,False,,eliminated
P01124,Тимур,Нурланов,M,Актюбинская область,Центральный район,Школа №5,kk,full,37.9,False,,eliminated
P01125,Екатерина,Кузнецова,F,Северо-Казахстанская область,Центральный район,Школа №5,ru,full,79.5,True,83.4,finalist
P01126,Бауыржан,Тулегенов,M,Атырауская область,Центральный район,Школа №4,kk,full,37.8,False,,eliminated
P01127,Михаил,Попов,M,Кызылординская область,Восточный район,Школа №1,ru,single,53.5,False,,eliminated
P01128,Санжар,Темирбеков,M,Восточно-Казахстанская область,Западный район,Школа №2,kk,full,43.7,False,,eliminated
P01129,Балжан,Маратов,F,Мангистауская область,Восточный район,Школа №5,kk,single,48.0,False,,eliminated
P01130,Кирилл,Морозов,M,Мангистауская область,Восточный район,Школа №2,ru,full,59.9,False,,eliminated
P01131,Адильхан,Тулегенов,M,Северо-Казахстанская область,Западный район,Школа №5,kk,full,59.8,False,,eliminated
P01132,Дана,Тулегенов,F,Алматинская область,Северный район,Школа №5,kk,full,61.3,False,,eliminated
P01133,Дамир,Алиев,M,Западно-Казахстанская область,Сельский район,Школа №2,kk,single,73.2,True,87.4,finalist
P01134,Ержан,Касенов,M,г. Шымкент,Южный район,Школа №5,kk,full,61.8,False,,eliminated
P01135,Дмитрий,Попов,M,Акмолинская область,Заречный район,Школа №3,ru,full,51.3,False,,eliminated
P01136,Айгерим,Тулегенов,F,г. Астана,Центральный район,Школа №4,kk,single,63.5,False,,eliminated
P01137,Шынгыс,Тулегенов,M,Жамбылская область,Сельский район,Школа №3,kk,full,72.8,True,78.1,finalist
P01138,Мария,Смирнова,F,Северо-Казахстанская область,Северный район,Школа №4,ru,full,36.6,False,,eliminated
P01139,Аяна,Абилов,F,Восточно-Казахстанская область,Сельский район,Школа №2,kk,full,64.0,False,,eliminated
P01140,Дария,Темирбеков,F,Карагандинская область,Северный район,Школа №4,kk,full,65.5,False,,eliminated
P01141,Нурлан,Бекенов,M,Северо-Казахстанская область,Заречный район,Школа №1,kk,single,44.5,False,,eliminated
P01142,Александр,Волков,M,Алматинская область,Восточный район,Школа №1,ru,single,69.6,True,64.4,finalist
P01143,Айдана,Алиев,F,Жетысуская область,Сельский район,Школа №2,kk,single,46.7,False,,eliminated
P01144,Анастасия,Петрова,F,г. Алматы,Заречный район,Школа №1,ru,full,56.9,False,,eliminated
P01145,Меруерт,Алиев,F,Карагандинская область,Южный район,Школа №2,kk,full,52.4,False,,eliminated
P01146,Алтынай,Темирбеков,F,Акмолинская область,Центральный район,Школа №1,kk,full,55.2,False,,eliminated
P01147,Гульнара,Темирбеков,F,Жетысуская область,Восточный район,Школа №3,kk,full,38.6,False,,eliminated
P01148,Кирилл,Петров,M,Туркестанская область,Северный район,Школа №2,ru,full,33.4,False,,eliminated
P01149,Эльмира,Кадыров,F,Алматинская область,Южный район,Школа №1,kk,single,72.9,True,47.3,finalist
P01150,Сабина,Кадыров,F,г. Шымкент,Северный район,Школа №2,kk,single,36.3,False,,eliminated
P01151,Дария,Кадыров,F,Алматинская область,Южный район,Школа №3,kk,single,34.1,False,,eliminated
P01152,Анна,Иванова,F,Атырауская область,Сельский район,Школа №3,ru,full,22.7,False,,eliminated
P01153,Максим,Петров,M,Алматинская область,Западный район,Школа №3,ru,full,45.4,False,,eliminated
P01154,Жаныбек,Кадыров,M,Костанайская область,Восточный район,Школа №4,kk,full,35.2,False,,eliminated
P01155,Гульнара,Нурланов,F,Павлодарская область,Западный район,Школа №5,kk,full,79.6,True,73.7,finalist
P01156,Алина,Сатпаев,F,Павлодарская область,Западный район,Школа №2,kk,single,64.1,False,,eliminated
P01157,Адильхан,Кадыров,M,г. Алматы,Восточный район,Школа №1,kk,full,44.7,False,,eliminated
P01158,Артём,Соколов,M,Северо-Казахстанская область,Северный район,Школа №5,ru,single,82.8,True,54.0,finalist
P01159,Гульнара,Темирбеков,F,Атырауская область,Центральный район,Школа №2,kk,full,69.7,True,66.1,finalist
P01160,Иван,Иванов,M,Алматинская область,Заречный район,Школа №4,ru,single,44.1,False,,eliminated
P01161,Жансая,Алиев,F,Актюбинская область,Северный район,Школа №5,kk,single,11.5,False,,eliminated
P01162,Максим,Смирнов,M,Улытауская область,Заречный район,Школа №4,ru,full,89.4,True,75.5,finalist
P01163,Александр,Соколов,M,Алматинская область,Северный район,Школа №1,ru,full,34.2,False,,eliminated
P01164,Жаныбек,Нурланов,M,Северо-Казахстанская область,Западный район,Школа №3,kk,single,24.3,False,,eliminated
P01165,Мария,Смирнова,F,Западно-Казахстанская область,Центральный район,Школа №2,ru,single,64.3,False,,eliminated
P01166,Жаныбек,Алиев,M,г. Алматы,Западный район,Школа №4,kk,full,91.6,True,57.7,finalist
P01167,Камила,Алиев,F,Акмолинская область,Сельский район,Школа №4,kk,full,75.8,True,78.6,finalist
P01168,Шынгыс,Кадыров,M,Абайская область,Северный район,Школа №5,kk,full,63.5,False,,eliminated
P01169,Данияр,Бекенов,M,г. Алматы,Северный район,Школа №1,kk,full,63.9,False,,eliminated
P01170,Айдар,Сатпаев,M,Туркестанская область,Центральный район,Школа №1,kk,single,61.8,False,,eliminated
P01171,Данияр,Нурланов,M,Улытауская область,Северный район,Школа №4,kk,single,60.4,False,,eliminated
P01172,Анна,Попова,F,Павлодарская область,Заречный район,Школа №5,ru,single,53.2,False,,eliminated
P01173,Жаныбек,Абилов,M,г. Астана,Сельский район,Школа №3,kk,full,56.6,False,,eliminated
P01174,Алина,Маратов,F,Жетысуская область,Северный район,Школа №2,kk,single,48.1,False,,eliminated
P01175,Михаил,Волков,M,Улытауская область,Сельский район,Школа №2,ru,full,43.7,False,,eliminated
P01176,Кирилл,Иванов,M,Мангистауская область,Северный район,Школа №5,ru,full,50.8,False,,eliminated
P01177,Наргиз,Сериков,F,Абайская область,Северный район,Школа №3,kk,full,29.6,False,,eliminated
P01178,Анна,Новикова,F,Алматинская область,Восточный район,Школа №3,ru,full,53.5,False,,eliminated
P01179,Алихан,Сериков,M,Восточно-Казахстанская область,Заречный район,Школа №3,kk,single,34.2,False,,eliminated
P01180,Ольга,Смирнова,F,Алматинская область,Западный район,Школа №3,ru,single,32.4,False,,eliminated
P01181,Артём,Новиков,M,Кызылординская область,Западный район,Школа №3,ru,full,57.7,False,,eliminated
P01182,Дана,Касенов,F,Акмолинская область,Западный район,Школа №1,kk,single,69.9,True,61.3,finalist
P01183,Александр,Смирнов,M,Алматинская область,Южный район,Школа №5,ru,full,68.8,True,44.2,finalist
P01184,Олжас,Касенов,M,Актюбинская область,Южный район,Школа №5,kk,single,25.4,False,,eliminated
P01185,Алмат,Нурланов,M,Павлодарская область,Северный район,Школа №1,kk,full,40.2,False,,eliminated
P01186,Наргиз,Сериков,F,Западно-Казахстанская область,Восточный район,Школа №2,kk,single,63.1,False,,eliminated
P01187,Тимур,Темирбеков,M,г. Шымкент,Сельский район,Школа №3,kk,single,34.3,False,,eliminated
P01188,Балжан,Темирбеков,F,Павлодарская область,Южный район,Школа №2,kk,full,51.6,False,,eliminated
P01189,Данияр,Маратов,M,Северо-Казахстанская область,Сельский район,Школа №2,kk,full,63.3,False,,eliminated
P01190,Андрей,Лебедев,M,Костанайская область,Сельский район,Школа №2,ru,full,40.5,False,,eliminated
P01191,Аян,Маратов,M,Павлодарская область,Южный район,Школа №5,kk,full,56.6,False,,eliminated
P01192,Никита,Кузнецов,M,Актюбинская область,Заречный район,Школа №5,ru,full,35.0,False,,eliminated
P01193,Ксения,Иванова,F,Атырауская область,Восточный район,Школа №4,ru,single,40.0,False,,eliminated
P01194,Кирилл,Соколов,M,Улытауская область, Заречный район ,Школа №4,ru,single,53.8,False,,eliminated
P01195,Томирис,Сериков,F,Акмолинская область,Северный район,Школа №2,kk,full,31.1,False,,eliminated
P01196,Камила,Бекенов,F,Кызылординская область,Северный район,Школа №5,kk,single,55.6,False,,eliminated
P01197,Данияр,Жумабеков,M,Улытауская область,Сельский район,Школа №4,kk,full,54.7,False,,eliminated
P01198,Ержан,Тулегенов,M,Павлодарская область,Западный район,Школа №3,kk,full,63.3,False,,eliminated
P01199,Аян,Тулегенов,M,г. Шымкент,Северный район,Школа №4,kk,full,58.4,False,,eliminated
P01200,Елена,Волкова,F,Алматинская область,Центральный район,Школа №1,ru,full,75.5,True,60.7,finalist
P01201,Андрей,Новиков,M,г. Шымкент,Западный район,Школа №4,ru,full,56.9,False,,eliminated
P01202,Мария,Кузнецова,F,Жетысуская область,Сельский район,Школа №4,ru,full,48.6,False,,eliminated
P01203,Ксения,Новикова,F,Павлодарская область,Сельский район,Школа №4,ru,full,56.8,False,,eliminated
P01204,Данияр,Жумабеков,M,Западно-Казахстанская область,Южный район,Школа №4,kk,full,63.1,False,,eliminated
P01205,Александр,Иванов,M,Абайская область,Северный район,Школа №5,ru,single,49.7,False,,eliminated
P01206,Томирис,Нурланов,F,Жетысуская область,Западный район,Школа №2,kk,full,55.6,False,,eliminated
P01207,Тимур,Нурланов,M,Атырауская область,Заречный район,Школа №2,kk,full,44.5,False,,eliminated
P01208,Бекжан,Сериков,M,Атырауская область,Западный район,Школа №5,kk,single,39.1,False,,eliminated
P01209,Дана,Тулегенов,F,Восточно-Казахстанская область,Южный район,Школа №1,kk,full,34.0,False,,eliminated
P01210,Артём,Иванов,M,г. Шымкент,Заречный район,Школа №1,ru,full,81.2,True,57.1,finalist
P01211,Максим,Попов,M,Восточно-Казахстанская область,Северный район,Школа №2,ru,full,36.3,False,,eliminated
P01212,Камила,Жумабеков,F,Акмолинская область,Южный район,Школа №2,kk,full,44.6,False,,eliminated
P01213,Алтынай,Сериков,F,Северо-Казахстанская область,Западный район,Школа №2,kk,full,44.2,False,,eliminated
P01214,Наргиз,Кадыров,F,Жамбылская область,Восточный район,Школа №1,kk,full,68.4,True,49.3,finalist
P01215,Балжан,Касенов,F,Павлодарская область,Восточный район,Школа №4,kk,single,44.6,False,,eliminated
P01216,Аян,Касенов,M,г. Астана,Заречный район,Школа №1,kk,full,73.7,True,45.3,finalist
P01217,Шынгыс,Сатпаев,M,г. Алматы,Центральный район,Школа №3,kk,single,38.9,False,,eliminated
P01218,Адильхан,Тулегенов,M,Улытауская область,Сельский район,Школа №3,kk,full,59.2,False,,eliminated
P01219,Бекжан,Сериков,M,Атырауская область,Южный район,Школа №2,kk,single,36.5,False,,eliminated
P01220,Данияр,Абилов,M,Туркестанская область,Восточный район,Школа №4,kk,single,81.2,True,81.4,finalist
P01221,Дамир,Нурланов,M,Алматинская область,Западный район,Школа №5,kk,full,37.2,False,,eliminated
P01222,Ольга,Лебедева,F,Северо-Казахстанская область,Восточный район,Школа №3,ru,single,53.6,False,,eliminated
P01223,Малика,Бекенов,F,г. Астана,Южный район,Школа №1,kk,full,64.5,False,,eliminated
P01224,Елена,Волкова,F,Павлодарская область,Южный район,Школа №5,ru,full,61.2,False,,eliminated
P01225,Ерасыл,Нурланов,M,Восточно-Казахстанская область,Южный район,Школа №2,kk,full,52.2,False,,eliminated
P01226,Андрей,Иванов,M,Костанайская область, Заречный район ,Школа №3,ru,full,53.1,False,,eliminated
P01227,Гульнара,Тулегенов,F,Актюбинская область,Восточный район,Школа №2,kk,full,55.7,False,,eliminated
P01228,Шынгыс,Касенов,M,Актюбинская область,Западный район,Школа №4,kk,full,52.8,False,,eliminated
P01229,Владислав,Кузнецов,M,Акмолинская область,Сельский район,Школа №1,ru,single,63.5,False,,eliminated
P01230,Аян,Сатпаев,M,Костанайская область,Западный район,Школа №5,kk,full,88.2,True,57.4,finalist
P01231,Никита,Иванов,M,Северо-Казахстанская область,Южный район,Школа №4,ru,full,46.6,False,,eliminated
P01232,Динара,Касенов,F,Абайская область,Центральный район,Школа №4,kk,single,28.5,False,,eliminated
P01233,Кирилл,Петров,M,г. Алматы,Сельский район,Школа №5,ru,full,53.7,False,,eliminated
P01234,Максим,Петров,M,Кызылординская область,Западный район,Школа №2,ru,full,93.7,True,35.1,finalist
P01235,Ерасыл,Маратов,M,Павлодарская область,Северный район,Школа №2,kk,single,36.9,False,,eliminated
P01236,Полина,Иванова,F,Акмолинская область,Южный район,Школа №1,ru,full,79.6,True,76.6,finalist
P01237,Динара,Маратов,F,г. Шымкент,Сельский район,Школа №3,kk,full,80.2,True,57.4,finalist
P01238,Алтынай,Алиев,F,Костанайская область,Сельский район,Школа №5,kk,single,40.7,False,,eliminated
P01239,Меруерт,Касенов,F,Алматинская область,Западный район,Школа №5,kk,full,63.5,False,,eliminated
P01240,Наргиз,Бекенов,F,Актюбинская область,Южный район,Школа №1,kk,full,79.4,True,69.3,finalist
P01241,Балжан,Маратов,F,Актюбинская область,Центральный район,Школа №1,kk,full,49.3,False,,eliminated
P01242,Камила,Бекенов,F,Туркестанская область,Центральный район,Школа №5,kk,single,45.9,False,,eliminated
P01243,Дария,Маратов,F,Северо-Казахстанская область,Заречный район,Школа №5,kk,full,46.3,False,,eliminated
P01244,Кирилл,Новиков,M,г. Шымкент,Западный район,Школа №4,ru,full,39.8,False,,eliminated
P01245,Данияр,Сатпаев,M,Алматинская область,Северный район,Школа №1,kk,single,39.3,False,,eliminated
P01246,Артём,Соколов,M,Абайская область,Восточный район,Школа №4,ru,full,36.6,False,,eliminated
P01247,Ержан,Нурланов,M,Жамбылская область,Северный район,Школа №4,kk,full,55.5,False,,eliminated
P01248,Алмат,Темирбеков,M,Мангистауская область,Заречный район,Школа №2,kk,full,43.5,False,,eliminated
P01249,Санжар,Сатпаев,M,Туркестанская область,Западный район,Школа №1,kk,full,58.5,False,,eliminated
P01250,Айдана,Темирбеков,F,г. Астана,Южный район,Школа №5,kk,full,31.7,False,,eliminated
P01251,Жаныбек,Нурланов,M,Мангистауская область,Центральный район,Школа №3,kk,full,60.0,False,,eliminated
P01252,Данияр,Маратов,M,г. Шымкент,Южный район,Школа №1,kk,full,67.5,True,60.7,finalist
P01253,Дария,Маратов,F,Жетысуская область,Северный район,Школа №1,kk,full,25.1,False,,eliminated
P01254,Адильхан,Касенов,M,Туркестанская область,Восточный район,Школа №2,kk,single,54.6,False,,eliminated
P01255,Айгерим,Сатпаев,F,Кызылординская область,Восточный район,Школа №4,kk,single,67.4,True,60.4,finalist
P01256,Адильхан,Сатпаев,M,Карагандинская область,Сельский район,Школа №5,kk,full,36.9,False,,eliminated
P01257,Данияр,Маратов,M,Костанайская область,Восточный район,Школа №3,kk,single,74.1,True,81.7,finalist
P01258,Ержан,Абилов,M,Абайская область,Сельский район,Школа №3,kk,single,55.3,False,,eliminated
P01259,София,Новикова,F,Алматинская область,Южный район,Школа №1,ru,full,44.4,False,,eliminated
P01260,Арман,Кадыров,M,Туркестанская область,Центральный район,Школа №4,kk,full,54.2,False,,eliminated
P01261,Камила,Касенов,F,Алматинская область,Южный район,Школа №5,kk,single,57.4,False,,eliminated
P01262,Михаил,Смирнов,M,Западно-Казахстанская область,Заречный район,Школа №3,ru,full,56.1,False,,eliminated
P01263,Дмитрий,Кузнецов,M,Акмолинская область,Западный район,Школа №3,ru,single,57.1,False,,eliminated
P01264,Никита,Попов,M,Карагандинская область,Центральный район,Школа №4,ru,single,35.2,False,,eliminated
P01265,Михаил,Соколов,M,г. Шымкент,Западный район,Школа №3,ru,full,57.5,False,,eliminated
P01266,Олжас,Темирбеков,M,Жамбылская область,Южный район,Школа №1,kk,full,33.8,False,,eliminated
P01267,Адильхан,Темирбеков,M,Западно-Казахстанская область,Северный район,Школа №3,kk,single,47.3,False,,eliminated
P01268,Полина,Смирнова,F,Актюбинская область,Заречный район,Школа №2,ru,full,41.4,False,,eliminated
P01269,Айдана,Абилов,F,Кызылординская область,Северный район,Школа №4,kk,full,44.0,False,,eliminated
P01270,Дана,Жумабеков,F,г. Шымкент,Южный район,Школа №4,kk,full,73.5,True,70.9,finalist
P01271,Бауыржан,Жумабеков,M,Атырауская область,Восточный район,Школа №3,kk,full,71.4,True,60.7,finalist
P01272,Максим,Морозов,M,Восточно-Казахстанская область,Восточный район,Школа №4,ru,full,64.1,False,,eliminated
P01273,Полина,Попова,F,Северо-Казахстанская область,Южный район,Школа №4,ru,single,32.6,False,,eliminated
P01274,Александр,Лебедев,M,Актюбинская область,Сельский район,Школа №3,ru,single,44.3,False,,eliminated
P01275,Эльмира,Тулегенов,F,г. Астана,Южный район,Школа №4,kk,full,73.2,True,60.2,finalist
P01276,Сабина,Абилов,F,Акмолинская область,Центральный район,Школа №1,kk,full,57.1,False,,eliminated
P01277,Рамазан,Маратов,M,Костанайская область,Сельский район,Школа №5,kk,full,89.8,True,75.9,finalist
P01278,Балжан,Тулегенов,F,Атырауская область,Западный район,Школа №4,kk,full,60.9,False,,eliminated
P01279,Аружан,Жумабеков,F,Карагандинская область,Заречный район,Школа №1,kk,single,51.9,False,,eliminated
P01280,Алина,Темирбеков,F,Атырауская область,Западный район,Школа №5,kk,full,50.4,False,,eliminated
P01281,Санжар,Абилов,M,Мангистауская область,Центральный район,Школа №3,kk,full,57.0,False,,eliminated
P01282,Полина,Соколова,F,г. Шымкент,Заречный район,Школа №5,ru,full,52.7,False,,eliminated
P01283,Арман,Маратов,M,Жетысуская область,Северный район,Школа №5,kk,full,65.6,False,,eliminated
P01284,Алтынай,Сатпаев,F,Туркестанская область,Южный район,Школа №4,kk,full,69.4,True,77.2,finalist
P01285,Малика,Алиев,F,Абайская область,Южный район,Школа №5,kk,full,43.2,False,,eliminated
P01286,Эльмира,Абилов,F,Акмолинская область,Южный район,Школа №4,kk,single,29.0,False,,eliminated
P01287,Аян,Кадыров,M,Улытауская область,Сельский район,Школа №2,kk,full,27.5,False,,eliminated
P01288,Алина,Алиев,F,Атырауская область,Южный район,Школа №5,kk,full,62.6,False,,eliminated
P01289,Елена,Соколова,F,Мангистауская область,Центральный район,Школа №4,ru,full,38.4,False,,eliminated
P01290,Никита,Морозов,M,Улытауская область,Южный район,Школа №3,ru,full,22.7,False,,eliminated
P01291,Камила,Сериков,F,Акмолинская область,Центральный район,Школа №2,kk,full,60.8,False,,eliminated
P01292,Наргиз,Кадыров,F,Жетысуская область,Сельский район,Школа №2,kk,full,92.4,True,82.6,finalist
P01293,Мария,Лебедева,F,Актюбинская область,Центральный район,Школа №1,ru,full,54.9,False,,eliminated
P01294,Жансая,Сатпаев,F,Абайская область,Северный район,Школа №4,kk,full,67.6,True,70.2,finalist
P01295,Балжан,Бекенов,F,Западно-Казахстанская область,Восточный район,Школа №3,kk,full,56.2,False,,eliminated
P01296,Сабина,Бекенов,F,Актюбинская область, Западный район ,Школа №1,kk,full,53.5,False,,eliminated
P01297,Ксения,Лебедева,F,г. Астана,Западный район,Школа №3,ru,full,68.8,True,53.9,finalist
P01298,Полина,Новикова,F,Жамбылская область,Сельский район,Школа №4,ru,full,50.6,False,,eliminated
P01299,Артём,Петров,M,Северо-Казахстанская область,Восточный район,Школа №1,ru,full,59.0,False,,eliminated
P01300,Алмат,Сериков,M,Туркестанская область,Северный район,Школа №5,kk,full,59.8,False,,eliminated
P01301,Дмитрий,Лебедев,M,Кызылординская область,Центральный район,Школа №2,ru,single,39.0,False,,eliminated
P01302,Санжар,Сатпаев,M,Улытауская область,Южный район,Школа №1,kk,full,69.9,True,47.7,finalist
P01303,Дана,Касенов,F,Абайская область,Центральный район,Школа №3,kk,full,52.4,False,,eliminated
P01304,Балжан,Тулегенов,F,Костанайская область,Сельский район,Школа №1,kk,full,43.7,False,,eliminated
P01305,Никита,Иванов,M,Кызылординская область,Центральный район,Школа №5,ru,single,57.0,False,,eliminated
P01306,Ольга,Смирнова,F,Западно-Казахстанская область,Заречный район,Школа №1,ru,full,41.5,False,,eliminated
P01307,Рамазан,Жумабеков,M,Жетысуская область,Центральный район,Школа №1,kk,single,49.4,False,,eliminated
P01308,Камила,Касенов,F,Абайская область,Западный район,Школа №4,kk,single,48.9,False,,eliminated
P01309,Малика,Тулегенов,F,Атырауская область,Центральный район,Школа №5,kk,single,65.3,False,,eliminated
P01310,Нурлан,Темирбеков,M,Жетысуская область,Северный район,Школа №1,kk,full,62.1,False,,eliminated
P01311,Полина,Волкова,F,Акмолинская область, Сельский район ,Школа №2,ru,single,48.6,False,,eliminated
P01312,Аян,Жумабеков,M,Акмолинская область,Южный район,Школа №2,kk,single,61.3,False,,eliminated
P01313,Алмат,Касенов,M,Актюбинская область,Центральный район,Школа №5,kk,full,75.9,True,50.1,finalist
P01314,Екатерина,Новикова,F,Карагандинская область,Южный район,Школа №3,ru,single,57.4,False,,eliminated
P01315,Иван,Морозов,M,Улытауская область,Центральный район,Школа №4,ru,single,49.2,False,,eliminated
P01316,Балжан,Алиев,F,Улытауская область,Северный район,Школа №5,kk,full,35.3,False,,eliminated
P01317,Артём,Иванов,M,Жетысуская область,Заречный район,Школа №4,ru,single,33.0,False,,eliminated
P01318,Дмитрий,Соколов,M,г. Астана,Восточный район,Школа №1,ru,full,50.4,False,,eliminated
P01319,Айгерим,Нурланов,F,Мангистауская область,Восточный район,Школа №2,kk,full,45.9,False,,eliminated
P01320,Дария,Темирбеков,F,г. Алматы,Сельский район,Школа №1,kk,single,46.2,False,,eliminated
P01321,Дана,Сатпаев,F,Жамбылская область, Сельский район ,Школа №5,kk,full,55.8,False,,eliminated
P01322,Александр,Петров,M,г. Алматы,Восточный район,Школа №3,ru,single,56.9,False,,eliminated
P01323,Томирис,Маратов,F,г. Астана,Сельский район,Школа №2,kk,single,47.9,False,,eliminated
P01324,Владислав,Смирнов,M,Абайская область,Южный район,Школа №3,ru,full,62.3,False,,eliminated
P01325,Ерасыл,Сатпаев,M,Мангистауская область,Центральный район,Школа №3,kk,full,56.0,False,,eliminated
P01326,Никита,Иванов,M,Алматинская область,Южный район,Школа №3,ru,single,19.4,False,,eliminated
P01327,Айгерим,Абилов,F,Абайская область,Восточный район,Школа №3,kk,full,40.9,False,,eliminated
P01328,Айдана,Сатпаев,F,Актюбинская область,Южный район,Школа №5,kk,full,52.8,False,,eliminated
P01329,Дамир,Жумабеков,M,Туркестанская область,Северный район,Школа №2,kk,full,36.9,False,,eliminated
P01330,Алтынай,Касенов,F,Акмолинская область,Северный район,Школа №4,kk,full,64.0,False,,eliminated
P01331,Александр,Соколов,M,Западно-Казахстанская область,Центральный район,Школа №3,ru,full,78.0,True,80.8,finalist
P01332,Алмат,Сериков,M,Улытауская область,Восточный район,Школа №1,kk,full,73.3,True,48.7,finalist
P01333,Нурлан,Сериков,M,Павлодарская область,Южный район,Школа №3,kk,full,51.8,False,,eliminated
P01334,Иван,Новиков,M,Карагандинская область,Западный район,Школа №3,ru,full,77.4,True,61.5,finalist
P01335,Анастасия,Петрова,F,г. Шымкент,Северный район,Школа №5,ru,single,51.2,False,,eliminated
P01336,Ксения,Кузнецова,F,Мангистауская область,Сельский район,Школа №2,ru,full,49.9,False,,eliminated
P01337,Алина,Бекенов,F,г. Астана,Западный район,Школа №5,kk,single,39.8,False,,eliminated
P01338,Сабина,Темирбеков,F,г. Шымкент,Восточный район,Школа №5,kk,full,50.5,False,,eliminated
P01339,Дмитрий,Кузнецов,M,Костанайская область,Северный район,Школа №3,ru,full,49.2,False,,eliminated
P01340,Владислав,Новиков,M,Павлодарская область,Южный район,Школа №5,ru,full,57.6,False,,eliminated
P01341,София,Кузнецова,F,Северо-Казахстанская область,Сельский район,Школа №5,ru,single,51.4,False,,eliminated
P01342,Екатерина,Лебедева,F,г. Астана,Заречный район,Школа №3,ru,single,49.0,False,,eliminated
P01343,Нурлан,Нурланов,M,Улытауская область,Северный район,Школа №2,kk,single,55.6,False,,eliminated
P01344,Алтынай,Нурланов,F,Западно-Казахстанская область,Сельский район,Школа №4,kk,single,66.9,True,63.0,finalist
P01345,Нурлан,Темирбеков,M,Восточно-Казахстанская область,Центральный район,Школа №5,kk,single,63.2,False,,eliminated
P01346,Камила,Маратов,F,г. Алматы,Северный район,Школа №1,kk,full,32.7,False,,eliminated
P01347,Эльмира,Сатпаев,F,Алматинская область,Заречный район,Школа №3,kk,single,10.7,False,,eliminated
P01348,Малика,Жумабеков,F,Туркестанская область,Заречный район,Школа №2,kk,single,63.0,False,,eliminated
P01349,Полина,Петрова,F,Атырауская область,Центральный район,Школа №3,ru,full,34.5,False,,eliminated
P01350,Аян,Тулегенов,M,г. Астана,Южный район,Школа №1,kk,full,51.6,False,,eliminated
P01351,Сабина,Тулегенов,F,г. Астана,Западный район,Школа №4,kk,full,37.4,False,,eliminated
P01352,Артём,Иванов,M,Жамбылская область,Восточный район,Школа №5,ru,single,22.0,False,,eliminated
P01353,Аян,Сериков,M,Карагандинская область,Южный район,Школа №2,kk,single,57.1,False,,eliminated
P01354,Никита,Петров,M,Жетысуская область,Заречный район,Школа №1,ru,full,66.4,True,73.8,finalist
P01355,Анастасия,Волкова,F,Акмолинская область,Западный район,Школа №2,ru,full,46.4,False,,eliminated
P01356,Балжан,Жумабеков,F,г. Астана,Восточный район,Школа №5,kk,full,16.1,False,,eliminated
P01357,Андрей,Новиков,M,Павлодарская область,Восточный район,Школа №2,ru,single,40.8,False,,eliminated
P01358,Жансая,Сериков,F,Жетысуская область,Заречный район,Школа №2,kk,full,60.9,False,,eliminated
P01359,Санжар,Касенов,M,Актюбинская область,Заречный район,Школа №1,kk,full,32.8,False,,eliminated
P01360,Ксения,Кузнецова,F,г. Алматы,Заречный район,Школа №1,ru,single,51.8,False,,eliminated
P01361,Томирис,Нурланов,F,Жетысуская область,Заречный район,Школа №4,kk,full,54.8,False,,eliminated
P01362,Елена,Смирнова,F,Жамбылская область,Заречный район,Школа №5,ru,single,57.7,False,,eliminated
P01363,Алина,Абилов,F,г. Алматы,Западный район,Школа №2,kk,full,56.8,False,,eliminated
P01364,Томирис,Бекенов,F,Кызылординская область,Восточный район,Школа №2,kk,single,34.4,False,,eliminated
P01365,Ольга,Новикова,F,Мангистауская область,Западный район,Школа №4,ru,full,72.9,True,81.7,finalist
P01366,Дмитрий,Лебедев,M,Северо-Казахстанская область,Южный район,Школа №4,ru,full,52.6,False,,eliminated
P01367,Алмат,Кадыров,M,Мангистауская область,Заречный район,Школа №4,kk,single,48.6,False,,eliminated
P01368,Гульнара,Темирбеков,F,Карагандинская область,Южный район,Школа №4,kk,full,41.0,False,,eliminated
P01369,Динара,Нурланов,F,Мангистауская область,Сельский район,Школа №4,kk,full,48.4,False,,eliminated
P01370,Бекжан,Кадыров,M,Акмолинская область,Южный район,Школа №2,kk,full,41.7,False,,eliminated
P01371,Алмат,Сатпаев,M,г. Шымкент,Южный район,Школа №5,kk,full,52.4,False,,eliminated
P01372,Анна,Попова,F,Кызылординская область,Сельский район,Школа №1,ru,full,80.7,True,62.7,finalist
P01373,Балжан,Алиев,F,г. Алматы,Восточный район,Школа №2,kk,full,34.4,False,,eliminated
P01374,Нурлан,Бекенов,M,г. Алматы,Заречный район,Школа №1,kk,full,30.8,False,,eliminated
P01375,Андрей,Морозов,M,Мангистауская область,Сельский район,Школа №2,ru,full,77.1,True,62.9,finalist
P01376,Бекжан,Темирбеков,M,Западно-Казахстанская область,Заречный район,Школа №4,kk,full,51.9,False,,eliminated
P01377,Дмитрий,Петров,M,Актюбинская область,Центральный район,Школа №4,ru,full,45.0,False,,eliminated
P01378,Аружан,Сериков,F,г. Астана,Сельский район,Школа №5,kk,single,64.6,False,,eliminated
P01379,Айгерим,Жумабеков,F,Западно-Казахстанская область,Восточный район,Школа №3,kk,single,39.9,False,,eliminated
P01380,Малика,Сериков,F,Жетысуская область,Восточный район,Школа №4,kk,full,82.4,True,65.9,finalist
P01381,Камила,Темирбеков,F,Туркестанская область,Заречный район,Школа №3,kk,single,59.2,False,,eliminated
P01382,Томирис,Темирбеков,F,Мангистауская область,Сельский район,Школа №3,kk,full,47.7,False,,eliminated
P01383,Арман,Касенов,M,Актюбинская область,Центральный район,Школа №2,kk,single,81.4,True,58.8,finalist
P01384,Аружан,Нурланов,F,г. Шымкент,Сельский район,Школа №5,kk,single,39.9,False,,eliminated
P01385,Нурлан,Жумабеков,M,Костанайская область,Сельский район,Школа №3,kk,full,66.1,True,70.3,finalist
P01386,Елена,Кузнецова,F,г. Алматы,Сельский район,Школа №4,ru,full,59.5,False,,eliminated
P01387,Наргиз,Тулегенов,F,г. Алматы,Сельский район,Школа №1,kk,single,68.5,True,64.7,finalist
P01388,Арман,Темирбеков,M,Восточно-Казахстанская область,Западный район,Школа №2,kk,full,78.4,True,47.9,finalist
P01389,Малика,Абилов,F,Восточно-Казахстанская область,Заречный район,Школа №4,kk,full,55.5,False,,eliminated
P01390,Айгерим,Жумабеков,F,Алматинская область,Восточный район,Школа №3,kk,full,43.7,False,,eliminated
P01391,Аяна,Алиев,F,Карагандинская область,Западный район,Школа №5,kk,single,55.9,False,,eliminated
P01392,Рамазан,Абилов,M,Жамбылская область,Южный район,Школа №2,kk,full,44.8,False,,eliminated
P01393,Динара,Нурланов,F,Восточно-Казахстанская область,Северный район,Школа №1,kk,full,85.2,True,45.9,finalist
P01394,Михаил,Новиков,M,Костанайская область,Центральный район,Школа №4,ru,full,57.0,False,,eliminated
P01395,Бекжан,Кадыров,M,Абайская область,Северный район,Школа №4,kk,full,49.5,False,,eliminated
P01396,Жаныбек,Жумабеков,M,г. Алматы,Западный район,Школа №2,kk,full,57.8,False,,eliminated
P01397,Дмитрий,Смирнов,M,Западно-Казахстанская область,Западный район,Школа №5,ru,full,34.8,False,,eliminated
P01398,Томирис,Сатпаев,F,Западно-Казахстанская область,Сельский район,Школа №5,kk,full,40.4,False,,eliminated
P01399,Бекжан,Бекенов,M,Актюбинская область,Сельский район,Школа №2,kk,full,73.0,True,75.6,finalist
P01400,Айдана,Алиев,F,Улытауская область,Сельский район,Школа №4,kk,full,45.1,False,,eliminated
P01401,Сауле,Нурланов,F,Мангистауская область,Сельский район,Школа №4,kk,full,39.3,False,,eliminated
P01402,Алина,Сатпаев,F,Жамбылская область,Северный район,Школа №3,kk,single,57.0,False,,eliminated
P01403,Наргиз,Маратов,F,Западно-Казахстанская область,Заречный район,Школа №4,kk,full,72.8,True,60.6,finalist
P01404,Максим,Попов,M,Павлодарская область,Северный район,Школа №2,ru,full,65.8,False,,eliminated
P01405,Александр,Кузнецов,M,Северо-Казахстанская область,Южный район,Школа №1,ru,full,69.9,True,71.3,finalist
P01406,Дмитрий,Морозов,M,Абайская область,Западный район,Школа №3,ru,full,43.6,False,,eliminated
P01407,Дмитрий,Соколов,M,Акмолинская область,Западный район,Школа №4,ru,single,27.7,False,,eliminated
P01408,Наргиз,Маратов,F,г. Алматы,Сельский район,Школа №3,kk,full,77.5,True,68.7,finalist
P01409,Аяна,Алиев,F,Актюбинская область,Восточный район,Школа №1,kk,full,50.2,False,,eliminated
P01410,Алтынай,Тулегенов,F,Западно-Казахстанская область,Сельский район,Школа №5,kk,single,45.2,False,,eliminated
P01411,Иван,Смирнов,M,г. Астана,Заречный район,Школа №5,ru,full,74.9,True,70.3,finalist
P01412,Айдана,Сериков,F,Жамбылская область,Сельский район,Школа №2,kk,single,57.3,False,,eliminated
P01413,Дамир,Сатпаев,M,Жамбылская область,Заречный район,Школа №2,kk,full,61.8,False,,eliminated
P01414,Елена,Соколова,F,г. Алматы,Южный район,Школа №4,ru,full,87.5,True,69.0,finalist
P01415,Меруерт,Сериков,F,Алматинская область,Центральный район,Школа №1,kk,full,45.3,False,,eliminated
P01416,Дарья,Иванова,F,Жамбылская область,Заречный район,Школа №1,ru,single,62.9,False,,eliminated
P01417,Балжан,Маратов,F,Атырауская область,Южный район,Школа №3,kk,full,55.9,False,,eliminated
P01418,Бекжан,Бекенов,M,Западно-Казахстанская область,Северный район,Школа №3,kk,full,59.0,False,,eliminated
P01419,Ержан,Сатпаев,M,Кызылординская область,Южный район,Школа №5,kk,full,77.9,True,70.9,finalist
P01420,Анастасия,Волкова,F,Мангистауская область,Северный район,Школа №2,ru,single,56.6,False,,eliminated
P01421,Данияр,Бекенов,M,Костанайская область,Заречный район,Школа №5,kk,single,57.1,False,,eliminated
P01422,Балжан,Жумабеков,F,Жамбылская область,Восточный район,Школа №1,kk,full,71.1,True,55.1,finalist
P01423,Меруерт,Сатпаев,F,Костанайская область,Южный район,Школа №5,kk,single,43.5,False,,eliminated
P01424,Ержан,Темирбеков,M,Восточно-Казахстанская область,Восточный район,Школа №3,kk,full,42.4,False,,eliminated
P01425,Дмитрий,Смирнов,M,Северо-Казахстанская область,Западный район,Школа №1,ru,full,39.3,False,,eliminated
P01426,Малика,Маратов,F,Мангистауская область,Восточный район,Школа №3,kk,single,19.5,False,,eliminated
P01427,Камила,Жумабеков,F,Акмолинская область,Северный район,Школа №5,kk,full,85.8,True,55.2,finalist
P01428,Тимур,Нурланов,M,г. Астана,Центральный район,Школа №2,kk,single,32.5,False,,eliminated
P01429,Полина,Кузнецова,F,г. Астана,Сельский район,Школа №3,ru,single,45.7,False,,eliminated
P01430,Арман,Кадыров,M,Северо-Казахстанская область,Восточный район,Школа №1,kk,full,50.8,False,,eliminated
P01431,Данияр,Сериков,M,Восточно-Казахстанская область,Северный район,Школа №4,kk,full,59.6,False,,eliminated
P01432,Иван,Иванов,M,Туркестанская область,Северный район,Школа №4,ru,full,67.2,True,33.6,finalist
P01433,Рамазан,Касенов,M,Мангистауская область,Сельский район,Школа №2,kk,single,61.9,False,,eliminated
P01434,Арман,Нурланов,M,Костанайская область,Южный район,Школа №4,kk,full,46.3,False,,eliminated
P01435,Томирис,Темирбеков,F,Жетысуская область,Западный район,Школа №2,kk,full,52.5,False,,eliminated
P01436,Никита,Волков,M,Мангистауская область,Центральный район,Школа №2,ru,full,59.2,False,,eliminated
P01437,Алихан,Кадыров,M,Мангистауская область,Заречный район,Школа №2,kk,full,51.3,False,,eliminated
P01438,Александр,Соколов,M,Павлодарская область,Северный район,Школа №5,ru,single,73.1,True,61.6,finalist
P01439,Алмат,Касенов,M,Мангистауская область,Сельский район,Школа №2,kk,full,62.4,False,,eliminated
P01440,Меруерт,Темирбеков,F,Туркестанская область,Заречный район,Школа №4,kk,full,66.0,True,71.3,finalist
P01441,Алмат,Сатпаев,M,Северо-Казахстанская область,Западный район,Школа №4,kk,single,58.9,False,,eliminated
P01442,Анна,Смирнова,F,Павлодарская область,Западный район,Школа №1,ru,full,72.6,True,63.5,finalist
P01443,Никита,Соколов,M,Жамбылская область,Западный район,Школа №4,ru,full,57.7,False,,eliminated
P01444,Рамазан,Абилов,M,Кызылординская область,Центральный район,Школа №3,kk,full,35.5,False,,eliminated
P01445,Адильхан,Тулегенов,M,Западно-Казахстанская область,Северный район,Школа №4,kk,full,61.0,False,,eliminated
P01446,Шынгыс,Сериков,M,Кызылординская область,Заречный район,Школа №4,kk,full,45.2,False,,eliminated
P01447,Арман,Касенов,M,Туркестанская область,Восточный район,Школа №3,kk,single,41.1,False,,eliminated
P01448,Сабина,Сатпаев,F,Северо-Казахстанская область,Центральный район,Школа №3,kk,full,63.8,False,,eliminated
P01449,Анна,Лебедева,F,Улытауская область,Заречный район,Школа №3,ru,full,73.6,True,38.0,finalist
P01450,Дмитрий,Петров,M,Павлодарская область,Центральный район,Школа №5,ru,full,55.3,False,,eliminated
P01451,Бекжан,Маратов,M,Акмолинская область,Южный район,Школа №2,kk,single,53.6,False,,eliminated
P01452,Артём,Соколов,M,Улытауская область,Заречный район,Школа №4,ru,single,74.5,True,76.6,finalist
P01453,Малика,Бекенов,F,Абайская область,Сельский район,Школа №2,kk,full,58.6,False,,eliminated
P01454,Иван,Петров,M,Жетысуская область, Северный район ,Школа №3,ru,full,94.0,True,57.6,finalist
P01455,София,Новикова,F,г. Астана,Восточный район,Школа №3,ru,full,63.5,False,,eliminated
P01456,Ерасыл,Кадыров,M,Костанайская область,Южный район,Школа №2,kk,full,28.6,False,,eliminated
P01457,Аяна,Касенов,F,Мангистауская область,Южный район,Школа №5,kk,single,60.3,False,,eliminated
P01458,Жансая,Сериков,F,Жамбылская область,Заречный район,Школа №3,kk,full,60.7,False,,eliminated
P01459,Меруерт,Темирбеков,F,Атырауская область,Западный район,Школа №5,kk,full,74.3,True,56.6,finalist
P01460,Александр,Соколов,M,г. Алматы,Заречный район,Школа №2,ru,full,65.1,False,,eliminated
P01461,Алтынай,Сериков,F,Мангистауская область,Северный район,Школа №1,kk,full,52.9,False,,eliminated
P01462,Жаныбек,Тулегенов,M,Павлодарская область,Южный район,Школа №4,kk,single,30.6,False,,eliminated
P01463,Андрей,Попов,M,Улытауская область,Западный район,Школа №2,ru,single,45.9,False,,eliminated
P01464,Меруерт,Алиев,F,Восточно-Казахстанская область,Восточный район,Школа №5,kk,single,36.2,False,,eliminated
P01465,Анна,Лебедева,F,г. Астана,Заречный район,Школа №4,ru,full,46.3,False,,eliminated
P01466,Аружан,Сатпаев,F,г. Шымкент,Западный район,Школа №5,kk,full,63.8,False,,eliminated
P01467,Шынгыс,Бекенов,M,Восточно-Казахстанская область,Западный район,Школа №1,kk,single,74.0,True,54.8,finalist
P01468,Жаныбек,Тулегенов,M,Улытауская область,Сельский район,Школа №2,kk,full,60.9,False,,eliminated
P01469,Наргиз,Маратов,F,Жамбылская область,Южный район,Школа №1,kk,single,31.1,False,,eliminated
P01470,Бекжан,Касенов,M,г. Шымкент,Восточный район,Школа №2,kk,single,55.7,False,,eliminated
P01471,Эльмира,Кадыров,F,Восточно-Казахстанская область,Северный район,Школа №1,kk,full,72.9,True,65.5,finalist
P01472,Михаил,Новиков,M,Мангистауская область,Центральный район,Школа №3,ru,single,39.9,False,,eliminated
P01473,София,Морозова,F,Абайская область,Восточный район,Школа №1,ru,full,53.0,False,,eliminated
P01474,Александр,Попов,M,Мангистауская область,Заречный район,Школа №4,ru,full,55.2,False,,eliminated
P01475,Дамир,Сатпаев,M,Алматинская область,Заречный район,Школа №4,kk,full,43.2,False,,eliminated
P01476,Рамазан,Бекенов,M,Западно-Казахстанская область,Центральный район,Школа №1,kk,full,64.7,False,,eliminated
P01477,Елена,Попова,F,Карагандинская область,Заречный район,Школа №4,ru,full,53.2,False,,eliminated
P01478,Аружан,Алиев,F,Улытауская область, Южный район ,Школа №3,kk,full,61.3,False,,eliminated
P01479,Аяна,Сатпаев,F,Карагандинская область,Восточный район,Школа №3,kk,full,41.7,False,,eliminated
P01480,Эльмира,Жумабеков,F,Мангистауская область,Южный район,Школа №1,kk,single,42.4,False,,eliminated
P01481,Айгерим,Жумабеков,F,Кызылординская область,Заречный район,Школа №5,kk,full,65.8,False,,eliminated
P01482,Жансая,Касенов,F,Атырауская область,Западный район,Школа №3,kk,full,49.4,False,,eliminated
P01483,Артём,Морозов,M,Туркестанская область,Северный район,Школа №4,ru,full,80.9,True,54.4,finalist
P01484,Дария,Бекенов,F,Жетысуская область,Северный район,Школа №1,kk,full,49.0,False,,eliminated
P01485,Адильхан,Маратов,M,Улытауская область,Северный район,Школа №3,kk,full,58.4,False,,eliminated
P01486,Ерасыл,Тулегенов,M,Актюбинская область,Южный район,Школа №5,kk,single,63.0,False,,eliminated
P01487,Айдана,Абилов,F,г. Астана,Западный район,Школа №3,kk,single,27.7,False,,eliminated
P01488,Владислав,Кузнецов,M,Северо-Казахстанская область,Северный район,Школа №5,ru,full,28.6,False,,eliminated
P01489,Андрей,Смирнов,M,Улытауская область,Южный район,Школа №2,ru,full,32.1,False,,eliminated
P01490,Алтынай,Тулегенов,F,Акмолинская область,Южный район,Школа №1,kk,full,73.9,True,80.9,finalist
P01491,Бауыржан,Сериков,M,г. Алматы,Западный район,Школа №4,kk,full,46.7,False,,eliminated
P01492,Алмат,Маратов,M,Северо-Казахстанская область,Сельский район,Школа №5,kk,single,87.4,True,54.1,finalist
P01493,Айгерим,Жумабеков,F,Павлодарская область,Западный район,Школа №2,kk,full,46.5,False,,eliminated
P01494,Дария,Жумабеков,F,г. Алматы,Северный район,Школа №5,kk,full,57.8,False,,eliminated
P01495,Аяна,Абилов,F,Абайская область,Южный район,Школа №5,kk,full,78.1,True,52.7,finalist
P01496,Нурлан,Касенов,M,Карагандинская область,Центральный район,Школа №4,kk,full,85.1,True,69.6,finalist
P01497,Екатерина,Петрова,F,Жетысуская область,Северный район,Школа №3,ru,full,85.9,True,77.0,finalist
P01498,Дария,Сатпаев,F,Жамбылская область,Западный район,Школа №3,kk,full,73.1,True,79.2,finalist
P01499,Дарья,Волкова,F,Восточно-Казахстанская область,Южный район,Школа №4,ru,full,70.4,True,64.2,finalist
P01500,Елена,Кузнецова,F,Западно-Казахстанская область,Восточный район,Школа №3,ru,full,63.9,False,,eliminated
P01501,Иван,Новиков,M,Карагандинская область,Восточный район,Школа №4,ru,full,66.7,True,79.7,finalist
P01502,Малика,Кадыров,F,Атырауская область,Восточный район,Школа №1,kk,single,40.7,False,,eliminated
P01503,Дмитрий,Соколов,M,Кызылординская область,Центральный район,Школа №4,ru,full,42.7,False,,eliminated
P01504,Балжан,Сатпаев,F,Улытауская область,Восточный район,Школа №1,kk,full,54.9,False,,eliminated
P01505,Никита,Новиков,M,Акмолинская область,Сельский район,Школа №4,ru,full,52.4,False,,eliminated
P01506,Айдана,Сериков,F,Акмолинская область,Заречный район,Школа №5,kk,full,48.2,False,,eliminated
P01507,Аружан,Маратов,F,Актюбинская область,Южный район,Школа №4,kk,single,59.4,False,,eliminated
P01508,Томирис,Бекенов,F,г. Алматы,Центральный район,Школа №3,kk,full,69.3,True,70.9,finalist
P01509,Сабина,Жумабеков,F,Абайская область,Северный район,Школа №1,kk,single,50.3,False,,eliminated
P01510,Ксения,Новикова,F,Жамбылская область,Северный район,Школа №2,ru,full,77.2,True,82.1,finalist
P01511,Дмитрий,Соколов,M,г. Шымкент,Заречный район,Школа №2,ru,full,37.9,False,,eliminated
P01512,Рамазан,Темирбеков,M,Улытауская область,Центральный район,Школа №5,kk,full,52.1,False,,eliminated
P01513,Полина,Попова,F,г. Алматы,Восточный район,Школа №3,ru,full,44.2,False,,eliminated
P01514,Сауле,Сериков,F,г. Алматы,Северный район,Школа №1,kk,full,27.0,False,,eliminated
P01515,Владислав,Петров,M,Павлодарская область,Сельский район,Школа №4,ru,single,47.8,False,,eliminated
P01516,Динара,Сериков,F,Восточно-Казахстанская область,Заречный район,Школа №4,kk,full,53.2,False,,eliminated
P01517,Мария,Иванова,F,Мангистауская область,Западный район,Школа №5,ru,single,71.7,True,85.3,finalist
P01518,Нурлан,Алиев,M,Западно-Казахстанская область,Сельский район,Школа №3,kk,full,64.5,False,,eliminated
P01519,Томирис,Кадыров,F,г. Астана,Северный район,Школа №2,kk,full,39.6,False,,eliminated
P01520,Шынгыс,Темирбеков,M,Атырауская область,Западный район,Школа №1,kk,full,82.8,True,69.1,finalist
P01521,Бауыржан,Бекенов,M,Карагандинская область,Северный район,Школа №3,kk,full,73.3,True,60.8,finalist
P01522,Анастасия,Смирнова,F,Северо-Казахстанская область,Центральный район,Школа №4,ru,full,63.7,False,,eliminated
P01523,Екатерина,Лебедева,F,Акмолинская область,Восточный район,Школа №2,ru,full,51.6,False,,eliminated
P01524,Андрей,Смирнов,M,Улытауская область,Западный район,Школа №1,ru,full,40.6,False,,eliminated
P01525,Никита,Попов,M,Костанайская область,Восточный район,Школа №1,ru,single,43.4,False,,eliminated
P01526,Алмат,Абилов,M,Абайская область,Центральный район,Школа №4,kk,full,71.3,True,68.4,finalist
P01527,Дария,Сериков,F,Павлодарская область,Сельский район,Школа №2,kk,single,77.3,True,60.9,finalist
P01528,Жаныбек,Абилов,M,Абайская область,Южный район,Школа №3,kk,full,78.1,True,64.5,finalist
P01529,Айгерим,Алиев,F,Улытауская область,Северный район,Школа №4,kk,single,41.7,False,,eliminated
P01530,Дмитрий,Попов,M,г. Шымкент,Восточный район,Школа №4,ru,full,38.2,False,,eliminated
P01531,Дарья,Попова,F,Алматинская область,Сельский район,Школа №4,ru,full,57.1,False,,eliminated
P01532,Дамир,Сатпаев,M,Костанайская область,Центральный район,Школа №3,kk,full,28.5,False,,eliminated
P01533,Артём,Лебедев,M,Акмолинская область,Западный район,Школа №5,ru,single,53.8,False,,eliminated
P01534,Ержан,Бекенов,M,Актюбинская область,Восточный район,Школа №1,kk,single,46.8,False,,eliminated
P01535,Темирлан,Абилов,M,Атырауская область,Сельский район,Школа №1,kk,full,48.0,False,,eliminated
P01536,Артём,Попов,M,г. Алматы,Южный район,Школа №1,ru,full,31.1,False,,eliminated
P01537,Екатерина,Смирнова,F,Жетысуская область,Западный район,Школа №2,ru,full,62.7,False,,eliminated
P01538,Жаныбек,Жумабеков,M,г. Шымкент,Центральный район,Школа №3,kk,full,47.0,False,,eliminated
P01539,Меруерт,Касенов,F,г. Астана,Западный район,Школа №3,kk,single,31.5,False,,eliminated
P01540,Арман,Сатпаев,M,Акмолинская область,Заречный район,Школа №4,kk,full,11.9,False,,eliminated
P01541,Анастасия,Смирнова,F,Акмолинская область,Сельский район,Школа №2,ru,full,54.6,False,,eliminated
P01542,Ержан,Бекенов,M,г. Астана,Восточный район,Школа №2,kk,full,81.6,True,32.9,finalist
P01543,Дамир,Касенов,M,Улытауская область,Южный район,Школа №2,kk,full,79.9,True,44.0,finalist
P01544,Сауле,Абилов,F,Алматинская область,Заречный район,Школа №5,kk,full,48.1,False,,eliminated
P01545,Айгерим,Тулегенов,F,Атырауская область,Центральный район,Школа №4,kk,single,40.0,False,,eliminated
P01546,Артём,Попов,M,Карагандинская область,Восточный район,Школа №1,ru,single,56.0,False,,eliminated
P01547,Сабина,Бекенов,F,Атырауская область,Сельский район,Школа №1,kk,full,40.0,False,,eliminated
P01548,Аружан,Сатпаев,F,Улытауская область,Западный район,Школа №5,kk,full,59.5,False,,eliminated
P01549,Михаил,Смирнов,M,Кызылординская область,Северный район,Школа №2,ru,full,66.5,True,69.7,finalist
P01550,Аружан,Тулегенов,F,г. Шымкент,Восточный район,Школа №3,kk,full,73.4,True,72.0,finalist
P01551,Камила,Тулегенов,F,Павлодарская область,Восточный район,Школа №2,kk,single,47.5,False,,eliminated
P01552,Темирлан,Касенов,M,Карагандинская область,Северный район,Школа №5,kk,full,51.9,False,,eliminated
P01553,Артём,Смирнов,M,Туркестанская область,Сельский район,Школа №2,ru,full,41.8,False,,eliminated
P01554,Тимур,Бекенов,M,Жетысуская область,Сельский район,Школа №2,kk,single,36.6,False,,eliminated
P01555,Андрей,Волков,M,Атырауская область,Северный район,Школа №3,ru,single,45.6,False,,eliminated
P01556,Данияр,Тулегенов,M,Алматинская область,Сельский район,Школа №4,kk,full,60.5,False,,eliminated
P01557,Михаил,Волков,M,Северо-Казахстанская область,Северный район,Школа №3,ru,single,62.7,False,,eliminated
P01558,Дана,Сериков,F,Северо-Казахстанская область,Восточный район,Школа №4,kk,single,37.0,False,,eliminated
P01559,Шынгыс,Сатпаев,M,Кызылординская область,Северный район,Школа №4,kk,single,71.4,True,73.2,finalist
P01560,Алтынай,Жумабеков,F,Западно-Казахстанская область,Южный район,Школа №3,kk,full,50.9,False,,eliminated
P01561,Анна,Иванова,F,Алматинская область,Заречный район,Школа №2,ru,full,54.7,False,,eliminated
P01562,Дамир,Сериков,M,Туркестанская область,Западный район,Школа №5,kk,full,43.8,False,,eliminated
P01563,Мария,Иванова,F,г. Шымкент,Центральный район,Школа №1,ru,full,18.6,False,,eliminated
P01564,Иван,Волков,M,г. Шымкент,Восточный район,Школа №1,ru,full,68.3,True,82.7,finalist
P01565,София,Морозова,F,Акмолинская область,Восточный район,Школа №4,ru,full,66.1,True,64.7,finalist
P01566,Адильхан,Касенов,M,Костанайская область,Центральный район,Школа №4,kk,single,44.8,False,,eliminated
P01567,Елена,Попова,F,Кызылординская область,Южный район,Школа №2,ru,full,56.0,False,,eliminated
P01568,Дана,Алиев,F,Жамбылская область,Западный район,Школа №5,kk,full,62.7,False,,eliminated
P01569,Дарья,Новикова,F,Актюбинская область,Южный район,Школа №5,ru,single,25.6,False,,eliminated
P01570,Дария,Сериков,F,Актюбинская область,Заречный район,Школа №5,kk,full,47.1,False,,eliminated
P01571,Дамир,Маратов,M,Туркестанская область,Южный район,Школа №4,kk,single,60.9,False,,eliminated
P01572,Ксения,Иванова,F,Алматинская область,Северный район,Школа №5,ru,single,30.2,False,,eliminated
P01573,Полина,Смирнова,F,Мангистауская область,Западный район,Школа №2,ru,full,59.4,False,,eliminated
P01574,Мария,Соколова,F,Атырауская область,Заречный район,Школа №3,ru,full,34.7,False,,eliminated
P01575,Дария,Сатпаев,F,г. Астана,Центральный район,Школа №2,kk,full,62.0,False,,eliminated
P01576,Дамир,Темирбеков,M,Туркестанская область,Северный район,Школа №2,kk,full,54.5,False,,eliminated
P01577,Бауыржан,Алиев,M,Абайская область,Южный район,Школа №1,kk,single,24.8,False,,eliminated
P01578,Сауле,Тулегенов,F,г. Астана,Северный район,Школа №5,kk,full,72.5,True,52.9,finalist
P01579,Мария,Соколова,F,Кызылординская область,Сельский район,Школа №4,ru,full,44.0,False,,eliminated
P01580,Ксения,Морозова,F,Кызылординская область,Центральный район,Школа №2,ru,full,42.8,False,,eliminated
P01581,Полина,Волкова,F,Атырауская область,Центральный район,Школа №5,ru,single,52.0,False,,eliminated
P01582,Эльмира,Бекенов,F,Кызылординская область,Заречный район,Школа №5,kk,single,66.2,True,67.9,finalist
P01583,Айдар,Абилов,M,г. Шымкент,Восточный район,Школа №4,kk,full,39.8,False,,eliminated
P01584,Меруерт,Тулегенов,F,Акмолинская область,Южный район,Школа №2,kk,full,55.9,False,,eliminated
P01585,Дмитрий,Волков,M,Западно-Казахстанская область, Заречный район ,Школа №5,ru,full,61.4,False,,eliminated
P01586,Мария,Кузнецова,F,Северо-Казахстанская область,Южный район,Школа №3,ru,full,65.4,False,,eliminated
P01587,Мария,Смирнова,F,г. Алматы,Заречный район,Школа №1,ru,single,51.6,False,,eliminated
P01588,Никита,Петров,M,Актюбинская область,Западный район,Школа №4,ru,single,43.5,False,,eliminated
P01589,Эльмира,Алиев,F,Восточно-Казахстанская область,Центральный район,Школа №4,kk,single,36.6,False,,eliminated
P01590,Жаныбек,Сатпаев,M,Мангистауская область,Сельский район,Школа №4,kk,full,56.3,False,,eliminated
P01591,Ержан,Алиев,M,Павлодарская область,Южный район,Школа №2,kk,full,38.9,False,,eliminated
P01592,Алихан,Кадыров,M,Северо-Казахстанская область,Сельский район,Школа №3,kk,full,11.2,False,,eliminated
P01593,Анастасия,Попова,F,Алматинская область, Северный район ,Школа №5,ru,full,61.5,False,,eliminated
P01594,Тимур,Сатпаев,M,Кызылординская область,Сельский район,Школа №2,kk,full,68.6,True,57.5,finalist
P01595,Балжан,Кадыров,F,Алматинская область,Сельский район,Школа №2,kk,full,19.6,False,,eliminated
P01596,Дарья,Морозова,F,Атырауская область,Сельский район,Школа №1,ru,full,39.9,False,,eliminated
P01597,Анна,Соколова,F,Карагандинская область,Центральный район,Школа №2,ru,full,64.3,False,,eliminated
P01598,Бауыржан,Сатпаев,M,Атырауская область,Западный район,Школа №4,kk,single,79.9,True,57.7,finalist
P01599,Меруерт,Сериков,F,г. Алматы,Центральный район,Школа №3,kk,full,55.3,False,,eliminated
P01600,Камила,Темирбеков,F,Кызылординская область,Центральный район,Школа №4,kk,single,38.1,False,,eliminated
P01601,София,Петрова,F,Улытауская область,Центральный район,Школа №3,ru,single,46.3,False,,eliminated
P01602,Полина,Лебедева,F,г. Алматы,Заречный район,Школа №3,ru,full,75.6,True,65.7,finalist
P01603,Малика,Нурланов,F,Павлодарская область,Восточный район,Школа №1,kk,full,45.3,False,,eliminated
P01604,Жаныбек,Жумабеков,M,Туркестанская область,Сельский район,Школа №1,kk,full,43.0,False,,eliminated
P01605,Дмитрий,Волков,M,г. Астана,Западный район,Школа №3,ru,single,41.8,False,,eliminated
P01606,Дария,Нурланов,F,Жамбылская область,Южный район,Школа №1,kk,single,34.7,False,,eliminated
P01607,Сабина,Тулегенов,F,Восточно-Казахстанская область,Западный район,Школа №1,kk,single,50.8,False,,eliminated
P01608,Владислав,Попов,M,Актюбинская область,Заречный район,Школа №2,ru,full,79.4,True,67.3,finalist
P01609,Камила,Бекенов,F,Алматинская область, Южный район ,Школа №2,kk,full,59.8,False,,eliminated
P01610,Аяна,Нурланов,F,Жетысуская область,Южный район,Школа №4,kk,full,51.2,False,,eliminated
P01611,Дамир,Нурланов,M,г. Астана,Заречный район,Школа №3,kk,full,50.6,False,,eliminated
P01612,Елена,Лебедева,F,Абайская область,Восточный район,Школа №4,ru,full,31.6,False,,eliminated
P01613,Ольга,Соколова,F,г. Шымкент,Центральный район,Школа №4,ru,full,68.2,True,50.3,finalist
P01614,Гульнара,Сериков,F,Алматинская область,Центральный район,Школа №4,kk,full,53.8,False,,eliminated
P01615,Дана,Касенов,F,Мангистауская область,Южный район,Школа №3,kk,single,46.3,False,,eliminated
P01616,Кирилл,Кузнецов,M,Актюбинская область,Западный район,Школа №2,ru,full,100.0,True,65.0,finalist
P01617,Алтынай,Сериков,F,Жетысуская область,Центральный район,Школа №2,kk,full,59.5,False,,eliminated
P01618,Малика,Сатпаев,F,Кызылординская область,Восточный район,Школа №4,kk,full,43.7,False,,eliminated
P01619,Владислав,Кузнецов,M,Костанайская область,Центральный район,Школа №2,ru,full,48.6,False,,eliminated
P01620,Ксения,Новикова,F,Жамбылская область,Заречный район,Школа №4,ru,full,72.2,True,62.3,finalist
P01621,Аян,Касенов,M,Жамбылская область,Южный район,Школа №4,kk,full,56.7,False,,eliminated
P01622,Никита,Морозов,M,Карагандинская область,Западный район,Школа №5,ru,single,27.4,False,,eliminated
P01623,Кирилл,Морозов,M,г. Алматы,Центральный район,Школа №2,ru,single,62.8,False,,eliminated
P01624,Алмат,Касенов,M,Жетысуская область,Центральный район,Школа №5,kk,full,45.0,False,,eliminated
P01625,Бекжан,Касенов,M,Акмолинская область,Западный район,Школа №1,kk,full,83.1,True,57.1,finalist
P01626,Мария,Соколова,F,г. Шымкент,Восточный район,Школа №2,ru,full,71.2,True,40.4,finalist
P01627,Меруерт,Абилов,F,Атырауская область,Восточный район,Школа №3,kk,full,48.3,False,,eliminated
P01628,Кирилл,Соколов,M,Восточно-Казахстанская область,Южный район,Школа №4,ru,single,68.2,True,82.5,finalist
P01629,Темирлан,Бекенов,M,Мангистауская область,Северный район,Школа №3,kk,full,56.0,False,,eliminated
P01630,Максим,Новиков,M,Северо-Казахстанская область,Восточный район,Школа №3,ru,full,67.8,True,70.3,finalist
P01631,Владислав,Кузнецов,M,Жамбылская область,Заречный район,Школа №2,ru,single,56.3,False,,eliminated
P01632,Ксения,Новикова,F,г. Алматы,Сельский район,Школа №4,ru,full,42.3,False,,eliminated
P01633,Рамазан,Сериков,M,г. Алматы,Заречный район,Школа №5,kk,full,45.3,False,,eliminated
P01634,Аян,Касенов,M,Мангистауская область,Западный район,Школа №4,kk,full,70.4,True,55.9,finalist
P01635,Аян,Жумабеков,M,г. Астана,Сельский район,Школа №4,kk,full,50.0,False,,eliminated
P01636,Динара,Абилов,F,Жетысуская область,Сельский район,Школа №4,kk,full,48.9,False,,eliminated
P01637,Айдана,Касенов,F,Алматинская область,Сельский район,Школа №1,kk,full,40.7,False,,eliminated
P01638,Алина,Кадыров,F,Кызылординская область,Северный район,Школа №2,kk,full,61.4,False,,eliminated
P01639,Ерасыл,Сатпаев,M,Северо-Казахстанская область,Восточный район,Школа №2,kk,full,85.9,True,60.2,finalist
P01640,Арман,Алиев,M,Павлодарская область,Центральный район,Школа №5,kk,full,39.0,False,,eliminated
P01641,Дана,Маратов,F,Жетысуская область,Центральный район,Школа №2,kk,single,49.4,False,,eliminated
P01642,Жаныбек,Абилов,M,Мангистауская область,Восточный район,Школа №1,kk,full,76.2,True,86.6,finalist
P01643,Меруерт,Сатпаев,F,г. Астана,Северный район,Школа №1,kk,single,47.8,False,,eliminated
P01644,Динара,Сериков,F,Кызылординская область,Центральный район,Школа №5,kk,full,61.8,False,,eliminated
P01645,Бауыржан,Касенов,M,Костанайская область,Южный район,Школа №1,kk,full,39.1,False,,eliminated
P01646,Эльмира,Сатпаев,F,Павлодарская область,Северный район,Школа №3,kk,full,61.4,False,,eliminated
P01647,Адильхан,Абилов,M,Костанайская область,Северный район,Школа №2,kk,single,46.2,False,,eliminated
P01648,Иван,Иванов,M,Западно-Казахстанская область,Заречный район,Школа №4,ru,full,69.8,True,53.8,finalist
P01649,Шынгыс,Темирбеков,M,г. Астана,Центральный район,Школа №2,kk,single,66.8,True,78.3,finalist
P01650,Дамир,Маратов,M,Мангистауская область,Южный район,Школа №5,kk,single,87.8,True,67.4,finalist
P01651,Динара,Алиев,F,Кызылординская область,Заречный район,Школа №2,kk,full,63.7,False,,eliminated
P01652,Андрей,Попов,M,Улытауская область, Центральный район ,Школа №2,ru,single,53.9,False,,eliminated
P01653,Ержан,Сериков,M,Атырауская область,Западный район,Школа №1,kk,single,51.9,False,,eliminated
P01654,Ерасыл,Сатпаев,M,Актюбинская область,Северный район,Школа №4,kk,full,49.7,False,,eliminated
P01655,Никита,Петров,M,Акмолинская область,Заречный район,Школа №1,ru,full,60.1,False,,eliminated
P01656,Малика,Касенов,F,Жетысуская область,Северный район,Школа №1,kk,full,50.6,False,,eliminated
P01657,Балжан,Маратов,F,Туркестанская область,Западный район,Школа №4,kk,full,57.5,False,,eliminated
P01658,Анастасия,Новикова,F,Восточно-Казахстанская область, Западный район ,Школа №2,ru,single,68.8,True,83.4,finalist
P01659,Никита,Кузнецов,M,Алматинская область,Заречный район,Школа №2,ru,full,39.9,False,,eliminated
P01660,Артём,Лебедев,M,г. Астана,Южный район,Школа №5,ru,full,72.1,True,68.6,finalist
P01661,Ержан,Маратов,M,Жетысуская область, Западный район ,Школа №3,kk,full,74.8,True,75.0,finalist
P01662,Рамазан,Кадыров,M,Акмолинская область,Западный район,Школа №4,kk,full,53.2,False,,eliminated
P01663,Анастасия,Петрова,F,Костанайская область,Западный район,Школа №3,ru,full,23.2,False,,eliminated
P01664,София,Соколова,F,Костанайская область,Восточный район,Школа №4,ru,full,45.9,False,,eliminated
P01665,Темирлан,Маратов,M,Жамбылская область,Северный район,Школа №1,kk,full,74.5,True,56.4,finalist
P01666,Иван,Лебедев,M,Северо-Казахстанская область,Сельский район,Школа №4,ru,full,54.7,False,,eliminated
P01667,Айгерим,Алиев,F,Костанайская область,Восточный район,Школа №2,kk,full,40.0,False,,eliminated
P01668,Артём,Смирнов,M,г. Астана,Северный район,Школа №1,ru,full,47.4,False,,eliminated
P01669,Адильхан,Абилов,M,Мангистауская область,Северный район,Школа №5,kk,full,67.6,True,69.6,finalist
P01670,Рамазан,Нурланов,M,Павлодарская область,Сельский район,Школа №1,kk,full,63.2,False,,eliminated
P01671,Максим,Волков,M,Карагандинская область,Северный район,Школа №4,ru,single,45.4,False,,eliminated
P01672,Данияр,Касенов,M,Восточно-Казахстанская область,Южный район,Школа №5,kk,full,49.5,False,,eliminated
P01673,Данияр,Кадыров,M,Кызылординская область,Сельский район,Школа №2,kk,full,49.1,False,,eliminated
P01674,Меруерт,Кадыров,F,Павлодарская область,Северный район,Школа №3,kk,full,41.2,False,,eliminated
P01675,Ольга,Соколова,F,г. Алматы,Южный район,Школа №3,ru,full,79.2,True,76.2,finalist
P01676,София,Кузнецова,F,г. Астана,Западный район,Школа №2,ru,full,50.2,False,,eliminated
P01677,Санжар,Сериков,M,Мангистауская область,Сельский район,Школа №3,kk,full,73.3,True,65.4,finalist
P01678,Дана,Сериков,F,Северо-Казахстанская область,Восточный район,Школа №3,kk,single,71.8,True,54.2,finalist
P01679,Максим,Кузнецов,M,Жетысуская область, Заречный район ,Школа №3,ru,single,64.0,False,,eliminated
P01680,Дана,Кадыров,F,Туркестанская область,Южный район,Школа №5,kk,full,48.5,False,,eliminated
P01681,Эльмира,Сатпаев,F,Алматинская область,Южный район,Школа №2,kk,full,61.1,False,,eliminated
P01682,Камила,Нурланов,F,Абайская область,Южный район,Школа №2,kk,full,54.6,False,,eliminated
P01683,Нурлан,Сериков,M,Кызылординская область,Восточный район,Школа №2,kk,full,41.4,False,,eliminated
P01684,Олжас,Кадыров,M,Алматинская область,Южный район,Школа №2,kk,single,53.9,False,,eliminated
P01685,Арман,Кадыров,M,Абайская область,Центральный район,Школа №3,kk,full,37.3,False,,eliminated
P01686,Жаныбек,Тулегенов,M,Абайская область,Заречный район,Школа №3,kk,full,72.8,True,66.7,finalist
P01687,Александр,Соколов,M,Костанайская область,Западный район,Школа №1,ru,single,42.0,False,,eliminated
P01688,Артём,Новиков,M,Актюбинская область,Центральный район,Школа №1,ru,full,58.0,False,,eliminated
P01689,Жансая,Кадыров,F,Костанайская область,Центральный район,Школа №1,kk,full,59.2,False,,eliminated
P01690,Камила,Маратов,F,Атырауская область,Западный район,Школа №2,kk,full,51.1,False,,eliminated
P01691,Дмитрий,Кузнецов,M,Жетысуская область,Центральный район,Школа №5,ru,full,63.8,False,,eliminated
P01692,Ольга,Иванова,F,Акмолинская область,Северный район,Школа №2,ru,single,41.9,False,,eliminated
P01693,Жаныбек,Касенов,M,Мангистауская область,Центральный район,Школа №3,kk,full,68.1,True,62.1,finalist
P01694,Полина,Петрова,F,Акмолинская область,Северный район,Школа №2,ru,full,34.8,False,,eliminated
P01695,Алина,Сатпаев,F,Кызылординская область,Западный район,Школа №2,kk,full,56.9,False,,eliminated
P01696,Шынгыс,Жумабеков,M,Западно-Казахстанская область,Западный район,Школа №4,kk,full,84.1,True,52.0,finalist
P01697,Ерасыл,Бекенов,M,Костанайская область,Южный район,Школа №3,kk,full,40.0,False,,eliminated
P01698,Михаил,Лебедев,M,Жамбылская область,Северный район,Школа №4,ru,single,38.8,False,,eliminated
P01699,Екатерина,Волкова,F,Карагандинская область,Сельский район,Школа №2,ru,single,56.7,False,,eliminated
P01700,Айдана,Касенов,F,Жетысуская область,Западный район,Школа №3,kk,full,57.7,False,,eliminated
P01701,Аян,Кадыров,M,Жамбылская область,Восточный район,Школа №4,kk,single,54.3,False,,eliminated
P01702,Аян,Абилов,M,Туркестанская область,Западный район,Школа №2,kk,full,62.3,False,,eliminated
P01703,Адильхан,Сатпаев,M,Акмолинская область, Сельский район ,Школа №3,kk,single,58.5,False,,eliminated
P01704,Тимур,Алиев,M,Алматинская область,Центральный район,Школа №2,kk,single,65.6,False,,eliminated
P01705,Дана,Нурланов,F,Абайская область,Южный район,Школа №1,kk,full,61.1,False,,eliminated
P01706,Владислав,Петров,M,Абайская область,Восточный район,Школа №1,ru,full,51.4,False,,eliminated
P01707,Никита,Морозов,M,Западно-Казахстанская область, Южный район ,Школа №5,ru,full,65.1,False,,eliminated
P01708,Алина,Нурланов,F,Мангистауская область,Центральный район,Школа №4,kk,single,77.5,True,65.4,finalist
P01709,Никита,Иванов,M,Актюбинская область,Сельский район,Школа №3,ru,single,47.0,False,,eliminated
P01710,Дамир,Бекенов,M,Жетысуская область,Заречный район,Школа №1,kk,single,34.4,False,,eliminated
P01711,Нурлан,Тулегенов,M,Туркестанская область,Сельский район,Школа №1,kk,full,71.6,True,77.9,finalist
P01712,Рамазан,Тулегенов,M,Восточно-Казахстанская область,Южный район,Школа №3,kk,single,47.2,False,,eliminated
P01713,Жансая,Нурланов,F,Восточно-Казахстанская область,Западный район,Школа №4,kk,single,16.4,False,,eliminated
P01714,Наргиз,Касенов,F,г. Алматы,Восточный район,Школа №4,kk,full,67.7,True,68.4,finalist
P01715,Ержан,Касенов,M,Северо-Казахстанская область,Восточный район,Школа №2,kk,single,41.0,False,,eliminated
P01716,Артём,Волков,M,Костанайская область,Западный район,Школа №2,ru,single,47.6,False,,eliminated
P01717,Екатерина,Лебедева,F,Актюбинская область,Сельский район,Школа №1,ru,single,54.0,False,,eliminated
P01718,Томирис,Темирбеков,F,Западно-Казахстанская область,Западный район,Школа №2,kk,single,51.9,False,,eliminated
P01719,Ольга,Петрова,F,Костанайская область,Заречный район,Школа №3,ru,full,65.6,False,,eliminated
P01720,Кирилл,Кузнецов,M,г. Астана,Южный район,Школа №1,ru,full,48.5,False,,eliminated
P01721,Балжан,Маратов,F,Абайская область,Сельский район,Школа №1,kk,full,62.7,False,,eliminated
P01722,Елена,Кузнецова,F,Мангистауская область,Южный район,Школа №5,ru,full,51.1,False,,eliminated
P01723,Айгерим,Темирбеков,F,Карагандинская область,Центральный район,Школа №1,kk,full,66.1,True,69.0,finalist
P01724,Ержан,Касенов,M,Мангистауская область,Центральный район,Школа №3,kk,full,64.2,False,,eliminated
P01725,Шынгыс,Сатпаев,M,Туркестанская область,Заречный район,Школа №1,kk,full,41.0,False,,eliminated
P01726,Жансая,Темирбеков,F,Западно-Казахстанская область,Заречный район,Школа №4,kk,single,65.3,False,,eliminated
P01727,Томирис,Сатпаев,F,Кызылординская область,Заречный район,Школа №1,kk,full,47.0,False,,eliminated
P01728,Анна,Новикова,F,Западно-Казахстанская область,Западный район,Школа №2,ru,single,61.1,False,,eliminated
P01729,Ольга,Лебедева,F,Костанайская область,Северный район,Школа №4,ru,full,60.5,False,,eliminated
P01730,Максим,Кузнецов,M,г. Шымкент,Восточный район,Школа №2,ru,full,82.6,True,86.4,finalist
P01731,Сабина,Абилов,F,Актюбинская область,Западный район,Школа №3,kk,full,51.6,False,,eliminated
P01732,Александр,Соколов,M,г. Астана,Центральный район,Школа №4,ru,full,49.8,False,,eliminated
P01733,Александр,Соколов,M,г. Шымкент,Южный район,Школа №2,ru,single,48.7,False,,eliminated
P01734,Бекжан,Темирбеков,M,Мангистауская область,Сельский район,Школа №2,kk,single,44.5,False,,eliminated
P01735,Ерасыл,Касенов,M,г. Астана,Сельский район,Школа №4,kk,single,61.0,False,,eliminated
P01736,Аяна,Алиев,F,Атырауская область,Заречный район,Школа №5,kk,full,30.8,False,,eliminated
P01737,Нурлан,Темирбеков,M,Улытауская область,Заречный район,Школа №5,kk,full,39.2,False,,eliminated
P01738,Темирлан,Маратов,M,Павлодарская область,Центральный район,Школа №3,kk,single,33.0,False,,eliminated
P01739,Сабина,Бекенов,F,Атырауская область, Центральный район ,Школа №1,kk,full,69.3,True,100.0,finalist
P01740,Сауле,Кадыров,F,г. Алматы,Южный район,Школа №2,kk,full,80.7,True,52.7,finalist
P01741,Бауыржан,Алиев,M,Карагандинская область,Северный район,Школа №4,kk,full,53.4,False,,eliminated
P01742,Андрей,Морозов,M,Западно-Казахстанская область,Западный район,Школа №3,ru,single,46.5,False,,eliminated
P01743,Максим,Кузнецов,M,Жамбылская область,Заречный район,Школа №4,ru,full,56.1,False,,eliminated
P01744,Темирлан,Сериков,M,Атырауская область,Заречный район,Школа №5,kk,full,72.4,True,47.1,finalist
P01745,Алина,Сатпаев,F,Восточно-Казахстанская область,Северный район,Школа №4,kk,single,35.1,False,,eliminated
P01746,Дамир,Нурланов,M,Акмолинская область,Сельский район,Школа №3,kk,single,52.6,False,,eliminated
P01747,Иван,Лебедев,M,Северо-Казахстанская область,Западный район,Школа №2,ru,single,63.6,False,,eliminated
P01748,Санжар,Нурланов,M,Восточно-Казахстанская область,Северный район,Школа №3,kk,full,62.5,False,,eliminated
P01749,Нурлан,Сериков,M,г. Алматы,Центральный район,Школа №2,kk,single,51.8,False,,eliminated
P01750,Дамир,Абилов,M,Костанайская область,Южный район,Школа №5,kk,full,70.0,True,62.8,finalist
P01751,Михаил,Новиков,M,Мангистауская область,Сельский район,Школа №5,ru,full,14.5,False,,eliminated
P01752,Томирис,Алиев,F,Туркестанская область,Южный район,Школа №4,kk,single,59.2,False,,eliminated
P01753,Алина,Жумабеков,F,Западно-Казахстанская область,Южный район,Школа №5,kk,full,45.2,False,,eliminated
P01754,Владислав,Волков,M,Жамбылская область,Южный район,Школа №2,ru,single,21.5,False,,eliminated
P01755,Дана,Сатпаев,F,Павлодарская область,Заречный район,Школа №5,kk,single,56.7,False,,eliminated
P01756,Дмитрий,Кузнецов,M,Кызылординская область,Заречный район,Школа №3,ru,full,75.6,True,36.4,finalist
P01757,Алмат,Маратов,M,Карагандинская область,Заречный район,Школа №5,kk,single,46.9,False,,eliminated
P01758,Наргиз,Кадыров,F,Жетысуская область,Восточный район,Школа №3,kk,single,63.3,False,,eliminated
P01759,Дамир,Сатпаев,M,Актюбинская область,Южный район,Школа №4,kk,single,73.2,True,89.8,finalist
P01760,Балжан,Жумабеков,F,Туркестанская область,Восточный район,Школа №5,kk,full,74.7,True,66.9,finalist
P01761,Бауыржан,Жумабеков,M,Акмолинская область,Восточный район,Школа №4,kk,full,79.6,True,74.8,finalist
P01762,Алмат,Алиев,M,Восточно-Казахстанская область,Центральный район,Школа №1,kk,full,66.1,True,62.7,finalist
P01763,Темирлан,Жумабеков,M,Атырауская область,Сельский район,Школа №4,kk,full,56.1,False,,eliminated
P01764,Айгерим,Сериков,F,Костанайская область,Западный район,Школа №3,kk,full,31.0,False,,eliminated
P01765,Тимур,Жумабеков,M,г. Алматы,Южный район,Школа №2,kk,full,51.3,False,,eliminated
P01766,Дарья,Лебедева,F,Жамбылская область,Западный район,Школа №2,ru,full,42.4,False,,eliminated
P01767,Елена,Новикова,F,Алматинская область,Центральный район,Школа №4,ru,full,87.6,True,90.6,finalist
P01768,Аян,Бекенов,M,Западно-Казахстанская область, Центральный район ,Школа №3,kk,full,52.4,False,,eliminated
P01769,Ольга,Кузнецова,F,Жетысуская область,Центральный район,Школа №4,ru,single,50.8,False,,eliminated
P01770,Кирилл,Волков,M,Мангистауская область,Центральный район,Школа №3,ru,full,63.3,False,,eliminated
P01771,Сабина,Кадыров,F,Костанайская область,Центральный район,Школа №5,kk,full,55.7,False,,eliminated
P01772,Арман,Маратов,M,Актюбинская область,Западный район,Школа №4,kk,full,80.4,True,65.4,finalist
P01773,Ержан,Нурланов,M,Западно-Казахстанская область,Северный район,Школа №2,kk,full,45.7,False,,eliminated
P01774,София,Кузнецова,F,Актюбинская область,Восточный район,Школа №1,ru,full,57.9,False,,eliminated
P01775,Рамазан,Нурланов,M,Северо-Казахстанская область,Восточный район,Школа №3,kk,full,43.9,False,,eliminated
P01776,Дмитрий,Новиков,M,Восточно-Казахстанская область,Северный район,Школа №5,ru,full,35.2,False,,eliminated
P01777,Анастасия,Лебедева,F,Кызылординская область,Центральный район,Школа №1,ru,single,39.8,False,,eliminated
P01778,Темирлан,Темирбеков,M,Западно-Казахстанская область,Центральный район,Школа №3,kk,full,54.4,False,,eliminated
P01779,Дмитрий,Смирнов,M,Жетысуская область,Восточный район,Школа №5,ru,full,48.6,False,,eliminated
P01780,Томирис,Касенов,F,Восточно-Казахстанская область,Южный район,Школа №4,kk,single,38.6,False,,eliminated
P01781,Владислав,Волков,M,Актюбинская область,Центральный район,Школа №3,ru,single,27.9,False,,eliminated
P01782,Олжас,Тулегенов,M,Кызылординская область,Заречный район,Школа №5,kk,single,47.8,False,,eliminated
P01783,Аян,Жумабеков,M,Улытауская область, Сельский район ,Школа №5,kk,single,26.4,False,,eliminated
P01784,Рамазан,Алиев,M,Атырауская область,Северный район,Школа №3,kk,full,66.4,True,61.8,finalist
P01785,Аян,Маратов,M,Алматинская область,Заречный район,Школа №5,kk,single,50.2,False,,eliminated
P01786,Адильхан,Жумабеков,M,Северо-Казахстанская область,Западный район,Школа №4,kk,full,33.1,False,,eliminated
P01787,Ольга,Морозова,F,Кызылординская область,Сельский район,Школа №4,ru,single,44.4,False,,eliminated
P01788,Сабина,Абилов,F,Атырауская область,Сельский район,Школа №1,kk,full,43.7,False,,eliminated
P01789,Шынгыс,Нурланов,M,Мангистауская область,Восточный район,Школа №1,kk,full,59.8,False,,eliminated
P01790,Нурлан,Касенов,M,Атырауская область,Восточный район,Школа №2,kk,full,75.1,True,73.2,finalist
P01791,Адильхан,Бекенов,M,Северо-Казахстанская область,Южный район,Школа №4,kk,single,20.9,False,,eliminated
P01792,Арман,Нурланов,M,Акмолинская область,Северный район,Школа №1,kk,full,56.7,False,,eliminated
P01793,Жаныбек,Касенов,M,Павлодарская область,Центральный район,Школа №3,kk,single,46.6,False,,eliminated
P01794,Наргиз,Сериков,F,Кызылординская область,Южный район,Школа №5,kk,full,65.1,False,,eliminated
P01795,Сауле,Жумабеков,F,Акмолинская область,Центральный район,Школа №5,kk,full,58.2,False,,eliminated
P01796,Шынгыс,Абилов,M,Кызылординская область,Западный район,Школа №3,kk,full,43.7,False,,eliminated
P01797,Меруерт,Абилов,F,Павлодарская область,Сельский район,Школа №5,kk,single,44.2,False,,eliminated
P01798,Аружан,Нурланов,F,Костанайская область,Заречный район,Школа №3,kk,full,43.1,False,,eliminated
P01799,Эльмира,Нурланов,F,Западно-Казахстанская область,Восточный район,Школа №1,kk,full,71.1,True,61.6,finalist
P01800,Томирис,Бекенов,F,Павлодарская область,Сельский район,Школа №2,kk,full,55.3,False,,eliminated
P01801,Екатерина,Иванова,F,Актюбинская область,Северный район,Школа №3,ru,single,77.5,True,53.6,finalist
P01802,Аяна,Касенов,F,Туркестанская область,Центральный район,Школа №4,kk,single,48.1,False,,eliminated
P01803,Иван,Новиков,M,Западно-Казахстанская область,Западный район,Школа №3,ru,full,44.4,False,,eliminated
P01804,Тимур,Тулегенов,M,Западно-Казахстанская область,Сельский район,Школа №2,kk,full,32.3,False,,eliminated
P01805,Ерасыл,Тулегенов,M,Карагандинская область,Восточный район,Школа №4,kk,full,28.0,False,,eliminated
P01806,Елена,Петрова,F,Атырауская область,Западный район,Школа №2,ru,single,25.2,False,,eliminated
P01807,Андрей,Морозов,M,Улытауская область,Южный район,Школа №4,ru,full,59.0,False,,eliminated
P01808,Аян,Сатпаев,M,Туркестанская область,Заречный район,Школа №3,kk,single,56.6,False,,eliminated
P01809,Нурлан,Алиев,M,Павлодарская область,Восточный район,Школа №3,kk,single,25.3,False,,eliminated
P01810,Рамазан,Нурланов,M,г. Астана,Северный район,Школа №2,kk,full,68.4,True,49.3,finalist
P01811,Аяна,Сатпаев,F,Костанайская область,Западный район,Школа №1,kk,full,47.8,False,,eliminated
P01812,Артём,Морозов,M,Павлодарская область,Восточный район,Школа №2,ru,single,51.2,False,,eliminated
P01813,Арман,Жумабеков,M,Кызылординская область,Заречный район,Школа №3,kk,full,79.2,True,55.0,finalist
P01814,Данияр,Кадыров,M,Алматинская область,Центральный район,Школа №1,kk,single,62.5,False,,eliminated
P01815,Екатерина,Смирнова,F,Мангистауская область,Сельский район,Школа №1,ru,full,51.0,False,,eliminated
P01816,Андрей,Волков,M,Карагандинская область,Северный район,Школа №5,ru,single,35.6,False,,eliminated
P01817,Михаил,Петров,M,Туркестанская область,Западный район,Школа №3,ru,full,22.7,False,,eliminated
P01818,Ольга,Новикова,F,Кызылординская область,Западный район,Школа №4,ru,full,44.2,False,,eliminated
P01819,Елена,Попова,F,Жамбылская область,Северный район,Школа №2,ru,full,51.8,False,,eliminated
P01820,Артём,Петров,M,Северо-Казахстанская область,Северный район,Школа №1,ru,full,40.2,False,,eliminated
P01821,Бекжан,Маратов,M,Туркестанская область,Восточный район,Школа №5,kk,single,47.0,False,,eliminated
P01822,Максим,Иванов,M,Кызылординская область,Северный район,Школа №3,ru,full,56.2,False,,eliminated
P01823,Дмитрий,Лебедев,M,Восточно-Казахстанская область,Сельский район,Школа №4,ru,single,45.6,False,,eliminated
P01824,Динара,Маратов,F,Павлодарская область,Заречный район,Школа №5,kk,single,39.2,False,,eliminated
P01825,Артём,Соколов,M,Павлодарская область,Центральный район,Школа №3,ru,full,57.5,False,,eliminated
P01826,Эльмира,Абилов,F,Западно-Казахстанская область,Северный район,Школа №4,kk,full,61.6,False,,eliminated
P01827,Ерасыл,Сатпаев,M,Кызылординская область, Южный район ,Школа №4,kk,single,32.6,False,,eliminated
P01828,Аружан,Кадыров,F,Улытауская область,Южный район,Школа №5,kk,single,70.2,True,64.9,finalist
P01829,Малика,Маратов,F,Акмолинская область,Восточный район,Школа №5,kk,full,53.5,False,,eliminated
P01830,Анастасия,Соколова,F,Костанайская область,Центральный район,Школа №1,ru,full,55.3,False,,eliminated
P01831,София,Волкова,F,Жетысуская область,Южный район,Школа №2,ru,full,65.6,False,,eliminated
P01832,Александр,Кузнецов,M,г. Астана,Южный район,Школа №1,ru,full,58.5,False,,eliminated
P01833,Максим,Кузнецов,M,Мангистауская область,Центральный район,Школа №1,ru,single,63.3,False,,eliminated
P01834,Михаил,Лебедев,M,Абайская область,Западный район,Школа №3,ru,single,53.3,False,,eliminated
P01835,Томирис,Бекенов,F,г. Алматы,Заречный район,Школа №1,kk,single,39.8,False,,eliminated
P01836,Динара,Алиев,F,г. Алматы,Заречный район,Школа №4,kk,full,60.4,False,,eliminated
P01837,Анастасия,Петрова,F,Атырауская область,Заречный район,Школа №2,ru,full,37.8,False,,eliminated
P01838,Малика,Бекенов,F,Восточно-Казахстанская область,Южный район,Школа №3,kk,full,56.6,False,,eliminated
P01839,Алина,Сериков,F,Атырауская область,Сельский район,Школа №1,kk,single,48.5,False,,eliminated
P01840,Дмитрий,Смирнов,M,Алматинская область,Сельский район,Школа №1,ru,full,51.9,False,,eliminated
P01841,Сабина,Сериков,F,Туркестанская область,Заречный район,Школа №1,kk,full,53.1,False,,eliminated
P01842,Бауыржан,Тулегенов,M,Западно-Казахстанская область, Заречный район ,Школа №5,kk,single,20.8,False,,eliminated
P01843,Алина,Алиев,F,Атырауская область,Южный район,Школа №5,kk,full,46.8,False,,eliminated
P01844,Ксения,Иванова,F,Костанайская область,Сельский район,Школа №4,ru,full,56.4,False,,eliminated
P01845,Екатерина,Смирнова,F,Жамбылская область,Западный район,Школа №5,ru,single,51.4,False,,eliminated
P01846,Владислав,Новиков,M,г. Алматы,Сельский район,Школа №3,ru,full,39.6,False,,eliminated
P01847,Олжас,Бекенов,M,Абайская область,Западный район,Школа №3,kk,full,74.0,True,66.1,finalist
P01848,Иван,Новиков,M,Актюбинская область,Северный район,Школа №5,ru,full,42.0,False,,eliminated
P01849,Наргиз,Абилов,F,г. Алматы,Западный район,Школа №3,kk,full,69.5,True,95.4,finalist
P01850,Ксения,Кузнецова,F,Карагандинская область,Западный район,Школа №3,ru,full,61.4,False,,eliminated
P01851,Артём,Соколов,M,Мангистауская область,Северный район,Школа №4,ru,single,39.3,False,,eliminated
P01852,Наргиз,Жумабеков,F,Карагандинская область, Восточный район ,Школа №3,kk,full,81.6,True,55.9,finalist
P01853,Полина,Волкова,F,г. Шымкент,Сельский район,Школа №1,ru,full,37.1,False,,eliminated
P01854,Алмат,Алиев,M,г. Астана,Северный район,Школа №1,kk,full,68.8,True,44.3,finalist
P01855,Михаил,Морозов,M,Актюбинская область,Сельский район,Школа №5,ru,single,64.0,False,,eliminated
P01856,Елена,Петрова,F,Мангистауская область,Сельский район,Школа №3,ru,single,38.9,False,,eliminated
P01857,Дмитрий,Иванов,M,Атырауская область,Центральный район,Школа №5,ru,full,75.9,True,66.8,finalist
P01858,Жансая,Нурланов,F,г. Алматы,Центральный район,Школа №5,kk,single,45.2,False,,eliminated
P01859,Динара,Алиев,F,Восточно-Казахстанская область,Заречный район,Школа №1,kk,full,59.3,False,,eliminated
P01860,Арман,Алиев,M,Улытауская область,Северный район,Школа №1,kk,full,58.9,False,,eliminated
P01861,Балжан,Абилов,F,г. Алматы,Северный район,Школа №2,kk,full,53.0,False,,eliminated
P01862,Дмитрий,Попов,M,Атырауская область,Восточный район,Школа №4,ru,single,61.2,False,,eliminated
P01863,Алмат,Маратов,M,Павлодарская область,Южный район,Школа №4,kk,full,66.9,True,88.2,finalist
P01864,Дамир,Маратов,M,Атырауская область,Западный район,Школа №5,kk,full,28.8,False,,eliminated
P01865,Айдана,Бекенов,F,Жетысуская область,Заречный район,Школа №1,kk,full,74.6,True,64.9,finalist
P01866,Алмат,Сатпаев,M,Абайская область,Заречный район,Школа №1,kk,single,24.1,False,,eliminated
P01867,Бауыржан,Абилов,M,Атырауская область,Северный район,Школа №1,kk,single,64.5,False,,eliminated
P01868,Санжар,Касенов,M,Западно-Казахстанская область,Восточный район,Школа №2,kk,full,71.9,True,55.3,finalist
P01869,Владислав,Новиков,M,Туркестанская область,Южный район,Школа №3,ru,full,38.6,False,,eliminated
P01870,Айдар,Маратов,M,Северо-Казахстанская область,Западный район,Школа №4,kk,full,48.8,False,,eliminated
P01871,Аян,Нурланов,M,Абайская область,Восточный район,Школа №5,kk,full,38.4,False,,eliminated
P01872,Бекжан,Абилов,M,Жамбылская область,Заречный район,Школа №4,kk,single,45.8,False,,eliminated
P01873,Олжас,Алиев,M,Абайская область,Сельский район,Школа №4,kk,full,50.4,False,,eliminated
P01874,Аружан,Сериков,F,Западно-Казахстанская область,Заречный район,Школа №3,kk,full,66.7,True,59.5,finalist
P01875,Дмитрий,Лебедев,M,Абайская область,Центральный район,Школа №1,ru,full,74.7,True,48.8,finalist
P01876,Михаил,Волков,M,г. Астана,Сельский район,Школа №2,ru,full,75.9,True,54.2,finalist
P01877,Айгерим,Кадыров,F,г. Алматы,Восточный район,Школа №1,kk,full,46.6,False,,eliminated
P01878,Кирилл,Соколов,M,Западно-Казахстанская область,Западный район,Школа №4,ru,full,51.9,False,,eliminated
P01879,Жансая,Сериков,F,Мангистауская область,Восточный район,Школа №2,kk,full,29.7,False,,eliminated
P01880,Гульнара,Тулегенов,F,Костанайская область,Восточный район,Школа №5,kk,full,42.9,False,,eliminated
P01881,Арман,Бекенов,M,Павлодарская область,Сельский район,Школа №4,kk,full,69.5,True,67.2,finalist
P01882,Сауле,Абилов,F,Атырауская область,Северный район,Школа №2,kk,full,79.2,True,64.5,finalist
P01883,Тимур,Нурланов,M,Алматинская область,Южный район,Школа №4,kk,single,30.5,False,,eliminated
P01884,Никита,Петров,M,Актюбинская область,Сельский район,Школа №5,ru,full,46.1,False,,eliminated
P01885,Анастасия,Новикова,F,Западно-Казахстанская область,Западный район,Школа №1,ru,single,48.6,False,,eliminated
P01886,Мария,Попова,F,Алматинская область,Центральный район,Школа №2,ru,single,53.2,False,,eliminated
P01887,Ержан,Кадыров,M,Северо-Казахстанская область,Западный район,Школа №1,kk,single,36.9,False,,eliminated
P01888,Дана,Бекенов,F,Восточно-Казахстанская область,Сельский район,Школа №1,kk,single,55.4,False,,eliminated
P01889,Арман,Жумабеков,M,Северо-Казахстанская область,Центральный район,Школа №2,kk,full,47.9,False,,eliminated
P01890,Владислав,Попов,M,Карагандинская область,Сельский район,Школа №2,ru,full,54.8,False,,eliminated
P01891,Камила,Темирбеков,F,Восточно-Казахстанская область,Южный район,Школа №2,kk,full,63.2,False,,eliminated
P01892,Аяна,Бекенов,F,Актюбинская область,Северный район,Школа №4,kk,full,55.1,False,,eliminated
P01893,Сабина,Маратов,F,г. Алматы,Заречный район,Школа №5,kk,single,42.5,False,,eliminated
P01894,Ольга,Смирнова,F,г. Шымкент,Западный район,Школа №2,ru,single,47.4,False,,eliminated
P01895,Олжас,Жумабеков,M,Костанайская область,Южный район,Школа №1,kk,full,53.7,False,,eliminated
P01896,Максим,Петров,M,г. Астана,Центральный район,Школа №2,ru,single,43.4,False,,eliminated
P01897,Андрей,Морозов,M,Туркестанская область,Восточный район,Школа №5,ru,single,45.1,False,,eliminated
P01898,Аяна,Тулегенов,F,Жетысуская область,Сельский район,Школа №1,kk,full,79.0,True,51.5,finalist
P01899,Екатерина,Морозова,F,г. Алматы,Центральный район,Школа №5,ru,full,63.4,False,,eliminated
P01900,Аян,Темирбеков,M,Павлодарская область,Восточный район,Школа №2,kk,full,50.6,False,,eliminated
P01901,Анна,Морозова,F,Атырауская область,Западный район,Школа №4,ru,single,59.5,False,,eliminated
P01902,Ксения,Новикова,F,Восточно-Казахстанская область,Заречный район,Школа №3,ru,full,50.0,False,,eliminated
P01903,Анастасия,Иванова,F,Актюбинская область,Южный район,Школа №5,ru,full,72.6,True,70.1,finalist
P01904,Алтынай,Абилов,F,г. Алматы,Заречный район,Школа №5,kk,full,60.5,False,,eliminated
P01905,Жаныбек,Касенов,M,Алматинская область,Сельский район,Школа №3,kk,single,47.4,False,,eliminated
P01906,Арман,Сатпаев,M,г. Астана,Западный район,Школа №4,kk,full,61.7,False,,eliminated
P01907,Дария,Тулегенов,F,г. Шымкент,Сельский район,Школа №4,kk,full,31.4,False,,eliminated
P01908,Айдана,Сатпаев,F,Акмолинская область,Центральный район,Школа №2,kk,full,38.1,False,,eliminated
P01909,Сабина,Жумабеков,F,Улытауская область,Северный район,Школа №5,kk,full,37.1,False,,eliminated
P01910,Михаил,Кузнецов,M,Костанайская область,Южный район,Школа №3,ru,full,57.1,False,,eliminated
P01911,Айдар,Тулегенов,M,Акмолинская область,Заречный район,Школа №4,kk,full,81.0,True,39.7,finalist
P01912,Михаил,Новиков,M,г. Шымкент,Южный район,Школа №1,ru,single,82.5,True,81.1,finalist
P01913,Полина,Смирнова,F,Атырауская область,Центральный район,Школа №1,ru,single,58.6,False,,eliminated
P01914,Сабина,Сериков,F,г. Алматы,Западный район,Школа №3,kk,full,62.5,False,,eliminated
P01915,Артём,Морозов,M,Туркестанская область,Восточный район,Школа №2,ru,full,28.0,False,,eliminated
P01916,Михаил,Петров,M,Мангистауская область,Южный район,Школа №1,ru,full,46.9,False,,eliminated
P01917,Артём,Морозов,M,г. Астана,Заречный район,Школа №3,ru,full,43.2,False,,eliminated
P01918,Нурлан,Маратов,M,Атырауская область,Южный район,Школа №5,kk,full,45.7,False,,eliminated
P01919,Дмитрий,Петров,M,Северо-Казахстанская область,Сельский район,Школа №4,ru,full,52.5,False,,eliminated
P01920,Жансая,Кадыров,F,Карагандинская область,Сельский район,Школа №2,kk,full,47.9,False,,eliminated
P01921,Иван,Морозов,M,Восточно-Казахстанская область,Южный район,Школа №1,ru,full,25.3,False,,eliminated
P01922,Дамир,Жумабеков,M,Улытауская область,Западный район,Школа №5,kk,full,66.2,True,57.4,finalist
P01923,Анна,Попова,F,Жетысуская область,Западный район,Школа №5,ru,full,38.9,False,,eliminated
P01924,Аружан,Абилов,F,г. Шымкент,Сельский район,Школа №3,kk,full,58.6,False,,eliminated
P01925,Дария,Бекенов,F,Жамбылская область,Северный район,Школа №3,kk,full,86.1,True,40.6,finalist
P01926,Алтынай,Нурланов,F,Жетысуская область,Сельский район,Школа №1,kk,full,41.2,False,,eliminated
P01927,Меруерт,Маратов,F,Алматинская область,Западный район,Школа №2,kk,full,17.0,False,,eliminated
P01928,Максим,Кузнецов,M,Атырауская область,Восточный район,Школа №2,ru,full,50.7,False,,eliminated
P01929,Алихан,Сериков,M,г. Шымкент,Сельский район,Школа №3,kk,single,65.5,False,,eliminated
P01930,Кирилл,Морозов,M,Улытауская область, Центральный район ,Школа №2,ru,full,84.4,True,52.1,finalist
P01931,Никита,Петров,M,Костанайская область,Сельский район,Школа №5,ru,full,36.6,False,,eliminated
P01932,Екатерина,Лебедева,F,Костанайская область,Восточный район,Школа №4,ru,full,62.5,False,,eliminated
P01933,Андрей,Лебедев,M,Абайская область,Западный район,Школа №4,ru,full,48.0,False,,eliminated
P01934,Айдана,Сериков,F,Карагандинская область,Западный район,Школа №1,kk,single,47.4,False,,eliminated
P01935,Алтынай,Тулегенов,F,Карагандинская область,Северный район,Школа №5,kk,full,94.7,True,75.5,finalist
P01936,Малика,Бекенов,F,Восточно-Казахстанская область,Сельский район,Школа №2,kk,full,32.5,False,,eliminated
P01937,Меруерт,Жумабеков,F,Костанайская область,Южный район,Школа №1,kk,full,58.8,False,,eliminated
P01938,Дмитрий,Смирнов,M,Улытауская область,Западный район,Школа №1,ru,single,56.0,False,,eliminated
P01939,Ксения,Кузнецова,F,Туркестанская область,Восточный район,Школа №1,ru,full,71.3,True,59.8,finalist
P01940,Кирилл,Иванов,M,Акмолинская область,Северный район,Школа №1,ru,full,56.5,False,,eliminated
P01941,Шынгыс,Сериков,M,Абайская область,Восточный район,Школа №4,kk,full,59.6,False,,eliminated
P01942,Аяна,Бекенов,F,Западно-Казахстанская область,Южный район,Школа №4,kk,full,49.1,False,,eliminated
P01943,Рамазан,Касенов,M,Туркестанская область,Восточный район,Школа №2,kk,full,59.0,False,,eliminated
P01944,Елена,Иванова,F,Алматинская область,Северный район,Школа №5,ru,full,49.9,False,,eliminated
P01945,Балжан,Кадыров,F,Карагандинская область,Северный район,Школа №5,kk,single,58.3,False,,eliminated
P01946,Балжан,Бекенов,F,Кызылординская область,Западный район,Школа №1,kk,full,49.5,False,,eliminated
P01947,Александр,Волков,M,Акмолинская область,Западный район,Школа №5,ru,full,60.7,False,,eliminated
P01948,Тимур,Алиев,M,Абайская область,Заречный район,Школа №3,kk,full,54.6,False,,eliminated
P01949,Никита,Волков,M,Павлодарская область,Сельский район,Школа №4,ru,single,65.9,False,,eliminated
P01950,София,Волкова,F,Северо-Казахстанская область,Центральный район,Школа №3,ru,full,54.2,False,,eliminated
P01951,Томирис,Бекенов,F,Атырауская область,Южный район,Школа №3,kk,full,28.4,False,,eliminated
P01952,Эльмира,Бекенов,F,Восточно-Казахстанская область,Северный район,Школа №2,kk,full,73.9,True,79.1,finalist
P01953,Кирилл,Волков,M,г. Алматы,Центральный район,Школа №1,ru,single,35.4,False,,eliminated
P01954,Алмат,Абилов,M,Павлодарская область,Центральный район,Школа №2,kk,single,39.2,False,,eliminated
P01955,Владислав,Морозов,M,г. Шымкент,Северный район,Школа №5,ru,single,40.1,False,,eliminated
P01956,Полина,Смирнова,F,г. Алматы, Сельский район ,Школа №3,ru,single,69.6,True,43.9,finalist
P01957,Анна,Смирнова,F,г. Астана,Западный район,Школа №1,ru,full,23.0,False,,eliminated
P01958,Томирис,Кадыров,F,г. Алматы,Заречный район,Школа №3,kk,full,100.0,True,86.7,finalist
P01959,Жансая,Нурланов,F,Актюбинская область,Сельский район,Школа №5,kk,full,70.8,True,97.0,finalist
P01960,Артём,Кузнецов,M,Улытауская область,Южный район,Школа №1,ru,full,58.3,False,,eliminated
P01961,Темирлан,Алиев,M,Жетысуская область,Западный район,Школа №3,kk,single,48.2,False,,eliminated
P01962,Александр,Смирнов,M,Туркестанская область,Сельский район,Школа №1,ru,full,59.3,False,,eliminated
P01963,Камила,Сериков,F,Акмолинская область,Центральный район,Школа №4,kk,full,62.8,False,,eliminated
P01964,Никита,Попов,M,Абайская область,Центральный район,Школа №4,ru,full,64.7,False,,eliminated
P01965,Дария,Касенов,F,г. Шымкент,Центральный район,Школа №3,kk,full,63.3,False,,eliminated
P01966,Санжар,Бекенов,M,г. Астана,Восточный район,Школа №2,kk,full,56.3,False,,eliminated
P01967,Дамир,Темирбеков,M,Туркестанская область,Восточный район,Школа №3,kk,full,52.0,False,,eliminated
P01968,Артём,Лебедев,M,Павлодарская область,Заречный район,Школа №2,ru,full,52.7,False,,eliminated
P01969,Наргиз,Маратов,F,Туркестанская область,Восточный район,Школа №2,kk,full,52.1,False,,eliminated
P01970,Дана,Темирбеков,F,Мангистауская область,Западный район,Школа №3,kk,full,72.0,True,74.9,finalist
P01971,Бекжан,Сериков,M,Атырауская область,Южный район,Школа №2,kk,full,63.9,False,,eliminated
P01972,Меруерт,Тулегенов,F,Актюбинская область, Восточный район ,Школа №2,kk,full,10.9,False,,eliminated
P01973,Жаныбек,Сериков,M,Жетысуская область,Сельский район,Школа №5,kk,single,58.8,False,,eliminated
P01974,Темирлан,Сатпаев,M,Кызылординская область,Восточный район,Школа №2,kk,full,57.9,False,,eliminated
P01975,Дария,Жумабеков,F,г. Астана,Центральный район,Школа №2,kk,single,48.7,False,,eliminated
P01976,Жаныбек,Жумабеков,M,Улытауская область,Центральный район,Школа №1,kk,full,49.2,False,,eliminated
P01977,Олжас,Бекенов,M,Западно-Казахстанская область,Сельский район,Школа №4,kk,full,71.9,True,68.9,finalist
P01978,Ольга,Морозова,F,Восточно-Казахстанская область,Северный район,Школа №2,ru,full,69.2,True,77.0,finalist
P01979,София,Морозова,F,Восточно-Казахстанская область,Центральный район,Школа №3,ru,full,43.4,False,,eliminated
P01980,Сауле,Кадыров,F,Туркестанская область,Сельский район,Школа №5,kk,full,61.1,False,,eliminated
P01981,Екатерина,Морозова,F,Жетысуская область,Центральный район,Школа №2,ru,full,40.4,False,,eliminated
P01982,Динара,Бекенов,F,г. Астана,Сельский район,Школа №1,kk,full,34.3,False,,eliminated
P01983,Малика,Нурланов,F,Алматинская область,Восточный район,Школа №1,kk,full,45.6,False,,eliminated
P01984,Камила,Тулегенов,F,Атырауская область,Сельский район,Школа №3,kk,single,61.9,False,,eliminated
P01985,Аян,Алиев,M,Жетысуская область,Заречный район,Школа №2,kk,full,69.3,True,50.0,finalist
P01986,Иван,Иванов,M,Костанайская область,Западный район,Школа №1,ru,full,62.7,False,,eliminated
P01987,Алихан,Тулегенов,M,Восточно-Казахстанская область,Центральный район,Школа №2,kk,full,65.9,False,,eliminated
P01988,Шынгыс,Темирбеков,M,г. Алматы,Западный район,Школа №3,kk,full,62.7,False,,eliminated
P01989,Сауле,Темирбеков,F,Восточно-Казахстанская область,Северный район,Школа №1,kk,single,39.4,False,,eliminated
P01990,Екатерина,Морозова,F,Павлодарская область,Заречный район,Школа №3,ru,full,61.5,False,,eliminated
P01991,Шынгыс,Кадыров,M,г. Шымкент,Западный район,Школа №1,kk,full,67.0,True,72.1,finalist
P01992,Темирлан,Тулегенов,M,Северо-Казахстанская область,Сельский район,Школа №1,kk,full,66.3,True,76.5,finalist
P01993,Аян,Бекенов,M,г. Алматы,Восточный район,Школа №4,kk,full,72.8,True,76.4,finalist
P01994,Анастасия,Волкова,F,Северо-Казахстанская область,Южный район,Школа №1,ru,single,59.6,False,,eliminated
P01995,Олжас,Абилов,M,г. Шымкент,Западный район,Школа №5,kk,full,60.3,False,,eliminated
P01996,Полина,Новикова,F,Атырауская область,Сельский район,Школа №3,ru,full,71.1,True,61.4,finalist
P01997,Александр,Морозов,M,Костанайская область,Заречный район,Школа №4,ru,full,54.6,False,,eliminated
P01998,Ксения,Иванова,F,Западно-Казахстанская область,Центральный район,Школа №3,ru,single,35.8,False,,eliminated
P01999,Иван,Новиков,M,г. Астана,Центральный район,Школа №1,ru,full,52.6,False,,eliminated
P02000,Динара,Кадыров,F,Западно-Казахстанская область,Южный район,Школа №5,kk,full,43.8,False,,eliminated
P02001,Жансая,Сатпаев,F,Карагандинская область,Северный район,Школа №2,kk,full,44.9,False,,eliminated
P02002,Мария,Кузнецова,F,Жамбылская область,Западный район,Школа №5,ru,single,46.8,False,,eliminated
P02003,Алихан,Касенов,M,Костанайская область,Северный район,Школа №3,kk,single,37.1,False,,eliminated
P02004,Динара,Нурланов,F,Восточно-Казахстанская область,Западный район,Школа №5,kk,full,50.4,False,,eliminated
P02005,Эльмира,Касенов,F,Кызылординская область,Центральный район,Школа №5,kk,full,26.6,False,,eliminated
P02006,Айгерим,Касенов,F,Туркестанская область,Западный район,Школа №4,kk,single,52.2,False,,eliminated
P02007,Динара,Абилов,F,Карагандинская область,Сельский район,Школа №1,kk,full,55.0,False,,eliminated
P02008,Сабина,Сатпаев,F,Актюбинская область,Сельский район,Школа №4,kk,full,42.7,False,,eliminated
P02009,Ерасыл,Сатпаев,M,Жетысуская область,Южный район,Школа №1,kk,single,58.9,False,,eliminated
P02010,Ерасыл,Жумабеков,M,Северо-Казахстанская область,Центральный район,Школа №3,kk,full,69.1,True,82.3,finalist
P02011,Шынгыс,Бекенов,M,Павлодарская область,Восточный район,Школа №5,kk,full,30.9,False,,eliminated
P02012,Динара,Темирбеков,F,Абайская область,Западный район,Школа №2,kk,full,43.6,False,,eliminated
P02013,Алина,Темирбеков,F,Кызылординская область,Северный район,Школа №5,kk,full,43.5,False,,eliminated
P02014,Полина,Новикова,F,г. Алматы,Центральный район,Школа №2,ru,single,34.9,False,,eliminated
P02015,Бекжан,Тулегенов,M,Улытауская область,Западный район,Школа №3,kk,full,67.4,True,61.3,finalist
P02016,Полина,Лебедева,F,Павлодарская область,Центральный район,Школа №5,ru,full,52.1,False,,eliminated
P02017,Меруерт,Жумабеков,F,Карагандинская область,Сельский район,Школа №4,kk,single,45.0,False,,eliminated
P02018,Елена,Морозова,F,Костанайская область,Заречный район,Школа №3,ru,single,18.9,False,,eliminated
P02019,Никита,Соколов,M,Восточно-Казахстанская область,Западный район,Школа №5,ru,single,58.5,False,,eliminated
P02020,Мария,Попова,F,Абайская область,Северный район,Школа №1,ru,single,30.4,False,,eliminated
P02021,Иван,Кузнецов,M,г. Астана,Заречный район,Школа №1,ru,single,49.9,False,,eliminated
P02022,Андрей,Попов,M,Костанайская область,Центральный район,Школа №3,ru,full,59.2,False,,eliminated
P02023,Нурлан,Тулегенов,M,Восточно-Казахстанская область,Заречный район,Школа №3,kk,full,75.4,True,58.3,finalist
P02024,Камила,Сатпаев,F,г. Шымкент,Заречный район,Школа №4,kk,single,29.4,False,,eliminated
P02025,Мария,Новикова,F,Северо-Казахстанская область,Заречный район,Школа №4,ru,full,9.7,False,,eliminated
P02026,Санжар,Маратов,M,Восточно-Казахстанская область,Южный район,Школа №1,kk,full,57.8,False,,eliminated
P02027,Сауле,Сериков,F,Атырауская область,Северный район,Школа №2,kk,full,82.0,True,68.7,finalist
P02028,Александр,Соколов,M,г. Шымкент,Центральный район,Школа №1,ru,single,67.6,True,51.5,finalist
P02029,Наргиз,Алиев,F,Жамбылская область,Заречный район,Школа №3,kk,full,58.1,False,,eliminated
P02030,Санжар,Маратов,M,Актюбинская область,Заречный район,Школа №2,kk,single,41.6,False,,eliminated
P02031,Жансая,Тулегенов,F,Западно-Казахстанская область,Восточный район,Школа №2,kk,single,61.1,False,,eliminated
P02032,Эльмира,Сериков,F,Улытауская область,Сельский район,Школа №4,kk,full,40.4,False,,eliminated
P02033,Алтынай,Нурланов,F,Акмолинская область,Западный район,Школа №4,kk,single,56.1,False,,eliminated
P02034,Меруерт,Касенов,F,Жамбылская область,Северный район,Школа №2,kk,single,56.6,False,,eliminated
P02035,Анастасия,Попова,F,Восточно-Казахстанская область,Северный район,Школа №5,ru,single,64.9,False,,eliminated
P02036,Аян,Сериков,M,Павлодарская область,Сельский район,Школа №5,kk,full,96.4,True,79.7,finalist
P02037,Арман,Бекенов,M,Восточно-Казахстанская область,Южный район,Школа №2,kk,single,54.9,False,,eliminated
P02038,Динара,Тулегенов,F,Карагандинская область,Южный район,Школа №4,kk,single,41.4,False,,eliminated
P02039,Максим,Кузнецов,M,Восточно-Казахстанская область,Сельский район,Школа №2,ru,single,48.6,False,,eliminated
P02040,Дана,Сатпаев,F,Туркестанская область,Западный район,Школа №1,kk,full,28.5,False,,eliminated
P02041,Никита,Новиков,M,Абайская область,Северный район,Школа №4,ru,full,44.6,False,,eliminated
P02042,Шынгыс,Абилов,M,Улытауская область,Восточный район,Школа №2,kk,full,48.9,False,,eliminated
P02043,Томирис,Тулегенов,F,Улытауская область,Северный район,Школа №1,kk,single,41.1,False,,eliminated
P02044,Жансая,Нурланов,F,Акмолинская область,Западный район,Школа №1,kk,single,51.3,False,,eliminated
P02045,Шынгыс,Касенов,M,Северо-Казахстанская область,Западный район,Школа №5,kk,full,42.7,False,,eliminated
P02046,Ксения,Морозова,F,Кызылординская область,Северный район,Школа №5,ru,full,71.8,True,58.3,finalist
P02047,Александр,Кузнецов,M,Абайская область,Южный район,Школа №2,ru,single,49.0,False,,eliminated
P02048,София,Попова,F,Алматинская область,Восточный район,Школа №2,ru,single,48.9,False,,eliminated
P02049,Алина,Темирбеков,F,Атырауская область,Заречный район,Школа №5,kk,single,44.1,False,,eliminated
P02050,Балжан,Абилов,F,Западно-Казахстанская область,Заречный район,Школа №5,kk,full,57.3,False,,eliminated
P02051,Айгерим,Сатпаев,F,Павлодарская область,Восточный район,Школа №5,kk,full,67.4,True,76.6,finalist
P02052,Камила,Темирбеков,F,Атырауская область,Заречный район,Школа №2,kk,full,42.0,False,,eliminated
P02053,Ольга,Лебедева,F,Северо-Казахстанская область,Сельский район,Школа №1,ru,full,45.1,False,,eliminated
P02054,Анна,Петрова,F,Мангистауская область,Восточный район,Школа №2,ru,full,50.4,False,,eliminated
P02055,Аружан,Маратов,F,Костанайская область,Заречный район,Школа №5,kk,single,28.8,False,,eliminated
P02056,Эльмира,Маратов,F,Жамбылская область,Центральный район,Школа №2,kk,full,42.7,False,,eliminated
P02057,Аян,Абилов,M,Карагандинская область,Сельский район,Школа №2,kk,single,41.9,False,,eliminated
P02058,Данияр,Темирбеков,M,г. Алматы,Заречный район,Школа №5,kk,full,68.1,True,64.7,finalist
P02059,Ерасыл,Алиев,M,Атырауская область,Западный район,Школа №2,kk,full,58.9,False,,eliminated
P02060,Жансая,Кадыров,F,Мангистауская область,Сельский район,Школа №1,kk,single,51.9,False,,eliminated
P02061,Никита,Попов,M,Атырауская область,Сельский район,Школа №4,ru,single,61.8,False,,eliminated
P02062,Меруерт,Сериков,F,Атырауская область,Южный район,Школа №3,kk,full,52.9,False,,eliminated
P02063,Аружан,Бекенов,F,Абайская область,Южный район,Школа №2,kk,full,60.9,False,,eliminated
P02064,Мария,Петрова,F,Кызылординская область,Западный район,Школа №2,ru,full,53.5,False,,eliminated
P02065,Шынгыс,Темирбеков,M,Северо-Казахстанская область,Заречный район,Школа №1,kk,full,59.0,False,,eliminated
P02066,Гульнара,Алиев,F,Атырауская область,Сельский район,Школа №1,kk,full,46.3,False,,eliminated
P02067,Александр,Кузнецов,M,Карагандинская область,Центральный район,Школа №1,ru,full,18.4,False,,eliminated
P02068,Максим,Волков,M,Северо-Казахстанская область,Южный район,Школа №3,ru,full,53.0,False,,eliminated
P02069,Ержан,Кадыров,M,Карагандинская область,Восточный район,Школа №2,kk,full,76.3,True,84.3,finalist
P02070,Дана,Абилов,F,Павлодарская область,Центральный район,Школа №5,kk,full,68.9,True,40.0,finalist
P02071,Андрей,Иванов,M,Жамбылская область,Центральный район,Школа №4,ru,full,69.5,True,79.5,finalist
P02072,Алихан,Абилов,M,Восточно-Казахстанская область,Восточный район,Школа №5,kk,full,73.5,True,53.8,finalist
P02073,Иван,Новиков,M,Алматинская область,Северный район,Школа №1,ru,single,50.3,False,,eliminated
P02074,Балжан,Тулегенов,F,Акмолинская область,Восточный район,Школа №2,kk,full,58.0,False,,eliminated
P02075,Айдана,Жумабеков,F,Кызылординская область,Западный район,Школа №4,kk,full,45.7,False,,eliminated
P02076,Балжан,Темирбеков,F,Абайская область,Западный район,Школа №3,kk,full,50.3,False,,eliminated
P02077,Малика,Маратов,F,Павлодарская область,Западный район,Школа №1,kk,full,64.2,False,,eliminated
P02078,Балжан,Сатпаев,F,Мангистауская область,Северный район,Школа №4,kk,single,67.1,True,89.7,finalist
P02079,Мария,Смирнова,F,Актюбинская область,Южный район,Школа №5,ru,full,52.9,False,,eliminated
P02080,Александр,Иванов,M,Акмолинская область,Южный район,Школа №4,ru,full,48.2,False,,eliminated
P02081,Айгерим,Сериков,F,Алматинская область,Центральный район,Школа №4,kk,full,55.0,False,,eliminated
P02082,Адильхан,Маратов,M,Западно-Казахстанская область,Западный район,Школа №5,kk,full,64.0,False,,eliminated
P02083,Елена,Волкова,F,Абайская область,Южный район,Школа №1,ru,full,33.3,False,,eliminated
P02084,Шынгыс,Тулегенов,M,Акмолинская область,Сельский район,Школа №5,kk,single,14.6,False,,eliminated
P02085,Эльмира,Тулегенов,F,Туркестанская область,Заречный район,Школа №1,kk,full,46.7,False,,eliminated
P02086,Мария,Лебедева,F,г. Шымкент,Западный район,Школа №1,ru,full,36.7,False,,eliminated
P02087,Бауыржан,Абилов,M,Карагандинская область,Центральный район,Школа №5,kk,full,47.4,False,,eliminated
P02088,Ерасыл,Нурланов,M,Восточно-Казахстанская область,Северный район,Школа №5,kk,full,52.8,False,,eliminated
P02089,Алтынай,Сатпаев,F,Северо-Казахстанская область, Сельский район ,Школа №3,kk,full,48.2,False,,eliminated
P02090,Артём,Иванов,M,Жамбылская область,Восточный район,Школа №4,ru,single,70.8,True,75.4,finalist
P02091,Алина,Нурланов,F,Акмолинская область,Сельский район,Школа №1,kk,full,59.9,False,,eliminated
P02092,Сауле,Сериков,F,Жетысуская область,Южный район,Школа №5,kk,full,59.5,False,,eliminated
P02093,София,Новикова,F,Атырауская область,Центральный район,Школа №4,ru,single,58.3,False,,eliminated
P02094,Томирис,Жумабеков,F,Улытауская область,Центральный район,Школа №1,kk,single,31.9,False,,eliminated
P02095,Елена,Морозова,F,Атырауская область,Северный район,Школа №4,ru,single,64.6,False,,eliminated
P02096,Гульнара,Сатпаев,F,Северо-Казахстанская область,Западный район,Школа №1,kk,full,53.9,False,,eliminated
P02097,Темирлан,Темирбеков,M,Павлодарская область,Восточный район,Школа №1,kk,single,59.1,False,,eliminated
P02098,Тимур,Сериков,M,Карагандинская область,Западный район,Школа №1,kk,single,32.9,False,,eliminated
P02099,Томирис,Жумабеков,F,Восточно-Казахстанская область,Западный район,Школа №5,kk,single,25.7,False,,eliminated
P02100,Кирилл,Волков,M,Туркестанская область,Заречный район,Школа №3,ru,full,67.3,True,48.1,finalist
P02101,Дмитрий,Петров,M,г. Астана,Восточный район,Школа №4,ru,full,60.6,False,,eliminated
P02102,Аяна,Абилов,F,Карагандинская область,Заречный район,Школа №5,kk,full,41.5,False,,eliminated
P02103,Алмат,Абилов,M,г. Астана,Сельский район,Школа №4,kk,full,42.0,False,,eliminated
P02104,Мария,Соколова,F,г. Шымкент,Восточный район,Школа №2,ru,single,65.9,False,,eliminated
P02105,Дана,Абилов,F,Улытауская область,Южный район,Школа №4,kk,full,37.2,False,,eliminated
P02106,Аружан,Алиев,F,Кызылординская область,Западный район,Школа №4,kk,full,79.6,True,60.3,finalist
P02107,Томирис,Бекенов,F,Западно-Казахстанская область,Западный район,Школа №5,kk,full,41.5,False,,eliminated
P02108,Дамир,Нурланов,M,Туркестанская область,Северный район,Школа №5,kk,full,64.6,False,,eliminated
P02109,Эльмира,Сериков,F,Актюбинская область,Южный район,Школа №1,kk,full,50.1,False,,eliminated
P02110,Ксения,Волкова,F,Восточно-Казахстанская область,Сельский район,Школа №4,ru,full,64.0,False,,eliminated
P02111,Александр,Попов,M,Восточно-Казахстанская область,Северный район,Школа №3,ru,full,46.8,False,,eliminated
P02112,Айгерим,Алиев,F,Кызылординская область,Южный район,Школа №4,kk,full,52.6,False,,eliminated
P02113,Ерасыл,Касенов,M,Акмолинская область,Сельский район,Школа №3,kk,full,55.6,False,,eliminated
P02114,Алина,Абилов,F,Туркестанская область,Заречный район,Школа №5,kk,full,40.0,False,,eliminated
P02115,Темирлан,Касенов,M,Акмолинская область,Западный район,Школа №1,kk,single,60.1,False,,eliminated
P02116,Алмат,Жумабеков,M,Актюбинская область,Восточный район,Школа №5,kk,single,41.3,False,,eliminated
P02117,Ерасыл,Сатпаев,M,Восточно-Казахстанская область,Восточный район,Школа №3,kk,full,51.6,False,,eliminated
P02118,Гульнара,Маратов,F,г. Астана,Восточный район,Школа №5,kk,full,40.1,False,,eliminated
P02119,Дария,Маратов,F,Актюбинская область,Южный район,Школа №3,kk,single,10.6,False,,eliminated
P02120,Алтынай,Сатпаев,F,Атырауская область,Заречный район,Школа №2,kk,full,52.1,False,,eliminated
P02121,Жансая,Бекенов,F,Мангистауская область,Заречный район,Школа №1,kk,full,91.2,True,59.8,finalist
P02122,Александр,Кузнецов,M,г. Шымкент,Западный район,Школа №5,ru,single,60.8,False,,eliminated
P02123,Нурлан,Маратов,M,Атырауская область,Центральный район,Школа №3,kk,full,54.7,False,,eliminated
P02124,Айгерим,Темирбеков,F,Абайская область,Западный район,Школа №5,kk,full,51.1,False,,eliminated
P02125,Тимур,Жумабеков,M,Восточно-Казахстанская область,Центральный район,Школа №4,kk,single,49.3,False,,eliminated
P02126,Сауле,Сатпаев,F,Павлодарская область,Восточный район,Школа №1,kk,full,63.2,False,,eliminated
P02127,Данияр,Кадыров,M,Павлодарская область,Сельский район,Школа №4,kk,full,37.3,False,,eliminated
P02128,Дария,Кадыров,F,Жетысуская область,Северный район,Школа №5,kk,full,71.7,True,72.5,finalist
P02129,Иван,Соколов,M,Мангистауская область,Восточный район,Школа №2,ru,single,59.7,False,,eliminated
P02130,Алмат,Нурланов,M,Костанайская область,Западный район,Школа №2,kk,single,59.8,False,,eliminated
P02131,Кирилл,Смирнов,M,Восточно-Казахстанская область,Центральный район,Школа №3,ru,full,61.6,False,,eliminated
P02132,Наргиз,Маратов,F,Туркестанская область,Южный район,Школа №3,kk,full,55.3,False,,eliminated
P02133,Аян,Жумабеков,M,Алматинская область,Центральный район,Школа №5,kk,single,59.1,False,,eliminated
P02134,Кирилл,Иванов,M,Абайская область,Сельский район,Школа №5,ru,full,63.9,False,,eliminated
P02135,Жаныбек,Абилов,M,Туркестанская область,Западный район,Школа №1,kk,full,49.7,False,,eliminated
P02136,Ольга,Иванова,F,Западно-Казахстанская область,Восточный район,Школа №4,ru,single,40.4,False,,eliminated
P02137,Малика,Сериков,F,Атырауская область,Заречный район,Школа №2,kk,full,56.5,False,,eliminated
P02138,Наргиз,Кадыров,F,Жетысуская область,Восточный район,Школа №5,kk,single,72.2,True,57.7,finalist
P02139,Меруерт,Тулегенов,F,Кызылординская область,Сельский район,Школа №3,kk,single,30.4,False,,eliminated
P02140,Аружан,Сериков,F,г. Алматы,Заречный район,Школа №5,kk,full,33.0,False,,eliminated
P02141,Дмитрий,Иванов,M,Акмолинская область,Заречный район,Школа №3,ru,full,57.5,False,,eliminated
P02142,Иван,Смирнов,M,Жамбылская область,Сельский район,Школа №1,ru,full,55.8,False,,eliminated
P02143,Максим,Соколов,M,г. Алматы,Западный район,Школа №4,ru,full,57.6,False,,eliminated
P02144,Анна,Новикова,F,Северо-Казахстанская область,Сельский район,Школа №2,ru,full,58.7,False,,eliminated
P02145,Аян,Абилов,M,Восточно-Казахстанская область,Центральный район,Школа №5,kk,full,51.7,False,,eliminated
P02146,Ольга,Попова,F,Абайская область,Заречный район,Школа №1,ru,full,77.3,True,70.7,finalist
P02147,Айдар,Жумабеков,M,Костанайская область,Заречный район,Школа №1,kk,full,31.0,False,,eliminated
P02148,Ксения,Морозова,F,Улытауская область,Сельский район,Школа №5,ru,single,36.6,False,,eliminated
P02149,Данияр,Темирбеков,M,Акмолинская область,Сельский район,Школа №1,kk,full,53.5,False,,eliminated
P02150,Наргиз,Тулегенов,F,Карагандинская область,Западный район,Школа №4,kk,full,30.4,False,,eliminated
P02151,Ержан,Жумабеков,M,Западно-Казахстанская область,Восточный район,Школа №5,kk,full,52.4,False,,eliminated
P02152,Алина,Абилов,F,г. Шымкент,Западный район,Школа №5,kk,full,79.9,True,73.9,finalist
P02153,Ксения,Кузнецова,F,г. Шымкент,Центральный район,Школа №4,ru,single,49.3,False,,eliminated
P02154,Сауле,Маратов,F,Мангистауская область,Сельский район,Школа №5,kk,full,58.5,False,,eliminated
P02155,Аружан,Маратов,F,г. Шымкент,Центральный район,Школа №3,kk,full,36.1,False,,eliminated
P02156,Анна,Соколова,F,Северо-Казахстанская область,Заречный район,Школа №4,ru,full,45.8,False,,eliminated
P02157,София,Морозова,F,Мангистауская область,Заречный район,Школа №3,ru,full,49.4,False,,eliminated
P02158,Бекжан,Сатпаев,M,Северо-Казахстанская область,Северный район,Школа №2,kk,full,50.2,False,,eliminated
P02159,Михаил,Новиков,M,Абайская область,Восточный район,Школа №2,ru,single,68.2,True,54.7,finalist
P02160,Полина,Морозова,F,Акмолинская область,Заречный район,Школа №2,ru,full,63.4,False,,eliminated
P02161,Александр,Смирнов,M,Жетысуская область,Северный район,Школа №1,ru,full,38.3,False,,eliminated
P02162,Камила,Сериков,F,Акмолинская область,Центральный район,Школа №5,kk,full,58.7,False,,eliminated
P02163,Ольга,Лебедева,F,Алматинская область,Центральный район,Школа №3,ru,full,62.5,False,,eliminated
P02164,Айдар,Маратов,M,Жетысуская область,Западный район,Школа №3,kk,full,72.1,True,48.9,finalist
P02165,Сабина,Темирбеков,F,Туркестанская область,Южный район,Школа №5,kk,full,78.7,True,56.1,finalist
P02166,Тимур,Кадыров,M,Алматинская область, Центральный район ,Школа №1,kk,full,39.8,False,,eliminated
P02167,Анастасия,Попова,F,Западно-Казахстанская область,Южный район,Школа №5,ru,full,42.8,False,,eliminated
P02168,Айдана,Нурланов,F,Павлодарская область,Заречный район,Школа №3,kk,full,36.1,False,,eliminated
P02169,Ержан,Жумабеков,M,Актюбинская область,Заречный район,Школа №2,kk,single,45.5,False,,eliminated
P02170,Ерасыл,Сериков,M,Мангистауская область,Западный район,Школа №5,kk,full,62.0,False,,eliminated
P02171,Эльмира,Темирбеков,F,Кызылординская область,Сельский район,Школа №2,kk,full,69.8,True,59.2,finalist
P02172,Аружан,Нурланов,F,г. Алматы,Заречный район,Школа №5,kk,full,53.9,False,,eliminated
P02173,Адильхан,Тулегенов,M,Жетысуская область,Западный район,Школа №5,kk,full,50.2,False,,eliminated
P02174,Сабина,Касенов,F,Туркестанская область,Сельский район,Школа №3,kk,full,57.3,False,,eliminated
P02175,Жансая,Абилов,F,Актюбинская область,Западный район,Школа №4,kk,full,42.5,False,,eliminated
P02176,Алина,Алиев,F,Павлодарская область,Заречный район,Школа №3,kk,full,86.3,True,69.3,finalist
P02177,Сауле,Алиев,F,Мангистауская область,Центральный район,Школа №1,kk,full,30.9,False,,eliminated
P02178,Никита,Попов,M,Атырауская область,Центральный район,Школа №3,ru,full,57.8,False,,eliminated
P02179,Максим,Новиков,M,Северо-Казахстанская область,Южный район,Школа №2,ru,full,85.4,True,60.0,finalist
P02180,Алихан,Сериков,M,г. Алматы,Заречный район,Школа №5,kk,full,55.1,False,,eliminated
P02181,Кирилл,Смирнов,M,Павлодарская область,Южный район,Школа №2,ru,full,52.1,False,,eliminated
P02182,Алихан,Абилов,M,Акмолинская область,Сельский район,Школа №3,kk,single,43.6,False,,eliminated
P02183,Андрей,Морозов,M,Кызылординская область,Заречный район,Школа №4,ru,single,46.3,False,,eliminated
P02184,Санжар,Алиев,M,Абайская область,Сельский район,Школа №2,kk,single,69.6,True,53.8,finalist
P02185,Никита,Иванов,M,Акмолинская область,Центральный район,Школа №2,ru,single,15.8,False,,eliminated
P02186,Айдана,Абилов,F,Восточно-Казахстанская область,Северный район,Школа №3,kk,single,72.0,True,73.2,finalist
P02187,Аян,Тулегенов,M,г. Шымкент,Южный район,Школа №3,kk,full,33.6,False,,eliminated
P02188,Санжар,Алиев,M,Восточно-Казахстанская область,Заречный район,Школа №4,kk,full,51.0,False,,eliminated
P02189,Жаныбек,Тулегенов,M,Кызылординская область,Центральный район,Школа №1,kk,single,42.6,False,,eliminated
P02190,Айдана,Сериков,F,Алматинская область,Западный район,Школа №1,kk,full,63.8,False,,eliminated
P02191,Анна,Петрова,F,Костанайская область,Северный район,Школа №1,ru,single,25.0,False,,eliminated
P02192,Максим,Иванов,M,г. Астана,Северный район,Школа №1,ru,full,61.9,False,,eliminated
P02193,Айгерим,Темирбеков,F,Туркестанская область,Южный район,Школа №1,kk,single,79.4,True,64.0,finalist
P02194,Динара,Маратов,F,Карагандинская область,Северный район,Школа №2,kk,single,28.6,False,,eliminated
P02195,Сауле,Сатпаев,F,Жамбылская область,Сельский район,Школа №3,kk,full,57.8,False,,eliminated
P02196,Андрей,Лебедев,M,Актюбинская область,Западный район,Школа №5,ru,single,39.1,False,,eliminated
P02197,Дария,Тулегенов,F,Актюбинская область,Северный район,Школа №1,kk,full,61.4,False,,eliminated
P02198,Темирлан,Касенов,M,г. Шымкент,Восточный район,Школа №2,kk,full,55.3,False,,eliminated
P02199,Жансая,Абилов,F,Западно-Казахстанская область,Западный район,Школа №2,kk,full,45.4,False,,eliminated
P02200,Айдана,Нурланов,F,Западно-Казахстанская область,Западный район,Школа №4,kk,full,62.3,False,,eliminated
P02201,Дана,Жумабеков,F,г. Алматы,Западный район,Школа №3,kk,single,76.1,True,66.7,finalist
P02202,Данияр,Нурланов,M,Атырауская область,Западный район,Школа №3,kk,full,52.1,False,,eliminated
P02203,Анастасия,Лебедева,F,Кызылординская область,Восточный район,Школа №3,ru,full,65.8,False,,eliminated
P02204,Томирис,Алиев,F,Абайская область,Западный район,Школа №3,kk,single,29.6,False,,eliminated
P02205,Данияр,Маратов,M,Абайская область,Заречный район,Школа №1,kk,single,34.7,False,,eliminated
P02206,Алмат,Абилов,M,Улытауская область,Восточный район,Школа №1,kk,full,62.1,False,,eliminated
P02207,Ольга,Лебедева,F,Акмолинская область,Заречный район,Школа №2,ru,full,77.3,True,68.4,finalist
P02208,Бекжан,Кадыров,M,Западно-Казахстанская область,Заречный район,Школа №2,kk,single,54.3,False,,eliminated
P02209,Дарья,Новикова,F,Костанайская область,Сельский район,Школа №5,ru,full,50.3,False,,eliminated
P02210,Малика,Маратов,F,Акмолинская область,Центральный район,Школа №3,kk,full,55.0,False,,eliminated
P02211,Жансая,Касенов,F,г. Астана,Южный район,Школа №5,kk,full,36.2,False,,eliminated
P02212,Рамазан,Сериков,M,Северо-Казахстанская область,Заречный район,Школа №2,kk,full,64.1,False,,eliminated
P02213,София,Попова,F,Абайская область,Северный район,Школа №1,ru,full,68.2,True,49.5,finalist
P02214,Эльмира,Бекенов,F,Карагандинская область,Сельский район,Школа №2,kk,full,48.2,False,,eliminated
P02215,Жансая,Алиев,F,Акмолинская область,Северный район,Школа №5,kk,full,47.9,False,,eliminated
P02216,Алина,Тулегенов,F,Карагандинская область,Заречный район,Школа №1,kk,single,53.0,False,,eliminated
P02217,Эльмира,Сатпаев,F,Восточно-Казахстанская область,Западный район,Школа №2,kk,single,42.4,False,,eliminated
P02218,Айдана,Кадыров,F,Мангистауская область,Центральный район,Школа №4,kk,single,48.0,False,,eliminated
P02219,Айгерим,Нурланов,F,г. Астана,Восточный район,Школа №5,kk,full,86.5,True,51.6,finalist
P02220,Ольга,Соколова,F,Акмолинская область,Сельский район,Школа №2,ru,single,45.3,False,,eliminated
P02221,Дарья,Кузнецова,F,Жамбылская область,Западный район,Школа №3,ru,full,49.6,False,,eliminated
P02222,Гульнара,Темирбеков,F,Абайская область,Восточный район,Школа №4,kk,single,39.3,False,,eliminated
P02223,Айгерим,Бекенов,F,Восточно-Казахстанская область,Заречный район,Школа №1,kk,full,66.2,True,62.6,finalist
P02224,Дамир,Алиев,M,Мангистауская область,Северный район,Школа №4,kk,full,52.3,False,,eliminated
P02225,Аян,Касенов,M,г. Астана,Заречный район,Школа №2,kk,single,39.3,False,,eliminated
P02226,Андрей,Иванов,M,Акмолинская область,Западный район,Школа №4,ru,single,68.8,True,51.6,finalist
P02227,Темирлан,Тулегенов,M,Павлодарская область,Западный район,Школа №1,kk,full,76.3,True,64.3,finalist
P02228,Камила,Абилов,F,Жетысуская область,Сельский район,Школа №1,kk,full,46.0,False,,eliminated
P02229,Ольга,Попова,F,г. Астана,Западный район,Школа №5,ru,full,27.0,False,,eliminated
P02230,Анна,Смирнова,F,г. Астана,Заречный район,Школа №4,ru,full,70.1,True,72.9,finalist
P02231,Бекжан,Нурланов,M,Восточно-Казахстанская область, Сельский район ,Школа №2,kk,full,44.7,False,,eliminated
P02232,Дамир,Абилов,M,Северо-Казахстанская область,Центральный район,Школа №2,kk,full,66.9,True,85.3,finalist
P02233,Ержан,Алиев,M,Жетысуская область,Заречный район,Школа №1,kk,full,25.4,False,,eliminated
P02234,Андрей,Волков,M,Восточно-Казахстанская область,Центральный район,Школа №5,ru,single,62.4,False,,eliminated
P02235,Анастасия,Попова,F,г. Астана,Центральный район,Школа №1,ru,full,36.8,False,,eliminated
P02236,Темирлан,Тулегенов,M,Актюбинская область,Заречный район,Школа №3,kk,full,66.0,True,80.4,finalist
P02237,Артём,Петров,M,Мангистауская область,Западный район,Школа №1,ru,single,49.2,False,,eliminated
P02238,Ольга,Морозова,F,г. Шымкент,Сельский район,Школа №5,ru,single,34.7,False,,eliminated
P02239,Томирис,Абилов,F,Восточно-Казахстанская область,Сельский район,Школа №3,kk,single,42.9,False,,eliminated
P02240,Алмат,Тулегенов,M,Атырауская область,Северный район,Школа №4,kk,full,65.3,False,,eliminated
P02241,Шынгыс,Жумабеков,M,г. Алматы,Северный район,Школа №2,kk,full,56.6,False,,eliminated
P02242,Алина,Жумабеков,F,Западно-Казахстанская область,Восточный район,Школа №2,kk,single,57.8,False,,eliminated
P02243,Анна,Петрова,F,Павлодарская область,Южный район,Школа №2,ru,single,78.6,True,54.8,finalist
P02244,Анастасия,Смирнова,F,Акмолинская область,Заречный район,Школа №1,ru,full,31.5,False,,eliminated
P02245,Аружан,Алиев,F,Северо-Казахстанская область,Восточный район,Школа №2,kk,full,79.3,True,73.4,finalist
P02246,Бауыржан,Темирбеков,M,Атырауская область,Западный район,Школа №3,kk,single,50.6,False,,eliminated
P02247,Адильхан,Касенов,M,Акмолинская область,Южный район,Школа №5,kk,full,41.5,False,,eliminated
P02248,Жансая,Нурланов,F,г. Астана,Центральный район,Школа №2,kk,full,35.0,False,,eliminated
P02249,Аян,Сатпаев,M,Актюбинская область,Восточный район,Школа №1,kk,full,52.2,False,,eliminated
P02250,Аян,Сатпаев,M,Улытауская область,Северный район,Школа №1,kk,full,68.8,True,47.3,finalist
P02251,Елена,Петрова,F,г. Шымкент,Восточный район,Школа №2,ru,full,53.1,False,,eliminated
P02252,Алтынай,Нурланов,F,Туркестанская область,Центральный район,Школа №3,kk,full,77.7,True,56.2,finalist
P02253,Мария,Лебедева,F,Северо-Казахстанская область,Сельский район,Школа №1,ru,full,33.2,False,,eliminated
P02254,Анна,Волкова,F,Улытауская область,Сельский район,Школа №3,ru,full,54.8,False,,eliminated
P02255,Елена,Соколова,F,Акмолинская область,Восточный район,Школа №4,ru,single,30.2,False,,eliminated
P02256,Балжан,Маратов,F,Жетысуская область,Западный район,Школа №1,kk,full,60.5,False,,eliminated
P02257,Балжан,Алиев,F,Восточно-Казахстанская область,Восточный район,Школа №1,kk,full,68.3,True,64.0,finalist
P02258,Малика,Касенов,F,Атырауская область,Сельский район,Школа №5,kk,full,48.7,False,,eliminated
P02259,Санжар,Тулегенов,M,Акмолинская область,Западный район,Школа №5,kk,single,9.9,False,,eliminated
P02260,Мария,Смирнова,F,Жетысуская область,Заречный район,Школа №1,ru,full,58.0,False,,eliminated
P02261,Гульнара,Бекенов,F,г. Алматы,Южный район,Школа №2,kk,single,55.6,False,,eliminated
P02262,Меруерт,Алиев,F,Кызылординская область,Заречный район,Школа №5,kk,full,61.1,False,,eliminated
P02263,Александр,Кузнецов,M,Актюбинская область,Центральный район,Школа №3,ru,single,67.5,True,69.6,finalist
P02264,Жансая,Маратов,F,Западно-Казахстанская область,Южный район,Школа №4,kk,single,32.9,False,,eliminated
P02265,Динара,Абилов,F,Мангистауская область,Западный район,Школа №3,kk,single,59.2,False,,eliminated
P02266,Ксения,Кузнецова,F,Кызылординская область,Северный район,Школа №5,ru,full,72.9,True,57.1,finalist
P02267,Эльмира,Тулегенов,F,Мангистауская область,Сельский район,Школа №2,kk,single,22.3,False,,eliminated
P02268,Данияр,Кадыров,M,Абайская область,Западный район,Школа №1,kk,full,59.8,False,,eliminated
P02269,Елена,Морозова,F,Актюбинская область,Сельский район,Школа №4,ru,full,47.4,False,,eliminated
P02270,Никита,Лебедев,M,Мангистауская область,Южный район,Школа №2,ru,full,53.8,False,,eliminated
P02271,Дана,Алиев,F,Жетысуская область,Южный район,Школа №5,kk,single,54.2,False,,eliminated
P02272,Данияр,Темирбеков,M,Западно-Казахстанская область,Заречный район,Школа №2,kk,full,47.7,False,,eliminated
P02273,Анна,Соколова,F,Костанайская область,Южный район,Школа №1,ru,full,44.9,False,,eliminated
P02274,Максим,Кузнецов,M,Алматинская область,Заречный район,Школа №1,ru,full,55.5,False,,eliminated
P02275,Сабина,Кадыров,F,Восточно-Казахстанская область,Северный район,Школа №1,kk,full,38.7,False,,eliminated
P02276,Сауле,Жумабеков,F,Костанайская область,Северный район,Школа №3,kk,single,32.7,False,,eliminated
P02277,Михаил,Новиков,M,Западно-Казахстанская область,Южный район,Школа №4,ru,full,65.2,False,,eliminated
P02278,Аяна,Касенов,F,Абайская область,Заречный район,Школа №3,kk,single,31.8,False,,eliminated
P02279,Меруерт,Абилов,F,Северо-Казахстанская область,Северный район,Школа №4,kk,full,65.0,False,,eliminated
P02280,Адильхан,Сериков,M,Западно-Казахстанская область,Центральный район,Школа №1,kk,single,55.9,False,,eliminated
P02281,Аружан,Абилов,F,г. Алматы, Центральный район ,Школа №3,kk,full,29.1,False,,eliminated
P02282,Анастасия,Иванова,F,Атырауская область,Восточный район,Школа №2,ru,single,38.8,False,,eliminated
P02283,Олжас,Касенов,M,Жамбылская область,Центральный район,Школа №5,kk,full,72.9,True,88.6,finalist
P02284,Анна,Кузнецова,F,Мангистауская область,Западный район,Школа №1,ru,full,40.3,False,,eliminated
P02285,Алмат,Бекенов,M,Мангистауская область,Западный район,Школа №2,kk,full,48.0,False,,eliminated
P02286,Александр,Волков,M,Восточно-Казахстанская область,Западный район,Школа №4,ru,single,55.9,False,,eliminated
P02287,Никита,Попов,M,Жамбылская область,Северный район,Школа №2,ru,full,66.8,True,77.9,finalist
P02288,Эльмира,Бекенов,F,Улытауская область,Западный район,Школа №1,kk,full,51.2,False,,eliminated
P02289,Екатерина,Попова,F,Жетысуская область,Северный район,Школа №4,ru,full,46.0,False,,eliminated
P02290,Жаныбек,Сериков,M,Акмолинская область,Западный район,Школа №1,kk,full,76.3,True,64.8,finalist
P02291,Алмат,Тулегенов,M,Восточно-Казахстанская область,Сельский район,Школа №4,kk,full,81.1,True,29.5,finalist
P02292,Жаныбек,Сериков,M,Кызылординская область,Заречный район,Школа №5,kk,full,69.7,True,57.3,finalist
P02293,Дарья,Петрова,F,Туркестанская область,Заречный район,Школа №4,ru,single,50.3,False,,eliminated
P02294,Дана,Нурланов,F,Туркестанская область,Северный район,Школа №3,kk,full,42.9,False,,eliminated
P02295,Владислав,Смирнов,M,Атырауская область,Северный район,Школа №5,ru,full,42.5,False,,eliminated
P02296,Дамир,Алиев,M,Кызылординская область,Западный район,Школа №5,kk,full,62.8,False,,eliminated
P02297,Дарья,Смирнова,F,Кызылординская область,Восточный район,Школа №2,ru,single,55.3,False,,eliminated
P02298,Екатерина,Попова,F,Акмолинская область,Восточный район,Школа №4,ru,single,70.0,True,52.3,finalist
P02299,Андрей,Морозов,M,Акмолинская область,Южный район,Школа №4,ru,full,64.8,False,,eliminated
P02300,Динара,Бекенов,F,г. Алматы,Южный район,Школа №5,kk,full,32.5,False,,eliminated
P02301,Владислав,Лебедев,M,Восточно-Казахстанская область,Восточный район,Школа №5,ru,single,64.8,False,,eliminated
P02302,Наргиз,Касенов,F,Кызылординская область,Восточный район,Школа №3,kk,single,34.0,False,,eliminated
P02303,Тимур,Сериков,M,Восточно-Казахстанская область,Заречный район,Школа №3,kk,full,49.2,False,,eliminated
P02304,Алина,Сатпаев,F,Костанайская область,Южный район,Школа №1,kk,full,58.8,False,,eliminated
P02305,Камила,Сатпаев,F,Жамбылская область,Западный район,Школа №5,kk,full,84.9,True,70.5,finalist
P02306,Айгерим,Алиев,F,Абайская область,Южный район,Школа №2,kk,full,100.0,True,28.5,finalist
P02307,Максим,Петров,M,Атырауская область,Заречный район,Школа №2,ru,full,64.1,False,,eliminated
P02308,Малика,Сатпаев,F,Мангистауская область,Восточный район,Школа №4,kk,full,52.3,False,,eliminated
P02309,Балжан,Сериков,F,Восточно-Казахстанская область,Восточный район,Школа №4,kk,full,63.0,False,,eliminated
P02310,Дарья,Смирнова,F,Северо-Казахстанская область,Заречный район,Школа №1,ru,full,68.3,True,53.3,finalist
P02311,Санжар,Тулегенов,M,г. Шымкент,Восточный район,Школа №4,kk,full,50.2,False,,eliminated
P02312,София,Соколова,F,Жамбылская область,Центральный район,Школа №4,ru,full,81.9,True,55.9,finalist
P02313,Никита,Попов,M,Восточно-Казахстанская область,Северный район,Школа №1,ru,full,58.5,False,,eliminated
P02314,Айгерим,Кадыров,F,Туркестанская область,Сельский район,Школа №3,kk,full,62.5,False,,eliminated
P02315,Максим,Иванов,M,Акмолинская область,Центральный район,Школа №5,ru,full,65.0,False,,eliminated
P02316,Нурлан,Абилов,M,Мангистауская область,Южный район,Школа №5,kk,full,61.3,False,,eliminated
P02317,Кирилл,Кузнецов,M,Мангистауская область,Южный район,Школа №1,ru,full,67.6,True,53.9,finalist
P02318,Бекжан,Кадыров,M,Костанайская область,Заречный район,Школа №2,kk,full,45.7,False,,eliminated
P02319,София,Лебедева,F,г. Шымкент,Северный район,Школа №4,ru,full,46.6,False,,eliminated
P02320,Жансая,Алиев,F,г. Астана,Заречный район,Школа №3,kk,full,38.5,False,,eliminated
P02321,Айгерим,Алиев,F,Кызылординская область,Южный район,Школа №5,kk,full,61.6,False,,eliminated
P02322,Данияр,Бекенов,M,Актюбинская область,Сельский район,Школа №3,kk,single,60.7,False,,eliminated
P02323,Томирис,Кадыров,F,г. Шымкент,Восточный район,Школа №3,kk,full,61.9,False,,eliminated
P02324,Ерасыл,Жумабеков,M,Карагандинская область,Заречный район,Школа №3,kk,single,74.1,True,67.9,finalist
P02325,Алтынай,Нурланов,F,г. Астана,Западный район,Школа №5,kk,full,54.9,False,,eliminated
P02326,Елена,Волкова,F,Северо-Казахстанская область,Южный район,Школа №3,ru,single,59.0,False,,eliminated
P02327,Темирлан,Алиев,M,Атырауская область,Северный район,Школа №3,kk,full,38.6,False,,eliminated
P02328,Владислав,Волков,M,г. Алматы,Заречный район,Школа №5,ru,full,49.2,False,,eliminated
P02329,Аяна,Сериков,F,Абайская область,Сельский район,Школа №2,kk,full,65.4,False,,eliminated
P02330,Александр,Новиков,M,Костанайская область,Южный район,Школа №5,ru,full,67.7,True,59.3,finalist
P02331,Кирилл,Попов,M,Костанайская область,Восточный район,Школа №2,ru,single,44.6,False,,eliminated
P02332,Айдар,Жумабеков,M,Западно-Казахстанская область,Западный район,Школа №3,kk,full,53.9,False,,eliminated
P02333,Владислав,Волков,M,Акмолинская область, Сельский район ,Школа №3,ru,full,32.2,False,,eliminated
P02334,Меруерт,Кадыров,F,Мангистауская область,Сельский район,Школа №5,kk,full,49.6,False,,eliminated
P02335,Рамазан,Темирбеков,M,г. Алматы,Восточный район,Школа №1,kk,single,62.4,False,,eliminated
P02336,Елена,Попова,F,г. Алматы,Южный район,Школа №3,ru,full,63.6,False,,eliminated
P02337,Темирлан,Тулегенов,M,Кызылординская область,Центральный район,Школа №3,kk,single,56.5,False,,eliminated
P02338,Арман,Темирбеков,M,Жетысуская область,Северный район,Школа №3,kk,full,55.7,False,,eliminated
P02339,Александр,Соколов,M,Жетысуская область,Заречный район,Школа №5,ru,full,55.1,False,,eliminated
P02340,Мария,Морозова,F,Абайская область,Центральный район,Школа №3,ru,single,39.1,False,,eliminated
P02341,Дана,Нурланов,F,г. Астана,Центральный район,Школа №1,kk,full,65.5,False,,eliminated
P02342,Дария,Сериков,F,Северо-Казахстанская область,Южный район,Школа №1,kk,full,61.3,False,,eliminated
P02343,Гульнара,Тулегенов,F,Кызылординская область,Центральный район,Школа №5,kk,full,62.4,False,,eliminated
P02344,Аян,Абилов,M,Костанайская область,Заречный район,Школа №2,kk,full,47.1,False,,eliminated
P02345,Никита,Кузнецов,M,Абайская область, Северный район ,Школа №3,ru,full,22.7,False,,eliminated
P02346,Айгерим,Бекенов,F,Абайская область,Северный район,Школа №4,kk,full,71.5,True,52.8,finalist
P02347,Кирилл,Новиков,M,Кызылординская область, Сельский район ,Школа №4,ru,full,47.8,False,,eliminated
P02348,Ерасыл,Бекенов,M,Акмолинская область,Северный район,Школа №3,kk,full,42.1,False,,eliminated
P02349,Владислав,Волков,M,г. Алматы,Сельский район,Школа №4,ru,full,65.4,False,,eliminated
P02350,Арман,Темирбеков,M,Атырауская область,Западный район,Школа №1,kk,single,43.1,False,,eliminated
P02351,Анастасия,Петрова,F,Северо-Казахстанская область,Заречный район,Школа №2,ru,full,70.9,True,54.0,finalist
P02352,Ержан,Темирбеков,M,Северо-Казахстанская область,Сельский район,Школа №4,kk,single,58.3,False,,eliminated
P02353,Максим,Петров,M,Туркестанская область,Заречный район,Школа №4,ru,full,65.3,False,,eliminated
P02354,Шынгыс,Алиев,M,Западно-Казахстанская область,Центральный район,Школа №5,kk,full,34.5,False,,eliminated
P02355,Наргиз,Касенов,F,Атырауская область,Южный район,Школа №1,kk,full,73.2,True,80.7,finalist
P02356,Тимур,Маратов,M,Костанайская область,Восточный район,Школа №5,kk,full,58.9,False,,eliminated
P02357,Арман,Бекенов,M,Туркестанская область,Северный район,Школа №4,kk,full,49.5,False,,eliminated
P02358,Анна,Смирнова,F,Актюбинская область,Центральный район,Школа №1,ru,full,57.2,False,,eliminated
P02359,Жансая,Маратов,F,г. Алматы,Восточный район,Школа №5,kk,full,28.4,False,,eliminated
P02360,Анна,Новикова,F,Акмолинская область,Сельский район,Школа №3,ru,full,61.1,False,,eliminated
P02361,София,Смирнова,F,Кызылординская область,Центральный район,Школа №5,ru,full,39.6,False,,eliminated
P02362,Динара,Маратов,F,Алматинская область,Восточный район,Школа №2,kk,full,34.7,False,,eliminated
P02363,Дана,Бекенов,F,Жетысуская область,Западный район,Школа №2,kk,full,32.2,False,,eliminated
P02364,Алтынай,Нурланов,F,Восточно-Казахстанская область,Восточный район,Школа №3,kk,full,71.7,True,58.3,finalist
P02365,Екатерина,Кузнецова,F,Абайская область,Заречный район,Школа №2,ru,full,45.6,False,,eliminated
P02366,Адильхан,Жумабеков,M,Улытауская область,Сельский район,Школа №5,kk,full,78.0,True,74.2,finalist
P02367,Меруерт,Темирбеков,F,Восточно-Казахстанская область,Центральный район,Школа №5,kk,full,47.0,False,,eliminated
P02368,Анна,Волкова,F,Костанайская область,Северный район,Школа №4,ru,full,29.4,False,,eliminated
P02369,Мария,Лебедева,F,Жамбылская область,Северный район,Школа №5,ru,single,32.3,False,,eliminated
P02370,Олжас,Абилов,M,Туркестанская область,Южный район,Школа №2,kk,single,67.5,True,58.9,finalist
P02371,Алина,Нурланов,F,Кызылординская область,Западный район,Школа №5,kk,full,52.7,False,,eliminated
P02372,Аяна,Алиев,F,г. Астана,Южный район,Школа №3,kk,single,40.8,False,,eliminated
P02373,Екатерина,Иванова,F,Атырауская область,Западный район,Школа №5,ru,full,57.4,False,,eliminated
P02374,Арман,Касенов,M,Павлодарская область,Северный район,Школа №3,kk,full,62.5,False,,eliminated
P02375,Камила,Сериков,F,Костанайская область,Заречный район,Школа №5,kk,full,71.8,True,70.6,finalist
P02376,Балжан,Бекенов,F,Алматинская область,Северный район,Школа №1,kk,full,76.7,True,88.7,finalist
P02377,Екатерина,Смирнова,F,Актюбинская область,Сельский район,Школа №2,ru,single,43.6,False,,eliminated
P02378,Андрей,Попов,M,Карагандинская область,Западный район,Школа №1,ru,single,29.1,False,,eliminated
P02379,Полина,Лебедева,F,г. Алматы,Восточный район,Школа №3,ru,single,42.8,False,,eliminated
P02380,Санжар,Кадыров,M,Западно-Казахстанская область,Западный район,Школа №4,kk,full,58.9,False,,eliminated
P02381,Адильхан,Темирбеков,M,Мангистауская область,Северный район,Школа №5,kk,single,34.5,False,,eliminated
P02382,Наргиз,Бекенов,F,Костанайская область,Западный район,Школа №4,kk,full,40.6,False,,eliminated
P02383,Дмитрий,Петров,M,г. Шымкент,Восточный район,Школа №2,ru,full,60.2,False,,eliminated
P02384,Нурлан,Алиев,M,Восточно-Казахстанская область,Центральный район,Школа №1,kk,full,54.3,False,,eliminated
P02385,Шынгыс,Жумабеков,M,г. Алматы,Северный район,Школа №1,kk,full,55.5,False,,eliminated
P02386,Томирис,Маратов,F,Алматинская область,Центральный район,Школа №5,kk,full,43.6,False,,eliminated
P02387,Эльмира,Сатпаев,F,г. Шымкент,Южный район,Школа №5,kk,full,51.5,False,,eliminated
P02388,Андрей,Морозов,M,Абайская область,Центральный район,Школа №4,ru,full,41.1,False,,eliminated
P02389,Артём,Иванов,M,Акмолинская область,Центральный район,Школа №2,ru,single,62.4,False,,eliminated
P02390,Камила,Бекенов,F,Алматинская область,Центральный район,Школа №1,kk,full,70.5,True,75.0,finalist
P02391,Санжар,Бекенов,M,г. Алматы, Заречный район ,Школа №3,kk,full,27.3,False,,eliminated
P02392,Шынгыс,Алиев,M,г. Астана,Сельский район,Школа №1,kk,full,41.1,False,,eliminated
P02393,Меруерт,Нурланов,F,Жетысуская область,Сельский район,Школа №5,kk,single,26.6,False,,eliminated
P02394,Никита,Лебедев,M,Жамбылская область,Северный район,Школа №4,ru,single,39.2,False,,eliminated
P02395,Алмат,Касенов,M,г. Алматы,Сельский район,Школа №4,kk,full,53.7,False,,eliminated
P02396,Темирлан,Жумабеков,M,Алматинская область,Центральный район,Школа №2,kk,full,33.3,False,,eliminated
P02397,Гульнара,Маратов,F,г. Шымкент,Северный район,Школа №5,kk,single,35.2,False,,eliminated
P02398,Аяна,Абилов,F,г. Шымкент,Заречный район,Школа №5,kk,full,39.9,False,,eliminated
P02399,Анастасия,Лебедева,F,Туркестанская область,Восточный район,Школа №1,ru,full,58.1,False,,eliminated
P02400,Томирис,Алиев,F,Абайская область,Заречный район,Школа №5,kk,full,56.0,False,,eliminated
P02401,Екатерина,Петрова,F,г. Шымкент,Северный район,Школа №4,ru,single,38.2,False,,eliminated
P02402,Андрей,Попов,M,г. Астана,Восточный район,Школа №5,ru,full,57.7,False,,eliminated
P02403,Наргиз,Алиев,F,Абайская область,Заречный район,Школа №2,kk,single,40.8,False,,eliminated
P02404,Кирилл,Морозов,M,Мангистауская область,Сельский район,Школа №3,ru,full,50.9,False,,eliminated
P02405,Бауыржан,Жумабеков,M,г. Шымкент,Западный район,Школа №2,kk,full,80.1,True,55.7,finalist
P02406,Нурлан,Касенов,M,Абайская область,Сельский район,Школа №3,kk,single,69.1,True,85.0,finalist
P02407,Меруерт,Жумабеков,F,Туркестанская область,Северный район,Школа №4,kk,full,35.5,False,,eliminated
P02408,Меруерт,Сатпаев,F,г. Шымкент,Восточный район,Школа №5,kk,full,67.4,True,73.4,finalist
P02409,Наргиз,Жумабеков,F,г. Алматы,Южный район,Школа №5,kk,full,67.2,True,42.5,finalist
P02410,Владислав,Волков,M,Улытауская область,Сельский район,Школа №4,ru,full,37.8,False,,eliminated
P02411,Ерасыл,Бекенов,M,Мангистауская область,Заречный район,Школа №5,kk,full,67.3,True,77.6,finalist
P02412,Михаил,Иванов,M,Западно-Казахстанская область,Южный район,Школа №5,ru,full,78.1,True,66.2,finalist
P02413,Анастасия,Попова,F,Восточно-Казахстанская область,Центральный район,Школа №1,ru,full,38.2,False,,eliminated
P02414,Жаныбек,Нурланов,M,Карагандинская область,Западный район,Школа №1,kk,full,41.2,False,,eliminated
P02415,Дана,Кадыров,F,Улытауская область,Центральный район,Школа №1,kk,full,70.3,True,92.5,finalist
P02416,Айдана,Кадыров,F,Туркестанская область,Южный район,Школа №5,kk,full,59.1,False,,eliminated
P02417,Елена,Петрова,F,г. Алматы,Южный район,Школа №2,ru,full,63.3,False,,eliminated
P02418,Жансая,Темирбеков,F,Акмолинская область,Центральный район,Школа №3,kk,single,54.1,False,,eliminated
P02419,Томирис,Сатпаев,F,Кызылординская область,Заречный район,Школа №3,kk,full,60.9,False,,eliminated
P02420,Тимур,Бекенов,M,Северо-Казахстанская область,Западный район,Школа №3,kk,full,35.1,False,,eliminated
P02421,Наргиз,Маратов,F,Абайская область,Заречный район,Школа №4,kk,full,70.7,True,59.9,finalist
P02422,Анастасия,Петрова,F,Жамбылская область,Восточный район,Школа №1,ru,full,72.5,True,64.9,finalist
P02423,Дамир,Алиев,M,г. Шымкент,Западный район,Школа №4,kk,full,51.6,False,,eliminated
P02424,Полина,Лебедева,F,Кызылординская область,Северный район,Школа №1,ru,full,54.3,False,,eliminated
P02425,Динара,Кадыров,F,г. Шымкент,Западный район,Школа №4,kk,full,32.0,False,,eliminated
P02426,Дарья,Смирнова,F,Алматинская область, Западный район ,Школа №2,ru,full,62.7,False,,eliminated
P02427,Ольга,Иванова,F,Западно-Казахстанская область,Восточный район,Школа №4,ru,full,63.6,False,,eliminated
P02428,Иван,Волков,M,Жетысуская область,Западный район,Школа №2,ru,full,54.1,False,,eliminated
P02429,Гульнара,Кадыров,F,Абайская область,Восточный район,Школа №2,kk,full,71.9,True,67.4,finalist
P02430,Аяна,Маратов,F,г. Шымкент, Центральный район ,Школа №2,kk,full,50.0,False,,eliminated
P02431,Анна,Новикова,F,Жетысуская область,Сельский район,Школа №4,ru,full,63.5,False,,eliminated
P02432,Темирлан,Маратов,M,Жетысуская область,Западный район,Школа №3,kk,single,33.7,False,,eliminated
P02433,Аян,Сатпаев,M,Карагандинская область,Северный район,Школа №3,kk,full,54.6,False,,eliminated
P02434,Алтынай,Тулегенов,F,Костанайская область,Восточный район,Школа №1,kk,full,52.4,False,,eliminated
P02435,Михаил,Иванов,M,Кызылординская область,Южный район,Школа №3,ru,full,58.4,False,,eliminated
P02436,Ержан,Касенов,M,Жамбылская область,Южный район,Школа №3,kk,full,49.5,False,,eliminated
P02437,Елена,Петрова,F,Северо-Казахстанская область,Центральный район,Школа №3,ru,single,47.0,False,,eliminated
P02438,Дана,Жумабеков,F,г. Шымкент,Северный район,Школа №2,kk,full,67.4,True,64.3,finalist
P02439,Алтынай,Тулегенов,F,Жамбылская область,Восточный район,Школа №1,kk,full,48.4,False,,eliminated
P02440,Шынгыс,Алиев,M,Павлодарская область,Центральный район,Школа №5,kk,full,30.9,False,,eliminated
P02441,Андрей,Попов,M,Восточно-Казахстанская область,Восточный район,Школа №2,ru,full,81.2,True,86.2,finalist
P02442,Динара,Касенов,F,Актюбинская область,Южный район,Школа №4,kk,full,75.7,True,98.5,finalist
P02443,Владислав,Попов,M,Жетысуская область,Восточный район,Школа №5,ru,full,35.6,False,,eliminated
P02444,Ксения,Лебедева,F,Туркестанская область,Северный район,Школа №4,ru,full,65.3,False,,eliminated
P02445,Камила,Алиев,F,г. Астана,Сельский район,Школа №1,kk,single,41.5,False,,eliminated
P02446,Артём,Волков,M,г. Шымкент,Западный район,Школа №4,ru,full,59.0,False,,eliminated
P02447,Иван,Иванов,M,г. Шымкент,Западный район,Школа №1,ru,full,59.4,False,,eliminated
P02448,Темирлан,Кадыров,M,Туркестанская область,Северный район,Школа №5,kk,single,45.5,False,,eliminated
P02449,Ксения,Смирнова,F,Алматинская область,Заречный район,Школа №5,ru,full,43.2,False,,eliminated
P02450,Дарья,Соколова,F,Мангистауская область,Южный район,Школа №5,ru,single,38.6,False,,eliminated
P02451,Никита,Новиков,M,г. Астана,Южный район,Школа №5,ru,single,35.3,False,,eliminated
P02452,Максим,Попов,M,г. Астана,Южный район,Школа №2,ru,single,36.5,False,,eliminated
P02453,Анастасия,Смирнова,F,Атырауская область,Центральный район,Школа №5,ru,full,54.0,False,,eliminated
P02454,Анна,Смирнова,F,Карагандинская область,Западный район,Школа №5,ru,single,38.3,False,,eliminated
P02455,Адильхан,Кадыров,M,г. Астана,Западный район,Школа №3,kk,single,59.2,False,,eliminated
P02456,Екатерина,Лебедева,F,Туркестанская область,Сельский район,Школа №5,ru,single,71.3,True,52.4,finalist
P02457,Аяна,Маратов,F,Жамбылская область, Заречный район ,Школа №5,kk,full,46.3,False,,eliminated
P02458,Анна,Петрова,F,г. Астана,Северный район,Школа №4,ru,single,52.6,False,,eliminated
P02459,Иван,Волков,M,Абайская область, Сельский район ,Школа №5,ru,full,62.5,False,,eliminated
P02460,София,Смирнова,F,Алматинская область,Восточный район,Школа №1,ru,full,62.1,False,,eliminated
P02461,Кирилл,Волков,M,Жамбылская область,Северный район,Школа №3,ru,full,56.1,False,,eliminated
P02462,Сабина,Тулегенов,F,Абайская область,Сельский район,Школа №1,kk,single,60.1,False,,eliminated
P02463,Камила,Темирбеков,F,Алматинская область,Центральный район,Школа №5,kk,full,62.2,False,,eliminated
P02464,Артём,Волков,M,Туркестанская область,Южный район,Школа №3,ru,full,36.4,False,,eliminated
P02465,Тимур,Темирбеков,M,Улытауская область,Южный район,Школа №1,kk,single,62.0,False,,eliminated
P02466,Динара,Темирбеков,F,Атырауская область,Южный район,Школа №4,kk,full,68.3,True,54.7,finalist
P02467,Санжар,Абилов,M,Жамбылская область,Восточный район,Школа №2,kk,single,37.6,False,,eliminated
P02468,Михаил,Волков,M,Мангистауская область,Западный район,Школа №3,ru,full,55.6,False,,eliminated
P02469,Ксения,Морозова,F,Костанайская область,Сельский район,Школа №4,ru,full,65.2,False,,eliminated
P02470,Гульнара,Сериков,F,Костанайская область,Сельский район,Школа №4,kk,full,51.9,False,,eliminated
P02471,Жансая,Сериков,F,Алматинская область,Восточный район,Школа №4,kk,single,65.1,False,,eliminated
P02472,Полина,Кузнецова,F,Туркестанская область,Восточный район,Школа №1,ru,single,84.5,True,61.3,finalist
P02473,Камила,Нурланов,F,Абайская область,Южный район,Школа №3,kk,full,43.2,False,,eliminated
P02474,Дмитрий,Петров,M,Павлодарская область,Центральный район,Школа №1,ru,full,34.3,False,,eliminated
P02475,Ксения,Кузнецова,F,Костанайская область,Западный район,Школа №3,ru,full,59.6,False,,eliminated
P02476,Андрей,Иванов,M,Жамбылская область,Заречный район,Школа №1,ru,full,65.8,False,,eliminated
P02477,Аружан,Абилов,F,Павлодарская область,Северный район,Школа №5,kk,single,45.5,False,,eliminated
P02478,Дамир,Абилов,M,Алматинская область,Западный район,Школа №2,kk,full,76.8,True,67.3,finalist
P02479,София,Лебедева,F,г. Астана,Сельский район,Школа №4,ru,full,34.9,False,,eliminated
P02480,София,Иванова,F,г. Астана,Северный район,Школа №5,ru,single,59.4,False,,eliminated
P02481,Олжас,Жумабеков,M,Костанайская область,Сельский район,Школа №1,kk,single,39.9,False,,eliminated
P02482,Иван,Морозов,M,Северо-Казахстанская область,Северный район,Школа №1,ru,full,80.8,True,68.5,finalist
P02483,Малика,Тулегенов,F,г. Алматы,Центральный район,Школа №4,kk,single,78.9,True,58.3,finalist
P02484,Анастасия,Кузнецова,F,Карагандинская область,Северный район,Школа №5,ru,single,37.5,False,,eliminated
P02485,Наргиз,Абилов,F,Кызылординская область,Западный район,Школа №2,kk,full,46.8,False,,eliminated
P02486,Адильхан,Жумабеков,M,Алматинская область,Северный район,Школа №5,kk,full,67.9,True,57.5,finalist
P02487,Ксения,Кузнецова,F,Улытауская область,Сельский район,Школа №4,ru,single,43.2,False,,eliminated
P02488,Арман,Кадыров,M,Западно-Казахстанская область,Сельский район,Школа №1,kk,single,48.3,False,,eliminated
P02489,Владислав,Петров,M,г. Шымкент,Центральный район,Школа №3,ru,full,55.4,False,,eliminated
P02490,Дамир,Сериков,M,Абайская область,Центральный район,Школа №4,kk,full,26.2,False,,eliminated
P02491,Томирис,Бекенов,F,Восточно-Казахстанская область,Южный район,Школа №2,kk,single,48.8,False,,eliminated
P02492,Наргиз,Маратов,F,г. Шымкент,Южный район,Школа №2,kk,full,44.7,False,,eliminated
P02493,Александр,Волков,M,г. Алматы,Восточный район,Школа №4,ru,single,41.6,False,,eliminated
P02494,Балжан,Алиев,F,Восточно-Казахстанская область,Южный район,Школа №4,kk,single,70.7,True,65.0,finalist
P02495,Айгерим,Жумабеков,F,Жамбылская область,Северный район,Школа №1,kk,full,36.2,False,,eliminated
P02496,Дария,Нурланов,F,Улытауская область,Восточный район,Школа №4,kk,full,67.2,True,59.0,finalist
P02497,Жаныбек,Абилов,M,Восточно-Казахстанская область,Центральный район,Школа №2,kk,single,44.8,False,,eliminated
P02498,Бекжан,Нурланов,M,Павлодарская область,Заречный район,Школа №5,kk,full,50.8,False,,eliminated
P02499,Адильхан,Темирбеков,M,Костанайская область,Восточный район,Школа №3,kk,full,66.9,True,31.7,finalist
P02500,Ерасыл,Сатпаев,M,Абайская область,Центральный район,Школа №2,kk,full,60.1,False,,eliminated
P02501,Александр,Новиков,M,Восточно-Казахстанская область,Северный район,Школа №2,ru,full,63.6,False,,eliminated
P02502,Санжар,Абилов,M,Актюбинская область,Заречный район,Школа №2,kk,full,69.5,True,66.5,finalist
P02503,Иван,Соколов,M,Павлодарская область,Сельский район,Школа №4,ru,full,50.0,False,,eliminated
P02504,Андрей,Новиков,M,Абайская область,Восточный район,Школа №2,ru,full,45.8,False,,eliminated
P02505,Гульнара,Жумабеков,F,Карагандинская область,Сельский район,Школа №2,kk,full,38.7,False,,eliminated
P02506,Адильхан,Алиев,M,Костанайская область,Северный район,Школа №5,kk,full,42.6,False,,eliminated
P02507,Александр,Волков,M,Западно-Казахстанская область,Южный район,Школа №4,ru,single,93.2,True,67.5,finalist
P02508,Шынгыс,Темирбеков,M,Жамбылская область,Заречный район,Школа №3,kk,full,73.7,True,55.7,finalist
P02509,Нурлан,Сериков,M,Северо-Казахстанская область,Западный район,Школа №5,kk,full,34.7,False,,eliminated
P02510,Жансая,Маратов,F,Кызылординская область,Западный район,Школа №1,kk,full,35.2,False,,eliminated
P02511,Алмат,Кадыров,M,г. Алматы,Западный район,Школа №1,kk,full,62.2,False,,eliminated
P02512,Дмитрий,Волков,M,г. Алматы,Восточный район,Школа №5,ru,full,63.2,False,,eliminated
P02513,Мария,Смирнова,F,Жамбылская область,Восточный район,Школа №1,ru,single,57.2,False,,eliminated
P02514,Меруерт,Жумабеков,F,Абайская область,Западный район,Школа №4,kk,single,45.2,False,,eliminated
P02515,Томирис,Сериков,F,г. Астана,Центральный район,Школа №5,kk,single,47.1,False,,eliminated
P02516,Айдар,Темирбеков,M,Мангистауская область,Западный район,Школа №5,kk,single,53.9,False,,eliminated
P02517,Екатерина,Лебедева,F,г. Шымкент,Заречный район,Школа №2,ru,single,50.3,False,,eliminated
P02518,Дана,Тулегенов,F,Павлодарская область,Южный район,Школа №1,kk,full,21.7,False,,eliminated
P02519,Санжар,Нурланов,M,Костанайская область,Южный район,Школа №2,kk,single,45.6,False,,eliminated
P02520,Аян,Бекенов,M,Туркестанская область,Заречный район,Школа №2,kk,single,36.2,False,,eliminated
P02521,Бауыржан,Бекенов,M,Абайская область, Центральный район ,Школа №5,kk,full,57.6,False,,eliminated
P02522,Жаныбек,Абилов,M,Жетысуская область,Западный район,Школа №1,kk,full,99.8,True,46.0,finalist
P02523,София,Петрова,F,Алматинская область,Южный район,Школа №1,ru,full,60.5,False,,eliminated
P02524,Мария,Волкова,F,Атырауская область,Сельский район,Школа №4,ru,full,50.3,False,,eliminated
P02525,Михаил,Волков,M,Северо-Казахстанская область,Заречный район,Школа №1,ru,full,68.8,True,64.1,finalist
P02526,Елена,Морозова,F,Актюбинская область,Сельский район,Школа №5,ru,full,62.2,False,,eliminated
P02527,Айдана,Темирбеков,F,Абайская область,Западный район,Школа №5,kk,full,61.3,False,,eliminated
P02528,Алтынай,Сериков,F,Жетысуская область,Восточный район,Школа №1,kk,full,64.1,False,,eliminated
P02529,Шынгыс,Тулегенов,M,Кызылординская область,Заречный район,Школа №5,kk,full,85.8,True,47.2,finalist
P02530,Дарья,Иванова,F,Жамбылская область,Заречный район,Школа №1,ru,full,38.0,False,,eliminated
P02531,Дмитрий,Лебедев,M,Павлодарская область,Центральный район,Школа №4,ru,single,56.1,False,,eliminated
P02532,Томирис,Маратов,F,Западно-Казахстанская область,Сельский район,Школа №4,kk,full,41.1,False,,eliminated
P02533,Арман,Жумабеков,M,Абайская область,Сельский район,Школа №5,kk,single,57.3,False,,eliminated
P02534,Аружан,Касенов,F,Жетысуская область,Западный район,Школа №3,kk,single,35.2,False,,eliminated
P02535,Артём,Иванов,M,Улытауская область,Южный район,Школа №1,ru,full,48.7,False,,eliminated
P02536,Ольга,Кузнецова,F,Кызылординская область,Заречный район,Школа №4,ru,full,50.6,False,,eliminated
P02537,Меруерт,Темирбеков,F,Абайская область,Южный район,Школа №5,kk,full,69.6,True,59.8,finalist
P02538,Полина,Попова,F,Алматинская область,Западный район,Школа №4,ru,single,62.8,False,,eliminated
P02539,Ксения,Попова,F,г. Астана,Центральный район,Школа №4,ru,full,36.3,False,,eliminated
P02540,Аян,Бекенов,M,Акмолинская область,Южный район,Школа №1,kk,full,55.8,False,,eliminated
P02541,Арман,Абилов,M,Актюбинская область,Центральный район,Школа №2,kk,full,44.4,False,,eliminated
P02542,Малика,Сериков,F,Кызылординская область,Центральный район,Школа №3,kk,single,30.1,False,,eliminated
P02543,Малика,Нурланов,F,Костанайская область,Северный район,Школа №3,kk,full,51.7,False,,eliminated
P02544,Елена,Смирнова,F,Атырауская область,Восточный район,Школа №2,ru,single,44.4,False,,eliminated
P02545,Александр,Петров,M,г. Шымкент,Центральный район,Школа №1,ru,full,91.4,True,77.7,finalist
P02546,Екатерина,Соколова,F,Туркестанская область,Сельский район,Школа №2,ru,full,61.5,False,,eliminated
P02547,Малика,Тулегенов,F,Восточно-Казахстанская область,Северный район,Школа №1,kk,single,28.3,False,,eliminated
P02548,Аян,Нурланов,M,Северо-Казахстанская область,Центральный район,Школа №4,kk,single,40.5,False,,eliminated
P02549,Жаныбек,Алиев,M,Атырауская область,Южный район,Школа №5,kk,single,64.3,False,,eliminated
P02550,Сауле,Абилов,F,Улытауская область,Сельский район,Школа №5,kk,full,86.3,True,85.2,finalist
P02551,Аян,Сатпаев,M,Акмолинская область,Заречный район,Школа №1,kk,full,31.2,False,,eliminated
P02552,Сабина,Жумабеков,F,Улытауская область,Западный район,Школа №3,kk,single,20.8,False,,eliminated
P02553,Дамир,Бекенов,M,Карагандинская область,Центральный район,Школа №4,kk,single,77.1,True,46.7,finalist
P02554,Алтынай,Алиев,F,Актюбинская область,Южный район,Школа №4,kk,single,54.8,False,,eliminated
P02555,Дарья,Попова,F,Западно-Казахстанская область,Западный район,Школа №1,ru,single,36.0,False,,eliminated
P02556,Дария,Касенов,F,Актюбинская область,Сельский район,Школа №5,kk,full,63.0,False,,eliminated
P02557,Санжар,Алиев,M,Северо-Казахстанская область, Северный район ,Школа №4,kk,full,15.5,False,,eliminated
P02558,Дмитрий,Морозов,M,Улытауская область,Сельский район,Школа №1,ru,full,55.1,False,,eliminated
P02559,Михаил,Иванов,M,Мангистауская область,Восточный район,Школа №1,ru,full,59.9,False,,eliminated
P02560,Айдар,Алиев,M,Актюбинская область,Северный район,Школа №3,kk,full,68.9,True,62.4,finalist
P02561,Аяна,Бекенов,F,Абайская область,Центральный район,Школа №1,kk,full,39.8,False,,eliminated
P02562,Айгерим,Бекенов,F,Туркестанская область,Северный район,Школа №5,kk,full,56.3,False,,eliminated
P02563,Айдана,Маратов,F,Жамбылская область,Центральный район,Школа №5,kk,single,35.1,False,,eliminated
P02564,Анастасия,Петрова,F,Актюбинская область,Сельский район,Школа №1,ru,full,58.8,False,,eliminated
P02565,Алтынай,Бекенов,F,Алматинская область,Сельский район,Школа №1,kk,full,41.6,False,,eliminated
P02566,Кирилл,Иванов,M,Алматинская область,Заречный район,Школа №2,ru,single,42.9,False,,eliminated
P02567,София,Иванова,F,Улытауская область,Южный район,Школа №3,ru,single,34.1,False,,eliminated
P02568,Ксения,Попова,F,Абайская область,Заречный район,Школа №2,ru,single,58.8,False,,eliminated
P02569,Аян,Маратов,M,Алматинская область,Центральный район,Школа №2,kk,full,67.9,True,79.1,finalist
P02570,Полина,Иванова,F,Туркестанская область,Северный район,Школа №5,ru,single,45.5,False,,eliminated
P02571,Малика,Сериков,F,Павлодарская область,Центральный район,Школа №5,kk,full,55.6,False,,eliminated
P02572,Дарья,Смирнова,F,Жамбылская область,Заречный район,Школа №5,ru,full,33.3,False,,eliminated
P02573,Алмат,Тулегенов,M,Жамбылская область,Восточный район,Школа №2,kk,full,50.5,False,,eliminated
P02574,Алтынай,Темирбеков,F,Восточно-Казахстанская область,Сельский район,Школа №1,kk,full,54.2,False,,eliminated
P02575,Жансая,Абилов,F,Улытауская область, Центральный район ,Школа №3,kk,full,94.3,True,56.2,finalist
P02576,Артём,Кузнецов,M,Мангистауская область,Северный район,Школа №1,ru,full,38.3,False,,eliminated
P02577,Никита,Лебедев,M,г. Алматы,Южный район,Школа №3,ru,full,77.0,True,39.2,finalist
P02578,Олжас,Касенов,M,Кызылординская область,Центральный район,Школа №1,kk,full,70.0,True,64.6,finalist
P02579,Ксения,Смирнова,F,Актюбинская область,Южный район,Школа №1,ru,single,53.2,False,,eliminated
P02580,Мария,Петрова,F,Абайская область,Восточный район,Школа №2,ru,full,81.4,True,47.9,finalist
P02581,Михаил,Соколов,M,Восточно-Казахстанская область,Южный район,Школа №1,ru,full,60.6,False,,eliminated
P02582,Дария,Тулегенов,F,Карагандинская область,Западный район,Школа №1,kk,full,60.8,False,,eliminated
P02583,София,Петрова,F,Абайская область,Южный район,Школа №1,ru,full,54.2,False,,eliminated
P02584,Рамазан,Маратов,M,Кызылординская область,Сельский район,Школа №5,kk,single,67.4,True,81.4,finalist
P02585,Гульнара,Бекенов,F,г. Шымкент,Сельский район,Школа №3,kk,full,71.4,True,73.0,finalist
P02586,Алмат,Жумабеков,M,Туркестанская область,Восточный район,Школа №2,kk,full,45.6,False,,eliminated
P02587,Малика,Сериков,F,Костанайская область,Восточный район,Школа №3,kk,full,35.2,False,,eliminated
P02588,Дарья,Морозова,F,Актюбинская область,Восточный район,Школа №3,ru,single,46.0,False,,eliminated
P02589,Тимур,Абилов,M,Улытауская область,Центральный район,Школа №3,kk,full,43.0,False,,eliminated
P02590,Эльмира,Абилов,F,Восточно-Казахстанская область,Северный район,Школа №1,kk,full,54.0,False,,eliminated
P02591,Жансая,Жумабеков,F,Павлодарская область,Сельский район,Школа №2,kk,full,73.6,True,54.8,finalist
P02592,Олжас,Бекенов,M,Акмолинская область,Сельский район,Школа №1,kk,full,48.1,False,,eliminated
P02593,Ольга,Морозова,F,Жетысуская область,Восточный район,Школа №1,ru,full,54.4,False,,eliminated
P02594,Гульнара,Тулегенов,F,Абайская область,Сельский район,Школа №4,kk,full,55.9,False,,eliminated
P02595,Ерасыл,Маратов,M,Северо-Казахстанская область,Заречный район,Школа №1,kk,full,67.7,True,82.4,finalist
P02596,Жаныбек,Касенов,M,Улытауская область,Восточный район,Школа №4,kk,full,21.3,False,,eliminated
P02597,Айдана,Абилов,F,Павлодарская область,Восточный район,Школа №1,kk,full,45.9,False,,eliminated
P02598,Дарья,Новикова,F,Актюбинская область,Сельский район,Школа №2,ru,single,52.2,False,,eliminated
P02599,Жаныбек,Абилов,M,Павлодарская область,Заречный район,Школа №5,kk,full,73.0,True,76.9,finalist
P02600,Сабина,Абилов,F,г. Шымкент,Центральный район,Школа №1,kk,single,41.6,False,,eliminated
P02601,Мария,Волкова,F,Жетысуская область,Северный район,Школа №3,ru,single,20.9,False,,eliminated
P02602,Жансая,Темирбеков,F,Улытауская область,Сельский район,Школа №2,kk,full,64.3,False,,eliminated
P02603,Ксения,Волкова,F,Северо-Казахстанская область,Восточный район,Школа №1,ru,full,45.5,False,,eliminated
P02604,Мария,Новикова,F,Акмолинская область,Заречный район,Школа №5,ru,single,31.2,False,,eliminated
P02605,Дана,Алиев,F,Павлодарская область,Сельский район,Школа №1,kk,full,45.6,False,,eliminated
P02606,Аяна,Абилов,F,Жамбылская область,Сельский район,Школа №2,kk,full,52.2,False,,eliminated
P02607,Аян,Алиев,M,Атырауская область,Восточный район,Школа №1,kk,single,39.9,False,,eliminated
P02608,Ольга,Лебедева,F,г. Шымкент,Центральный район,Школа №1,ru,full,21.9,False,,eliminated
P02609,Шынгыс,Тулегенов,M,Кызылординская область,Центральный район,Школа №5,kk,full,68.5,True,60.5,finalist
P02610,Аяна,Сериков,F,Павлодарская область, Западный район ,Школа №5,kk,single,68.1,True,64.4,finalist
P02611,Аян,Маратов,M,Павлодарская область,Западный район,Школа №1,kk,full,64.8,False,,eliminated
P02612,Камила,Жумабеков,F,Туркестанская область,Сельский район,Школа №4,kk,full,37.9,False,,eliminated
P02613,Айгерим,Бекенов,F,Актюбинская область,Восточный район,Школа №4,kk,single,46.0,False,,eliminated
P02614,Адильхан,Темирбеков,M,Карагандинская область,Западный район,Школа №2,kk,full,54.9,False,,eliminated
P02615,Дамир,Нурланов,M,г. Астана,Северный район,Школа №4,kk,full,64.0,False,,eliminated
P02616,Бекжан,Тулегенов,M,Абайская область,Западный район,Школа №5,kk,full,65.0,False,,eliminated
P02617,Дмитрий,Иванов,M,Восточно-Казахстанская область,Южный район,Школа №5,ru,single,38.0,False,,eliminated
P02618,Эльмира,Бекенов,F,г. Шымкент,Северный район,Школа №2,kk,single,50.2,False,,eliminated
P02619,Алина,Алиев,F,г. Астана,Центральный район,Школа №2,kk,full,61.9,False,,eliminated
P02620,Никита,Лебедев,M,Акмолинская область,Северный район,Школа №4,ru,full,76.8,True,69.7,finalist
P02621,Ольга,Смирнова,F,г. Алматы,Заречный район,Школа №2,ru,full,65.6,False,,eliminated
P02622,Никита,Попов,M,Абайская область,Восточный район,Школа №5,ru,single,60.8,False,,eliminated
P02623,Кирилл,Новиков,M,Кызылординская область,Сельский район,Школа №1,ru,full,56.3,False,,eliminated
P02624,Анна,Волкова,F,Восточно-Казахстанская область,Западный район,Школа №2,ru,single,70.2,True,56.2,finalist
P02625,Елена,Кузнецова,F,г. Шымкент,Центральный район,Школа №5,ru,full,61.1,False,,eliminated
P02626,Аян,Кадыров,M,Жамбылская область,Северный район,Школа №1,kk,single,36.1,False,,eliminated
P02627,Арман,Кадыров,M,Костанайская область,Южный район,Школа №1,kk,full,76.1,True,78.2,finalist
P02628,Динара,Жумабеков,F,Костанайская область,Сельский район,Школа №1,kk,full,65.5,False,,eliminated
P02629,Темирлан,Тулегенов,M,Карагандинская область,Заречный район,Школа №5,kk,full,48.4,False,,eliminated
P02630,Аяна,Жумабеков,F,Жетысуская область,Восточный район,Школа №5,kk,full,47.8,False,,eliminated
P02631,Ержан,Сатпаев,M,г. Алматы,Заречный район,Школа №2,kk,single,53.4,False,,eliminated
P02632,Анна,Смирнова,F,г. Астана,Центральный район,Школа №3,ru,single,55.9,False,,eliminated
P02633,Никита,Волков,M,г. Шымкент,Северный район,Школа №1,ru,full,58.0,False,,eliminated
P02634,Алина,Абилов,F,Северо-Казахстанская область,Южный район,Школа №3,kk,full,59.7,False,,eliminated
P02635,Эльмира,Жумабеков,F,Актюбинская область,Западный район,Школа №4,kk,full,80.5,True,87.2,finalist
P02636,Аружан,Алиев,F,Мангистауская область,Восточный район,Школа №2,kk,full,71.1,True,60.0,finalist
P02637,Артём,Лебедев,M,Западно-Казахстанская область,Восточный район,Школа №5,ru,full,57.9,False,,eliminated
P02638,Арман,Маратов,M,Абайская область,Западный район,Школа №4,kk,single,63.1,False,,eliminated
P02639,Тимур,Алиев,M,г. Алматы,Южный район,Школа №2,kk,full,39.5,False,,eliminated
P02640,Андрей,Попов,M,Жетысуская область,Сельский район,Школа №1,ru,full,61.0,False,,eliminated
P02641,Артём,Петров,M,г. Астана,Заречный район,Школа №2,ru,full,82.1,True,40.2,finalist
P02642,Максим,Волков,M,Северо-Казахстанская область,Заречный район,Школа №4,ru,full,51.7,False,,eliminated
P02643,Дмитрий,Смирнов,M,Атырауская область,Центральный район,Школа №2,ru,single,36.3,False,,eliminated
P02644,Иван,Морозов,M,Алматинская область,Западный район,Школа №1,ru,full,45.2,False,,eliminated
P02645,Малика,Абилов,F,Мангистауская область,Сельский район,Школа №2,kk,single,32.7,False,,eliminated
P02646,Сауле,Нурланов,F,Кызылординская область,Центральный район,Школа №5,kk,single,37.2,False,,eliminated
P02647,Темирлан,Касенов,M,Карагандинская область,Восточный район,Школа №5,kk,full,49.4,False,,eliminated
P02648,Полина,Морозова,F,Жамбылская область,Сельский район,Школа №2,ru,single,27.9,False,,eliminated
P02649,Рамазан,Алиев,M,Мангистауская область,Сельский район,Школа №5,kk,full,55.2,False,,eliminated
P02650,Дарья,Попова,F,Карагандинская область,Северный район,Школа №3,ru,single,62.5,False,,eliminated
P02651,Аян,Тулегенов,M,Восточно-Казахстанская область,Северный район,Школа №3,kk,full,41.4,False,,eliminated
P02652,Жаныбек,Алиев,M,Карагандинская область,Восточный район,Школа №4,kk,full,77.8,True,60.4,finalist
P02653,Анастасия,Петрова,F,Восточно-Казахстанская область,Сельский район,Школа №3,ru,full,62.7,False,,eliminated
P02654,Айгерим,Темирбеков,F,г. Шымкент,Заречный район,Школа №4,kk,full,70.5,True,70.8,finalist
P02655,Малика,Нурланов,F,Абайская область,Южный район,Школа №3,kk,single,39.1,False,,eliminated
P02656,Нурлан,Бекенов,M,Восточно-Казахстанская область,Центральный район,Школа №3,kk,full,67.8,True,61.0,finalist
P02657,Алихан,Темирбеков,M,Актюбинская область,Западный район,Школа №3,kk,single,32.6,False,,eliminated
P02658,Аяна,Жумабеков,F,Северо-Казахстанская область,Центральный район,Школа №5,kk,full,68.4,True,39.4,finalist
P02659,Мария,Иванова,F,Улытауская область,Северный район,Школа №1,ru,full,57.6,False,,eliminated
P02660,Нурлан,Темирбеков,M,Туркестанская область,Восточный район,Школа №4,kk,full,63.3,False,,eliminated
P02661,Ксения,Иванова,F,Абайская область,Западный район,Школа №4,ru,full,37.4,False,,eliminated
P02662,Нурлан,Касенов,M,Атырауская область,Сельский район,Школа №1,kk,full,41.6,False,,eliminated
P02663,Малика,Сериков,F,Абайская область,Заречный район,Школа №5,kk,full,64.0,False,,eliminated
P02664,Елена,Смирнова,F,Жамбылская область,Заречный район,Школа №3,ru,full,40.8,False,,eliminated
P02665,Балжан,Абилов,F,Восточно-Казахстанская область,Восточный район,Школа №4,kk,full,61.9,False,,eliminated
P02666,Айдар,Нурланов,M,Жамбылская область,Сельский район,Школа №3,kk,full,34.5,False,,eliminated
P02667,Мария,Петрова,F,Туркестанская область,Южный район,Школа №1,ru,full,67.7,True,52.6,finalist
P02668,Максим,Волков,M,г. Шымкент,Западный район,Школа №3,ru,full,36.5,False,,eliminated
P02669,Темирлан,Бекенов,M,Северо-Казахстанская область,Южный район,Школа №3,kk,full,63.3,False,,eliminated
P02670,Жансая,Нурланов,F,Костанайская область,Сельский район,Школа №4,kk,full,64.4,False,,eliminated
P02671,Александр,Смирнов,M,Кызылординская область,Сельский район,Школа №5,ru,full,44.5,False,,eliminated
P02672,Артём,Лебедев,M,г. Алматы,Западный район,Школа №4,ru,full,63.7,False,,eliminated
P02673,Елена,Петрова,F,Абайская область,Центральный район,Школа №2,ru,full,58.9,False,,eliminated
P02674,Максим,Соколов,M,Восточно-Казахстанская область,Центральный район,Школа №3,ru,full,46.9,False,,eliminated
P02675,Айдана,Сатпаев,F,Жетысуская область,Восточный район,Школа №3,kk,full,39.9,False,,eliminated
P02676,Нурлан,Маратов,M,Алматинская область,Южный район,Школа №5,kk,single,19.6,False,,eliminated
P02677,Меруерт,Темирбеков,F,Мангистауская область,Заречный район,Школа №5,kk,single,54.2,False,,eliminated
P02678,Ксения,Лебедева,F,Западно-Казахстанская область,Восточный район,Школа №2,ru,full,31.5,False,,eliminated
P02679,Темирлан,Сериков,M,Кызылординская область,Заречный район,Школа №1,kk,full,56.4,False,,eliminated
P02680,София,Иванова,F,Акмолинская область,Северный район,Школа №2,ru,full,51.0,False,,eliminated
P02681,Дмитрий,Попов,M,Акмолинская область,Заречный район,Школа №5,ru,full,65.2,False,,eliminated
P02682,Нурлан,Нурланов,M,Акмолинская область,Южный район,Школа №2,kk,single,44.5,False,,eliminated
P02683,Никита,Морозов,M,Жетысуская область, Северный район ,Школа №4,ru,full,50.1,False,,eliminated
P02684,Камила,Абилов,F,Алматинская область,Западный район,Школа №2,kk,single,60.0,False,,eliminated
P02685,Максим,Волков,M,Западно-Казахстанская область,Сельский район,Школа №1,ru,single,54.0,False,,eliminated
P02686,Нурлан,Кадыров,M,Жамбылская область,Западный район,Школа №5,kk,single,53.7,False,,eliminated
P02687,Бауыржан,Сатпаев,M,Павлодарская область,Северный район,Школа №2,kk,full,62.0,False,,eliminated
P02688,Полина,Новикова,F,Мангистауская область,Центральный район,Школа №3,ru,single,26.0,False,,eliminated
P02689,Елена,Волкова,F,Атырауская область,Северный район,Школа №4,ru,full,66.4,True,62.2,finalist
P02690,Алина,Тулегенов,F,Мангистауская область,Заречный район,Школа №1,kk,full,64.2,False,,eliminated
P02691,Андрей,Лебедев,M,Восточно-Казахстанская область,Западный район,Школа №1,ru,full,39.7,False,,eliminated
P02692,Аяна,Тулегенов,F,г. Шымкент,Центральный район,Школа №5,kk,single,45.3,False,,eliminated
P02693,Сауле,Алиев,F,Павлодарская область,Заречный район,Школа №2,kk,single,48.4,False,,eliminated
P02694,Адильхан,Тулегенов,M,Павлодарская область,Сельский район,Школа №5,kk,full,53.0,False,,eliminated
P02695,Адильхан,Бекенов,M,г. Астана,Западный район,Школа №2,kk,single,54.0,False,,eliminated
P02696,Иван,Соколов,M,г. Шымкент, Заречный район ,Школа №3,ru,full,76.5,True,82.5,finalist
P02697,Ольга,Иванова,F,Мангистауская область,Западный район,Школа №5,ru,full,71.2,True,77.4,finalist
P02698,Жансая,Жумабеков,F,г. Шымкент,Западный район,Школа №3,kk,full,35.3,False,,eliminated
P02699,Елена,Кузнецова,F,Акмолинская область,Заречный район,Школа №1,ru,full,64.3,False,,eliminated
P02700,Сабина,Темирбеков,F,Мангистауская область,Заречный район,Школа №3,kk,full,74.9,True,75.2,finalist
P02701,Сабина,Сатпаев,F,Акмолинская область,Центральный район,Школа №3,kk,single,54.8,False,,eliminated
P02702,Дарья,Морозова,F,Актюбинская область, Южный район ,Школа №4,ru,single,65.4,False,,eliminated
P02703,Шынгыс,Алиев,M,Павлодарская область,Заречный район,Школа №4,kk,single,79.2,True,57.1,finalist
P02704,Темирлан,Темирбеков,M,Улытауская область,Заречный район,Школа №1,kk,full,70.4,True,76.9,finalist
P02705,Шынгыс,Нурланов,M,г. Алматы,Северный район,Школа №3,kk,single,52.7,False,,eliminated
P02706,Айгерим,Касенов,F,Абайская область,Восточный район,Школа №5,kk,full,70.7,True,61.4,finalist
P02707,Дарья,Новикова,F,Западно-Казахстанская область,Центральный район,Школа №5,ru,full,57.2,False,,eliminated
P02708,София,Лебедева,F,Алматинская область,Северный район,Школа №4,ru,full,55.4,False,,eliminated
P02709,Арман,Темирбеков,M,Жетысуская область,Западный район,Школа №1,kk,full,49.7,False,,eliminated
P02710,Мария,Кузнецова,F,Западно-Казахстанская область,Южный район,Школа №3,ru,single,72.5,True,54.5,finalist
P02711,Дмитрий,Попов,M,Улытауская область,Заречный район,Школа №4,ru,single,36.7,False,,eliminated
P02712,Данияр,Касенов,M,Атырауская область,Южный район,Школа №3,kk,full,78.0,True,49.0,finalist
P02713,Аружан,Бекенов,F,Северо-Казахстанская область,Южный район,Школа №2,kk,full,62.5,False,,eliminated
P02714,Айдар,Бекенов,M,г. Шымкент,Восточный район,Школа №4,kk,full,34.0,False,,eliminated
P02715,Камила,Кадыров,F,Атырауская область,Сельский район,Школа №3,kk,full,60.5,False,,eliminated
P02716,Кирилл,Соколов,M,Улытауская область,Сельский район,Школа №5,ru,single,17.5,False,,eliminated
P02717,Елена,Иванова,F,Жетысуская область,Сельский район,Школа №3,ru,single,58.4,False,,eliminated
P02718,Алтынай,Кадыров,F,г. Астана,Восточный район,Школа №2,kk,full,68.3,True,79.1,finalist
P02719,Кирилл,Смирнов,M,Жамбылская область,Северный район,Школа №1,ru,full,46.1,False,,eliminated
P02720,Эльмира,Тулегенов,F,Павлодарская область,Южный район,Школа №2,kk,full,56.9,False,,eliminated
P02721,Артём,Смирнов,M,Акмолинская область,Южный район,Школа №5,ru,full,84.3,True,62.9,finalist
P02722,Шынгыс,Алиев,M,Абайская область,Восточный район,Школа №1,kk,single,41.4,False,,eliminated
P02723,Малика,Алиев,F,Жамбылская область,Южный район,Школа №5,kk,single,33.1,False,,eliminated
P02724,Дарья,Волкова,F,г. Шымкент,Сельский район,Школа №5,ru,full,77.2,True,65.2,finalist
P02725,Рамазан,Нурланов,M,г. Алматы,Западный район,Школа №4,kk,full,84.4,True,84.6,finalist
P02726,Кирилл,Иванов,M,Карагандинская область,Центральный район,Школа №5,ru,full,55.1,False,,eliminated
P02727,Елена,Волкова,F,Жетысуская область,Центральный район,Школа №5,ru,full,70.2,True,49.6,finalist
P02728,Андрей,Смирнов,M,Атырауская область, Восточный район ,Школа №1,ru,single,69.1,True,45.6,finalist
P02729,Олжас,Нурланов,M,Атырауская область,Сельский район,Школа №1,kk,single,37.9,False,,eliminated
P02730,Владислав,Иванов,M,Карагандинская область,Заречный район,Школа №1,ru,full,47.7,False,,eliminated
P02731,Тимур,Абилов,M,Костанайская область,Северный район,Школа №5,kk,full,73.5,True,83.5,finalist
P02732,Нурлан,Касенов,M,Костанайская область,Сельский район,Школа №3,kk,full,80.3,True,67.9,finalist
P02733,Дарья,Соколова,F,Абайская область,Южный район,Школа №2,ru,full,63.4,False,,eliminated
P02734,Бекжан,Темирбеков,M,г. Астана,Восточный район,Школа №4,kk,full,41.8,False,,eliminated
P02735,Дана,Тулегенов,F,г. Шымкент,Восточный район,Школа №5,kk,single,78.8,True,66.4,finalist
P02736,Айдана,Касенов,F,Кызылординская область,Восточный район,Школа №1,kk,full,47.0,False,,eliminated
P02737,Айгерим,Абилов,F,г. Шымкент,Восточный район,Школа №5,kk,full,50.0,False,,eliminated
P02738,Данияр,Темирбеков,M,Карагандинская область,Северный район,Школа №3,kk,full,60.1,False,,eliminated
P02739,Бекжан,Сериков,M,Жамбылская область,Восточный район,Школа №3,kk,single,72.3,True,67.5,finalist
P02740,Рамазан,Абилов,M,Жамбылская область,Заречный район,Школа №4,kk,single,61.8,False,,eliminated
P02741,Алихан,Сатпаев,M,Восточно-Казахстанская область,Центральный район,Школа №3,kk,single,55.2,False,,eliminated
P02742,Алина,Сатпаев,F,Жамбылская область,Западный район,Школа №2,kk,full,61.9,False,,eliminated
P02743,Дмитрий,Соколов,M,Западно-Казахстанская область,Сельский район,Школа №5,ru,full,55.7,False,,eliminated
P02744,Айгерим,Абилов,F,г. Алматы,Восточный район,Школа №2,kk,full,63.4,False,,eliminated
P02745,Александр,Новиков,M,Павлодарская область,Южный район,Школа №5,ru,full,17.1,False,,eliminated
P02746,Темирлан,Кадыров,M,Актюбинская область,Восточный район,Школа №2,kk,single,44.6,False,,eliminated
P02747,Жансая,Нурланов,F,Жамбылская область,Южный район,Школа №1,kk,full,58.6,False,,eliminated
P02748,Ержан,Тулегенов,M,Актюбинская область,Заречный район,Школа №1,kk,full,37.7,False,,eliminated
P02749,Эльмира,Нурланов,F,Кызылординская область,Северный район,Школа №1,kk,single,54.8,False,,eliminated
P02750,Рамазан,Темирбеков,M,Акмолинская область, Южный район ,Школа №2,kk,single,45.9,False,,eliminated
P02751,Ксения,Соколова,F,Алматинская область,Западный район,Школа №1,ru,single,75.3,True,65.3,finalist
P02752,Михаил,Смирнов,M,Восточно-Казахстанская область,Центральный район,Школа №1,ru,full,78.6,True,68.8,finalist
P02753,Аяна,Маратов,F,Акмолинская область,Северный район,Школа №5,kk,full,48.0,False,,eliminated
P02754,Айгерим,Касенов,F,Северо-Казахстанская область,Западный район,Школа №2,kk,full,52.7,False,,eliminated
P02755,Андрей,Лебедев,M,Карагандинская область,Заречный район,Школа №5,ru,full,53.9,False,,eliminated
P02756,Нурлан,Алиев,M,Жамбылская область,Центральный район,Школа №5,kk,single,42.2,False,,eliminated
P02757,Михаил,Морозов,M,Акмолинская область,Сельский район,Школа №4,ru,full,57.9,False,,eliminated
P02758,Полина,Новикова,F,Акмолинская область,Западный район,Школа №1,ru,full,43.6,False,,eliminated
P02759,Дария,Бекенов,F,Актюбинская область,Центральный район,Школа №2,kk,single,32.0,False,,eliminated
P02760,Темирлан,Жумабеков,M,г. Алматы,Южный район,Школа №3,kk,full,64.3,False,,eliminated
P02761,Алмат,Сериков,M,г. Шымкент,Заречный район,Школа №3,kk,single,58.4,False,,eliminated
P02762,Дарья,Смирнова,F,Абайская область,Южный район,Школа №4,ru,full,42.9,False,,eliminated
P02763,Иван,Соколов,M,Карагандинская область,Восточный район,Школа №1,ru,single,62.4,False,,eliminated
P02764,Дарья,Кузнецова,F,Актюбинская область,Восточный район,Школа №3,ru,full,45.5,False,,eliminated
P02765,Ерасыл,Маратов,M,Жетысуская область,Западный район,Школа №4,kk,single,52.8,False,,eliminated
P02766,Малика,Алиев,F,Жетысуская область,Южный район,Школа №5,kk,full,67.3,True,64.6,finalist
P02767,Адильхан,Алиев,M,Мангистауская область,Центральный район,Школа №3,kk,full,54.5,False,,eliminated
P02768,Максим,Иванов,M,Жамбылская область,Восточный район,Школа №1,ru,full,61.8,False,,eliminated
P02769,Айдана,Нурланов,F,Мангистауская область,Северный район,Школа №1,kk,full,47.3,False,,eliminated
P02770,Алихан,Касенов,M,Павлодарская область,Южный район,Школа №5,kk,full,52.1,False,,eliminated
P02771,Никита,Иванов,M,г. Астана,Центральный район,Школа №1,ru,single,45.9,False,,eliminated
P02772,Ержан,Алиев,M,Абайская область,Западный район,Школа №2,kk,full,43.8,False,,eliminated
P02773,Жансая,Сатпаев,F,Северо-Казахстанская область,Заречный район,Школа №2,kk,single,46.3,False,,eliminated
P02774,Мария,Иванова,F,Акмолинская область,Западный район,Школа №4,ru,full,31.8,False,,eliminated
P02775,Наргиз,Жумабеков,F,Костанайская область,Южный район,Школа №5,kk,single,41.6,False,,eliminated
P02776,Темирлан,Сатпаев,M,Карагандинская область,Заречный район,Школа №3,kk,full,50.7,False,,eliminated
P02777,Темирлан,Сериков,M,г. Алматы,Западный район,Школа №3,kk,full,51.2,False,,eliminated
P02778,Дмитрий,Попов,M,Мангистауская область,Восточный район,Школа №2,ru,full,51.4,False,,eliminated
P02779,Наргиз,Сатпаев,F,Туркестанская область,Центральный район,Школа №4,kk,full,54.1,False,,eliminated
P02780,Андрей,Лебедев,M,Атырауская область,Южный район,Школа №1,ru,full,62.2,False,,eliminated
P02781,Артём,Лебедев,M,Мангистауская область,Центральный район,Школа №3,ru,single,62.1,False,,eliminated
P02782,Адильхан,Сериков,M,Кызылординская область,Северный район,Школа №1,kk,full,45.3,False,,eliminated
P02783,Алина,Нурланов,F,Туркестанская область,Сельский район,Школа №4,kk,full,37.0,False,,eliminated
P02784,Жансая,Алиев,F,Восточно-Казахстанская область,Южный район,Школа №2,kk,full,39.4,False,,eliminated
P02785,Дамир,Темирбеков,M,Мангистауская область,Южный район,Школа №3,kk,full,47.7,False,,eliminated
P02786,Меруерт,Сатпаев,F,Акмолинская область,Южный район,Школа №1,kk,full,49.7,False,,eliminated
P02787,Полина,Волкова,F,г. Алматы,Восточный район,Школа №3,ru,single,37.5,False,,eliminated
P02788,Ерасыл,Нурланов,M,Алматинская область,Западный район,Школа №3,kk,single,29.6,False,,eliminated
P02789,Сауле,Абилов,F,Мангистауская область,Западный район,Школа №3,kk,full,48.2,False,,eliminated
P02790,Бекжан,Маратов,M,Туркестанская область,Сельский район,Школа №1,kk,full,57.7,False,,eliminated
P02791,Алмат,Сатпаев,M,Восточно-Казахстанская область, Северный район ,Школа №3,kk,full,63.9,False,,eliminated
P02792,Арман,Маратов,M,г. Шымкент,Заречный район,Школа №2,kk,full,46.6,False,,eliminated
P02793,Дана,Темирбеков,F,Восточно-Казахстанская область,Сельский район,Школа №2,kk,full,48.8,False,,eliminated
P02794,Ольга,Лебедева,F,г. Шымкент,Сельский район,Школа №2,ru,full,41.1,False,,eliminated
P02795,Никита,Смирнов,M,Жетысуская область,Заречный район,Школа №3,ru,full,54.5,False,,eliminated
P02796,Аян,Темирбеков,M,г. Астана,Центральный район,Школа №1,kk,full,42.3,False,,eliminated
P02797,Аяна,Тулегенов,F,Западно-Казахстанская область,Южный район,Школа №3,kk,full,63.6,False,,eliminated
P02798,Арман,Сатпаев,M,Абайская область,Сельский район,Школа №3,kk,single,22.2,False,,eliminated
P02799,Дана,Маратов,F,Костанайская область,Северный район,Школа №1,kk,single,43.6,False,,eliminated
P02800,Шынгыс,Сатпаев,M,Актюбинская область,Северный район,Школа №2,kk,full,59.5,False,,eliminated
P02801,Дмитрий,Кузнецов,M,Жамбылская область,Заречный район,Школа №4,ru,single,51.8,False,,eliminated
P02802,Аружан,Абилов,F,Северо-Казахстанская область,Восточный район,Школа №2,kk,single,89.4,True,56.8,finalist
P02803,Александр,Лебедев,M,Мангистауская область,Южный район,Школа №1,ru,single,54.2,False,,eliminated
P02804,Ержан,Темирбеков,M,Жетысуская область,Восточный район,Школа №3,kk,full,39.9,False,,eliminated
P02805,Данияр,Алиев,M,Карагандинская область,Центральный район,Школа №1,kk,full,53.6,False,,eliminated
P02806,Айдана,Алиев,F,Туркестанская область, Южный район ,Школа №4,kk,full,28.4,False,,eliminated
P02807,Малика,Абилов,F,Павлодарская область,Северный район,Школа №1,kk,single,47.8,False,,eliminated
P02808,Айдар,Бекенов,M,Мангистауская область,Северный район,Школа №3,kk,full,42.5,False,,eliminated
P02809,Елена,Лебедева,F,Актюбинская область,Южный район,Школа №3,ru,full,68.7,True,84.7,finalist
P02810,Алтынай,Тулегенов,F,Жамбылская область,Западный район,Школа №5,kk,full,46.8,False,,eliminated
P02811,Елена,Волкова,F,Актюбинская область,Южный район,Школа №5,ru,full,53.2,False,,eliminated
P02812,Динара,Кадыров,F,Абайская область,Сельский район,Школа №2,kk,full,45.5,False,,eliminated
P02813,Дмитрий,Кузнецов,M,Атырауская область,Северный район,Школа №5,ru,full,81.1,True,66.9,finalist
P02814,Аян,Маратов,M,г. Алматы,Западный район,Школа №5,kk,single,44.2,False,,eliminated
P02815,Андрей,Попов,M,г. Шымкент,Южный район,Школа №3,ru,full,82.5,True,66.4,finalist
P02816,Артём,Новиков,M,Павлодарская область,Заречный район,Школа №2,ru,full,67.2,True,66.8,finalist
P02817,Санжар,Маратов,M,Карагандинская область,Восточный район,Школа №2,kk,full,62.2,False,,eliminated
P02818,Ольга,Петрова,F,Улытауская область,Сельский район,Школа №2,ru,single,54.5,False,,eliminated
P02819,Темирлан,Касенов,M,Туркестанская область,Центральный район,Школа №5,kk,single,54.9,False,,eliminated
P02820,Айдар,Нурланов,M,Актюбинская область,Заречный район,Школа №3,kk,full,26.1,False,,eliminated
P02821,Тимур,Сатпаев,M,г. Алматы,Сельский район,Школа №4,kk,full,50.8,False,,eliminated
P02822,Меруерт,Сатпаев,F,Западно-Казахстанская область,Западный район,Школа №4,kk,full,67.7,True,75.2,finalist
P02823,Айгерим,Сатпаев,F,Северо-Казахстанская область,Северный район,Школа №1,kk,full,54.3,False,,eliminated
P02824,Аружан,Нурланов,F,Актюбинская область,Восточный район,Школа №1,kk,full,33.9,False,,eliminated
P02825,Максим,Морозов,M,Павлодарская область,Южный район,Школа №5,ru,single,48.2,False,,eliminated
P02826,Иван,Новиков,M,Кызылординская область,Центральный район,Школа №2,ru,full,80.6,True,79.0,finalist
P02827,Айдар,Нурланов,M,Улытауская область,Восточный район,Школа №4,kk,single,67.7,True,64.3,finalist
P02828,Айдана,Кадыров,F,Актюбинская область,Восточный район,Школа №3,kk,full,54.1,False,,eliminated
P02829,Дмитрий,Соколов,M,Актюбинская область,Сельский район,Школа №5,ru,full,69.3,True,67.3,finalist
P02830,Бауыржан,Бекенов,M,Улытауская область,Восточный район,Школа №4,kk,full,49.5,False,,eliminated
P02831,Ольга,Иванова,F,Актюбинская область, Восточный район ,Школа №2,ru,full,29.4,False,,eliminated
P02832,Дамир,Алиев,M,Жамбылская область,Западный район,Школа №1,kk,full,41.1,False,,eliminated
P02833,Айдана,Тулегенов,F,г. Шымкент,Заречный район,Школа №1,kk,single,72.4,True,72.7,finalist
P02834,Алина,Бекенов,F,Западно-Казахстанская область,Заречный район,Школа №5,kk,single,44.9,False,,eliminated
P02835,Ольга,Волкова,F,Туркестанская область,Сельский район,Школа №5,ru,single,45.3,False,,eliminated
P02836,Арман,Тулегенов,M,Западно-Казахстанская область,Центральный район,Школа №4,kk,full,50.5,False,,eliminated
P02837,Айдана,Абилов,F,Жамбылская область,Южный район,Школа №4,kk,single,77.6,True,73.4,finalist
P02838,Анастасия,Волкова,F,Костанайская область,Восточный район,Школа №2,ru,full,79.4,True,64.1,finalist
P02839,София,Морозова,F,Акмолинская область,Северный район,Школа №4,ru,full,88.3,True,61.7,finalist
P02840,Аружан,Касенов,F,Акмолинская область,Сельский район,Школа №1,kk,full,52.6,False,,eliminated
P02841,Дарья,Попова,F,Улытауская область,Южный район,Школа №1,ru,full,59.4,False,,eliminated
P02842,Гульнара,Сериков,F,г. Астана,Заречный район,Школа №4,kk,full,32.3,False,,eliminated
P02843,Эльмира,Кадыров,F,Алматинская область,Заречный район,Школа №5,kk,single,71.2,True,72.9,finalist
P02844,Полина,Смирнова,F,Жамбылская область,Центральный район,Школа №2,ru,single,31.5,False,,eliminated
P02845,Жаныбек,Маратов,M,Улытауская область,Сельский район,Школа №1,kk,full,58.3,False,,eliminated
P02846,Бекжан,Алиев,M,Павлодарская область,Центральный район,Школа №3,kk,single,32.5,False,,eliminated
P02847,Дамир,Алиев,M,Северо-Казахстанская область,Восточный район,Школа №3,kk,single,40.2,False,,eliminated
P02848,Максим,Кузнецов,M,Абайская область,Восточный район,Школа №5,ru,full,42.4,False,,eliminated
P02849,Анна,Попова,F,Актюбинская область,Сельский район,Школа №1,ru,full,45.9,False,,eliminated
P02850,Аружан,Нурланов,F,Кызылординская область,Сельский район,Школа №3,kk,full,46.9,False,,eliminated
P02851,Мария,Смирнова,F,Жетысуская область,Северный район,Школа №2,ru,full,46.8,False,,eliminated
P02852,Санжар,Сатпаев,M,Абайская область,Северный район,Школа №2,kk,full,67.5,True,61.3,finalist
P02853,Малика,Кадыров,F,Западно-Казахстанская область,Сельский район,Школа №5,kk,full,38.4,False,,eliminated
P02854,Михаил,Соколов,M,Северо-Казахстанская область,Восточный район,Школа №3,ru,full,58.3,False,,eliminated
P02855,Динара,Кадыров,F,Жамбылская область,Западный район,Школа №5,kk,full,73.3,True,53.0,finalist
P02856,Екатерина,Новикова,F,Улытауская область,Центральный район,Школа №1,ru,full,47.3,False,,eliminated
P02857,Дария,Кадыров,F,Улытауская область,Западный район,Школа №4,kk,full,44.2,False,,eliminated
P02858,Дана,Тулегенов,F,Улытауская область,Восточный район,Школа №5,kk,full,51.5,False,,eliminated
P02859,Рамазан,Нурланов,M,Актюбинская область,Северный район,Школа №4,kk,full,72.7,True,30.8,finalist
P02860,Никита,Иванов,M,Костанайская область,Заречный район,Школа №5,ru,full,57.9,False,,eliminated
P02861,Сауле,Тулегенов,F,Мангистауская область,Сельский район,Школа №1,kk,full,47.0,False,,eliminated
P02862,Максим,Иванов,M,Мангистауская область,Восточный район,Школа №5,ru,full,62.3,False,,eliminated
P02863,Арман,Бекенов,M,Туркестанская область,Сельский район,Школа №5,kk,full,38.5,False,,eliminated
P02864,Екатерина,Соколова,F,Улытауская область,Заречный район,Школа №4,ru,full,65.2,False,,eliminated
P02865,Айдана,Бекенов,F,Костанайская область,Центральный район,Школа №3,kk,full,61.1,False,,eliminated
P02866,Екатерина,Кузнецова,F,Костанайская область,Южный район,Школа №1,ru,single,44.4,False,,eliminated
P02867,Артём,Кузнецов,M,Алматинская область,Южный район,Школа №1,ru,full,42.4,False,,eliminated
P02868,Айдана,Кадыров,F,Атырауская область,Заречный район,Школа №4,kk,full,41.7,False,,eliminated
P02869,Полина,Соколова,F,Западно-Казахстанская область,Южный район,Школа №3,ru,single,57.0,False,,eliminated
P02870,Алина,Жумабеков,F,Актюбинская область,Южный район,Школа №1,kk,full,73.4,True,73.7,finalist
P02871,Екатерина,Попова,F,Акмолинская область,Северный район,Школа №4,ru,full,45.4,False,,eliminated
P02872,Сауле,Сатпаев,F,Актюбинская область,Заречный район,Школа №4,kk,single,55.9,False,,eliminated
P02873,Айдар,Алиев,M,Жетысуская область,Заречный район,Школа №3,kk,full,23.7,False,,eliminated
P02874,Наргиз,Сатпаев,F,Карагандинская область,Центральный район,Школа №2,kk,single,40.2,False,,eliminated
P02875,Дмитрий,Иванов,M,Актюбинская область,Восточный район,Школа №2,ru,full,54.5,False,,eliminated
P02876,Михаил,Кузнецов,M,Алматинская область,Южный район,Школа №4,ru,full,41.4,False,,eliminated
P02877,Аружан,Касенов,F,Северо-Казахстанская область,Северный район,Школа №4,kk,single,35.0,False,,eliminated
P02878,Айдана,Алиев,F,г. Астана,Сельский район,Школа №5,kk,full,45.0,False,,eliminated
P02879,Аяна,Бекенов,F,Жетысуская область,Северный район,Школа №4,kk,single,53.4,False,,eliminated
P02880,Жансая,Касенов,F,Западно-Казахстанская область,Западный район,Школа №4,kk,single,46.2,False,,eliminated
P02881,Бауыржан,Жумабеков,M,Карагандинская область,Сельский район,Школа №4,kk,single,15.4,False,,eliminated
P02882,Иван,Волков,M,Кызылординская область,Западный район,Школа №1,ru,single,17.2,False,,eliminated
P02883,София,Петрова,F,Павлодарская область,Центральный район,Школа №3,ru,full,45.9,False,,eliminated
P02884,Санжар,Касенов,M,Алматинская область,Восточный район,Школа №1,kk,full,61.9,False,,eliminated
P02885,Анна,Кузнецова,F,Карагандинская область,Сельский район,Школа №4,ru,full,13.8,False,,eliminated
P02886,Елена,Морозова,F,Жамбылская область,Заречный район,Школа №4,ru,full,47.5,False,,eliminated
P02887,Аружан,Тулегенов,F,Мангистауская область,Южный район,Школа №2,kk,single,41.1,False,,eliminated
P02888,Аружан,Нурланов,F,Кызылординская область, Заречный район ,Школа №5,kk,full,75.8,True,45.1,finalist
P02889,Балжан,Нурланов,F,Мангистауская область,Восточный район,Школа №5,kk,single,43.2,False,,eliminated
P02890,Алина,Темирбеков,F,Атырауская область,Южный район,Школа №2,kk,full,60.7,False,,eliminated
P02891,Дарья,Смирнова,F,Атырауская область,Заречный район,Школа №2,ru,full,57.1,False,,eliminated
P02892,Балжан,Маратов,F,Северо-Казахстанская область,Восточный район,Школа №4,kk,full,23.0,False,,eliminated
P02893,Наргиз,Абилов,F,г. Шымкент,Центральный район,Школа №3,kk,full,66.5,True,50.7,finalist
P02894,Адильхан,Сатпаев,M,Восточно-Казахстанская область,Северный район,Школа №3,kk,full,58.2,False,,eliminated
P02895,Ержан,Нурланов,M,Карагандинская область,Северный район,Школа №4,kk,single,56.6,False,,eliminated
P02896,Рамазан,Алиев,M,Мангистауская область,Северный район,Школа №5,kk,single,100.0,True,58.4,finalist
P02897,Кирилл,Волков,M,Костанайская область,Южный район,Школа №2,ru,full,23.7,False,,eliminated
P02898,Дана,Сериков,F,Карагандинская область,Западный район,Школа №2,kk,single,74.9,True,63.6,finalist
P02899,Полина,Попова,F,Абайская область,Северный район,Школа №3,ru,full,50.7,False,,eliminated
P02900,Елена,Соколова,F,Западно-Казахстанская область,Западный район,Школа №2,ru,full,59.3,False,,eliminated
P02901,Айгерим,Жумабеков,F,Туркестанская область,Сельский район,Школа №2,kk,full,54.3,False,,eliminated
P02902,Алина,Кадыров,F,Туркестанская область,Южный район,Школа №2,kk,full,48.6,False,,eliminated
P02903,Тимур,Абилов,M,Улытауская область,Западный район,Школа №3,kk,full,46.5,False,,eliminated
P02904,Дмитрий,Иванов,M,г. Астана,Южный район,Школа №4,ru,full,59.9,False,,eliminated
P02905,Бауыржан,Темирбеков,M,Улытауская область,Сельский район,Школа №1,kk,full,32.2,False,,eliminated
P02906,Гульнара,Сериков,F,Карагандинская область,Северный район,Школа №3,kk,full,66.3,True,64.1,finalist
P02907,Рамазан,Тулегенов,M,Павлодарская область,Северный район,Школа №1,kk,full,48.8,False,,eliminated
P02908,Алтынай,Темирбеков,F,г. Шымкент,Заречный район,Школа №5,kk,full,38.0,False,,eliminated
P02909,Олжас,Темирбеков,M,Павлодарская область,Заречный район,Школа №1,kk,full,48.2,False,,eliminated
P02910,Бауыржан,Бекенов,M,Актюбинская область,Южный район,Школа №2,kk,single,67.9,True,74.4,finalist
P02911,Айдар,Алиев,M,Жамбылская область,Центральный район,Школа №5,kk,full,47.0,False,,eliminated
P02912,Ерасыл,Маратов,M,Абайская область,Заречный район,Школа №2,kk,full,60.4,False,,eliminated
P02913,Аружан,Темирбеков,F,Мангистауская область,Восточный район,Школа №1,kk,full,44.0,False,,eliminated
P02914,Никита,Смирнов,M,Абайская область,Центральный район,Школа №4,ru,full,66.4,True,71.5,finalist
P02915,Михаил,Смирнов,M,Атырауская область,Северный район,Школа №3,ru,full,65.3,False,,eliminated
P02916,Томирис,Алиев,F,Восточно-Казахстанская область,Заречный район,Школа №3,kk,full,82.7,True,65.0,finalist
P02917,Эльмира,Темирбеков,F,Актюбинская область,Центральный район,Школа №3,kk,full,52.4,False,,eliminated
P02918,Бауыржан,Бекенов,M,Восточно-Казахстанская область,Южный район,Школа №4,kk,single,59.0,False,,eliminated
P02919,Бекжан,Маратов,M,г. Шымкент,Южный район,Школа №4,kk,full,56.5,False,,eliminated
P02920,Аян,Тулегенов,M,Мангистауская область,Южный район,Школа №3,kk,full,74.4,True,70.6,finalist
P02921,Дамир,Сатпаев,M,Улытауская область,Восточный район,Школа №3,kk,full,44.2,False,,eliminated
P02922,Иван,Кузнецов,M,Павлодарская область,Сельский район,Школа №4,ru,full,66.2,True,79.1,finalist
P02923,Томирис,Тулегенов,F,Кызылординская область,Северный район,Школа №2,kk,full,52.1,False,,eliminated
P02924,Аяна,Нурланов,F,Мангистауская область,Южный район,Школа №5,kk,single,48.0,False,,eliminated
P02925,Кирилл,Смирнов,M,Кызылординская область,Сельский район,Школа №5,ru,full,56.4,False,,eliminated
P02926,Алтынай,Жумабеков,F,Туркестанская область,Сельский район,Школа №2,kk,full,58.8,False,,eliminated
P02927,Дарья,Соколова,F,Северо-Казахстанская область,Сельский район,Школа №3,ru,single,47.3,False,,eliminated
P02928,Владислав,Попов,M,Жамбылская область,Западный район,Школа №4,ru,full,58.2,False,,eliminated
P02929,Полина,Попова,F,Жетысуская область,Северный район,Школа №4,ru,full,78.7,True,68.8,finalist
P02930,Динара,Абилов,F,Актюбинская область,Северный район,Школа №4,kk,single,63.8,False,,eliminated
P02931,Гульнара,Кадыров,F,Западно-Казахстанская область,Северный район,Школа №3,kk,full,68.0,True,72.3,finalist
P02932,Владислав,Волков,M,Абайская область,Восточный район,Школа №4,ru,single,42.2,False,,eliminated
P02933,Тимур,Касенов,M,Жетысуская область,Западный район,Школа №5,kk,single,35.7,False,,eliminated
P02934,Бекжан,Касенов,M,Улытауская область,Центральный район,Школа №5,kk,full,69.3,True,81.3,finalist
P02935,Гульнара,Темирбеков,F,Туркестанская область,Сельский район,Школа №2,kk,full,68.1,True,62.7,finalist
P02936,Адильхан,Сериков,M,Западно-Казахстанская область,Западный район,Школа №4,kk,single,71.1,True,75.2,finalist
P02937,Аружан,Нурланов,F,Западно-Казахстанская область,Западный район,Школа №2,kk,single,39.9,False,,eliminated
P02938,Балжан,Сатпаев,F,Карагандинская область,Сельский район,Школа №4,kk,full,51.6,False,,eliminated
P02939,София,Смирнова,F,Мангистауская область,Сельский район,Школа №3,ru,single,24.4,False,,eliminated
P02940,Никита,Петров,M,Северо-Казахстанская область,Северный район,Школа №5,ru,single,43.1,False,,eliminated
P02941,Анастасия,Кузнецова,F,Мангистауская область,Сельский район,Школа №5,ru,single,63.9,False,,eliminated
P02942,Артём,Лебедев,M,Мангистауская область,Заречный район,Школа №4,ru,full,48.0,False,,eliminated
P02943,Александр,Лебедев,M,г. Алматы,Северный район,Школа №2,ru,full,64.6,False,,eliminated
P02944,Андрей,Смирнов,M,Кызылординская область,Сельский район,Школа №1,ru,full,52.1,False,,eliminated
P02945,Эльмира,Жумабеков,F,г. Астана,Центральный район,Школа №1,kk,full,59.9,False,,eliminated
P02946,Владислав,Новиков,M,Павлодарская область,Сельский район,Школа №2,ru,single,31.8,False,,eliminated
P02947,Дмитрий,Иванов,M,г. Астана,Западный район,Школа №3,ru,full,56.3,False,,eliminated
P02948,Нурлан,Абилов,M,г. Шымкент,Северный район,Школа №3,kk,single,4.1,False,,eliminated
P02949,Данияр,Сатпаев,M,г. Астана,Заречный район,Школа №1,kk,full,52.2,False,,eliminated
P02950,Артём,Иванов,M,Атырауская область,Западный район,Школа №4,ru,single,24.5,False,,eliminated
P02951,Сауле,Темирбеков,F,Актюбинская область,Западный район,Школа №2,kk,full,73.1,True,48.0,finalist
P02952,Владислав,Соколов,M,Улытауская область,Заречный район,Школа №3,ru,full,66.7,True,76.7,finalist
P02953,Екатерина,Попова,F,Жамбылская область,Центральный район,Школа №4,ru,full,62.0,False,,eliminated
P02954,Томирис,Сериков,F,Жамбылская область,Западный район,Школа №1,kk,full,77.8,True,48.3,finalist
P02955,Анна,Новикова,F,Алматинская область,Северный район,Школа №1,ru,full,40.8,False,,eliminated
P02956,Александр,Смирнов,M,Карагандинская область,Восточный район,Школа №1,ru,full,81.2,True,90.2,finalist
P02957,Алина,Жумабеков,F,Актюбинская область,Центральный район,Школа №5,kk,full,69.0,True,64.5,finalist
P02958,Наргиз,Маратов,F,Актюбинская область,Сельский район,Школа №2,kk,single,45.5,False,,eliminated
P02959,Рамазан,Нурланов,M,Карагандинская область,Сельский район,Школа №5,kk,full,72.0,True,66.1,finalist
P02960,Анастасия,Новикова,F,Карагандинская область,Западный район,Школа №4,ru,full,38.4,False,,eliminated
P02961,Гульнара,Касенов,F,Атырауская область,Центральный район,Школа №1,kk,full,42.6,False,,eliminated
P02962,Владислав,Попов,M,Акмолинская область,Восточный район,Школа №4,ru,single,39.9,False,,eliminated
P02963,Темирлан,Жумабеков,M,Кызылординская область,Южный район,Школа №3,kk,full,47.1,False,,eliminated
P02964,Анна,Иванова,F,Атырауская область,Заречный район,Школа №4,ru,single,33.2,False,,eliminated
P02965,Никита,Морозов,M,г. Шымкент,Заречный район,Школа №5,ru,full,73.3,True,58.3,finalist
P02966,Эльмира,Жумабеков,F,Улытауская область,Западный район,Школа №5,kk,full,51.1,False,,eliminated
P02967,Тимур,Касенов,M,Костанайская область,Восточный район,Школа №4,kk,full,60.3,False,,eliminated
P02968,Арман,Алиев,M,Северо-Казахстанская область,Заречный район,Школа №4,kk,full,46.4,False,,eliminated
P02969,Иван,Лебедев,M,Кызылординская область,Центральный район,Школа №1,ru,full,27.7,False,,eliminated
P02970,Дана,Сериков,F,Жетысуская область,Центральный район,Школа №4,kk,full,59.1,False,,eliminated
P02971,Аяна,Жумабеков,F,Акмолинская область,Сельский район,Школа №4,kk,single,20.3,False,,eliminated
P02972,Нурлан,Нурланов,M,г. Алматы,Западный район,Школа №3,kk,single,48.0,False,,eliminated
P02973,Аружан,Тулегенов,F,Атырауская область,Центральный район,Школа №2,kk,full,34.5,False,,eliminated
P02974,Аяна,Алиев,F,Жетысуская область,Северный район,Школа №2,kk,full,84.8,True,58.9,finalist
P02975,Дамир,Абилов,M,Костанайская область,Сельский район,Школа №2,kk,full,68.7,True,66.0,finalist
P02976,Айдана,Темирбеков,F,Западно-Казахстанская область,Центральный район,Школа №5,kk,full,56.6,False,,eliminated
P02977,Жансая,Сериков,F,Алматинская область,Северный район,Школа №1,kk,single,68.0,True,53.1,finalist
P02978,Динара,Абилов,F,Атырауская область,Северный район,Школа №5,kk,full,42.3,False,,eliminated
P02979,Малика,Жумабеков,F,Алматинская область,Заречный район,Школа №3,kk,single,57.2,False,,eliminated
P02980,Меруерт,Тулегенов,F,Жетысуская область,Центральный район,Школа №5,kk,full,58.0,False,,eliminated
P02981,Андрей,Волков,M,Карагандинская область,Сельский район,Школа №3,ru,full,59.0,False,,eliminated
P02982,Арман,Тулегенов,M,Алматинская область,Заречный район,Школа №4,kk,full,74.1,True,59.0,finalist
P02983,Аружан,Тулегенов,F,Акмолинская область,Северный район,Школа №5,kk,full,66.0,True,64.1,finalist
P02984,Камила,Бекенов,F,Кызылординская область,Восточный район,Школа №5,kk,full,59.3,False,,eliminated
P02985,Екатерина,Новикова,F,г. Алматы,Западный район,Школа №2,ru,full,30.2,False,,eliminated
P02986,Меруерт,Жумабеков,F,Жетысуская область,Сельский район,Школа №5,kk,full,40.6,False,,eliminated
P02987,Ерасыл,Кадыров,M,Туркестанская область,Сельский район,Школа №5,kk,full,53.2,False,,eliminated
P02988,Дана,Алиев,F,г. Астана, Заречный район ,Школа №4,kk,full,56.4,False,,eliminated
P02989,Данияр,Кадыров,M,Атырауская область,Западный район,Школа №5,kk,full,38.0,False,,eliminated
P02990,Кирилл,Попов,M,Павлодарская область,Восточный район,Школа №4,ru,single,85.2,True,72.0,finalist
P02991,Андрей,Лебедев,M,Костанайская область,Северный район,Школа №1,ru,single,71.7,True,79.5,finalist
P02992,Данияр,Сатпаев,M,г. Алматы,Центральный район,Школа №2,kk,full,64.0,False,,eliminated
P02993,Камила,Сатпаев,F,г. Шымкент,Северный район,Школа №4,kk,full,56.1,False,,eliminated
P02994,Максим,Смирнов,M,Костанайская область,Сельский район,Школа №1,ru,full,51.8,False,,eliminated
P02995,Аружан,Жумабеков,F,Восточно-Казахстанская область,Северный район,Школа №1,kk,single,34.7,False,,eliminated
P02996,Арман,Жумабеков,M,Алматинская область,Заречный район,Школа №2,kk,single,50.2,False,,eliminated
P02997,Темирлан,Кадыров,M,Костанайская область,Восточный район,Школа №5,kk,single,52.9,False,,eliminated
P02998,Никита,Лебедев,M,Абайская область,Северный район,Школа №3,ru,full,36.4,False,,eliminated
P02999,Владислав,Смирнов,M,г. Шымкент,Сельский район,Школа №5,ru,full,60.0,False,,eliminated
P03000,Алихан,Кадыров,M,г. Алматы,Сельский район,Школа №4,kk,full,52.7,False,,eliminated
P03001,Артём,Волков,M,Павлодарская область,Восточный район,Школа №5,ru,full,26.4,False,,eliminated
P03002,Данияр,Алиев,M,г. Шымкент,Северный район,Школа №1,kk,full,42.1,False,,eliminated
P03003,Аян,Сериков,M,Кызылординская область,Заречный район,Школа №2,kk,single,42.8,False,,eliminated
P03004,Адильхан,Нурланов,M,Жетысуская область,Северный район,Школа №1,kk,single,77.3,True,73.6,finalist
P03005,Аян,Тулегенов,M,Акмолинская область,Южный район,Школа №3,kk,full,63.3,False,,eliminated
P03006,Тимур,Темирбеков,M,Алматинская область,Западный район,Школа №2,kk,full,35.0,False,,eliminated
P03007,Наргиз,Сериков,F,г. Шымкент, Центральный район ,Школа №1,kk,full,62.3,False,,eliminated
P03008,Алтынай,Нурланов,F,Атырауская область,Северный район,Школа №4,kk,single,25.8,False,,eliminated
P03009,Анна,Морозова,F,Кызылординская область,Южный район,Школа №3,ru,full,71.2,True,61.2,finalist
P03010,Артём,Кузнецов,M,Абайская область,Южный район,Школа №3,ru,single,41.9,False,,eliminated
P03011,Гульнара,Сериков,F,Мангистауская область,Заречный район,Школа №4,kk,single,47.6,False,,eliminated
P03012,Динара,Нурланов,F,Карагандинская область,Восточный район,Школа №2,kk,full,74.9,True,70.2,finalist
P03013,Дария,Кадыров,F,Жамбылская область,Заречный район,Школа №1,kk,single,29.7,False,,eliminated
P03014,Мария,Лебедева,F,Павлодарская область,Южный район,Школа №2,ru,full,34.0,False,,eliminated
P03015,Анна,Смирнова,F,Абайская область,Сельский район,Школа №5,ru,full,46.2,False,,eliminated
P03016,Сауле,Темирбеков,F,Павлодарская область,Заречный район,Школа №5,kk,full,70.6,True,81.1,finalist
P03017,Алмат,Нурланов,M,Туркестанская область,Заречный район,Школа №4,kk,full,32.2,False,,eliminated
P03018,Малика,Бекенов,F,Костанайская область,Северный район,Школа №2,kk,full,12.5,False,,eliminated
P03019,Арман,Сериков,M,Атырауская область,Восточный район,Школа №5,kk,single,42.2,False,,eliminated
P03020,Гульнара,Абилов,F,Актюбинская область,Центральный район,Школа №2,kk,full,63.3,False,,eliminated
P03021,Бекжан,Абилов,M,Костанайская область,Сельский район,Школа №5,kk,single,67.0,True,36.4,finalist
P03022,Екатерина,Петрова,F,Жамбылская область,Северный район,Школа №3,ru,full,48.1,False,,eliminated
P03023,Мария,Волкова,F,Жамбылская область,Северный район,Школа №5,ru,single,42.8,False,,eliminated
P03024,Владислав,Новиков,M,Павлодарская область,Южный район,Школа №3,ru,single,66.3,True,53.6,finalist
P03025,Алтынай,Сериков,F,Западно-Казахстанская область,Заречный район,Школа №4,kk,single,21.0,False,,eliminated
P03026,Данияр,Алиев,M,Павлодарская область,Восточный район,Школа №2,kk,single,43.2,False,,eliminated
P03027,Максим,Смирнов,M,Западно-Казахстанская область,Южный район,Школа №2,ru,single,51.9,False,,eliminated
P03028,Жансая,Касенов,F,Мангистауская область,Южный район,Школа №4,kk,full,61.7,False,,eliminated
P03029,Меруерт,Тулегенов,F,Карагандинская область,Западный район,Школа №2,kk,full,47.4,False,,eliminated
P03030,Жансая,Сериков,F,Абайская область,Южный район,Школа №2,kk,full,55.5,False,,eliminated
P03031,Томирис,Нурланов,F,Костанайская область,Восточный район,Школа №3,kk,single,11.7,False,,eliminated
P03032,Кирилл,Смирнов,M,Северо-Казахстанская область,Восточный район,Школа №2,ru,full,45.1,False,,eliminated
P03033,Адильхан,Сатпаев,M,Северо-Казахстанская область,Западный район,Школа №3,kk,full,61.8,False,,eliminated
P03034,Арман,Сатпаев,M,Алматинская область,Южный район,Школа №3,kk,single,34.3,False,,eliminated
P03035,Дмитрий,Новиков,M,Северо-Казахстанская область,Западный район,Школа №1,ru,full,55.9,False,,eliminated
P03036,Тимур,Абилов,M,Атырауская область,Южный район,Школа №5,kk,full,61.7,False,,eliminated
P03037,Балжан,Бекенов,F,г. Шымкент,Западный район,Школа №3,kk,full,49.9,False,,eliminated
P03038,Дарья,Кузнецова,F,Жамбылская область,Восточный район,Школа №2,ru,full,57.6,False,,eliminated
P03039,Елена,Попова,F,Актюбинская область,Заречный район,Школа №4,ru,full,40.6,False,,eliminated
P03040,Балжан,Нурланов,F,Жетысуская область,Заречный район,Школа №5,kk,full,51.9,False,,eliminated
P03041,Арман,Алиев,M,Абайская область,Сельский район,Школа №1,kk,single,58.2,False,,eliminated
P03042,Сабина,Жумабеков,F,Атырауская область,Восточный район,Школа №5,kk,full,57.4,False,,eliminated
P03043,Меруерт,Касенов,F,г. Астана, Восточный район ,Школа №5,kk,full,46.2,False,,eliminated
P03044,Камила,Абилов,F,Актюбинская область,Заречный район,Школа №1,kk,single,52.4,False,,eliminated
P03045,Дария,Нурланов,F,г. Шымкент, Северный район ,Школа №3,kk,single,59.7,False,,eliminated
P03046,Александр,Петров,M,Жамбылская область,Северный район,Школа №3,ru,single,18.3,False,,eliminated
P03047,Бауыржан,Кадыров,M,Акмолинская область,Сельский район,Школа №1,kk,full,72.4,True,57.4,finalist
P03048,Алтынай,Абилов,F,Кызылординская область,Сельский район,Школа №1,kk,full,50.0,False,,eliminated
P03049,Михаил,Волков,M,Акмолинская область,Южный район,Школа №1,ru,full,61.4,False,,eliminated
P03050,Ержан,Нурланов,M,Мангистауская область,Западный район,Школа №2,kk,single,67.0,True,66.0,finalist
P03051,Алмат,Жумабеков,M,Улытауская область,Заречный район,Школа №3,kk,full,34.4,False,,eliminated
P03052,Айдар,Сатпаев,M,Абайская область,Центральный район,Школа №5,kk,single,38.4,False,,eliminated
P03053,Рамазан,Абилов,M,г. Алматы,Южный район,Школа №5,kk,full,50.7,False,,eliminated
P03054,Анна,Лебедева,F,г. Шымкент,Западный район,Школа №2,ru,full,43.2,False,,eliminated
P03055,Ержан,Тулегенов,M,Мангистауская область,Восточный район,Школа №5,kk,single,75.0,True,58.5,finalist
P03056,Рамазан,Нурланов,M,Северо-Казахстанская область,Южный район,Школа №5,kk,full,42.1,False,,eliminated
P03057,Рамазан,Темирбеков,M,Костанайская область, Сельский район ,Школа №5,kk,full,46.7,False,,eliminated
P03058,Темирлан,Сериков,M,г. Астана,Южный район,Школа №4,kk,single,52.1,False,,eliminated
P03059,Гульнара,Бекенов,F,г. Астана,Заречный район,Школа №5,kk,full,37.0,False,,eliminated
P03060,Арман,Сериков,M,Северо-Казахстанская область,Сельский район,Школа №3,kk,full,49.1,False,,eliminated
P03061,Дамир,Нурланов,M,Павлодарская область,Западный район,Школа №2,kk,full,59.8,False,,eliminated
P03062,Аружан,Тулегенов,F,Костанайская область,Северный район,Школа №4,kk,full,50.0,False,,eliminated
P03063,Сауле,Касенов,F,Жетысуская область,Южный район,Школа №3,kk,single,47.6,False,,eliminated
P03064,Аружан,Тулегенов,F,Кызылординская область,Южный район,Школа №2,kk,full,47.1,False,,eliminated
P03065,Анастасия,Морозова,F,г. Астана,Восточный район,Школа №1,ru,full,32.3,False,,eliminated
P03066,Аяна,Абилов,F,Туркестанская область,Восточный район,Школа №1,kk,full,59.8,False,,eliminated
P03067,Динара,Алиев,F,Туркестанская область,Заречный район,Школа №4,kk,full,81.3,True,79.0,finalist
P03068,Меруерт,Сериков,F,Атырауская область,Центральный район,Школа №2,kk,single,49.3,False,,eliminated
P03069,Данияр,Абилов,M,Жамбылская область,Заречный район,Школа №3,kk,single,52.4,False,,eliminated
P03070,Ольга,Новикова,F,Алматинская область,Сельский район,Школа №4,ru,single,59.4,False,,eliminated
P03071,Наргиз,Сериков,F,Мангистауская область,Южный район,Школа №4,kk,full,36.0,False,,eliminated
P03072,Кирилл,Соколов,M,Акмолинская область,Западный район,Школа №4,ru,full,80.5,True,73.1,finalist
P03073,Дамир,Темирбеков,M,Абайская область,Западный район,Школа №2,kk,full,58.0,False,,eliminated
P03074,Аружан,Касенов,F,Мангистауская область,Заречный район,Школа №2,kk,single,73.5,True,55.5,finalist
P03075,Дарья,Смирнова,F,Актюбинская область,Западный район,Школа №3,ru,full,44.0,False,,eliminated
P03076,Айгерим,Кадыров,F,Карагандинская область,Восточный район,Школа №4,kk,full,82.3,True,66.8,finalist
P03077,Тимур,Сериков,M,Актюбинская область,Южный район,Школа №1,kk,full,66.6,True,64.0,finalist
P03078,Артём,Лебедев,M,Абайская область,Центральный район,Школа №2,ru,full,63.3,False,,eliminated
P03079,Елена,Новикова,F,Костанайская область,Западный район,Школа №5,ru,single,52.5,False,,eliminated
P03080,Санжар,Тулегенов,M,Жамбылская область,Южный район,Школа №1,kk,full,51.3,False,,eliminated
P03081,Рамазан,Сатпаев,M,Актюбинская область,Сельский район,Школа №2,kk,single,67.0,True,56.6,finalist
P03082,Мария,Соколова,F,Жетысуская область,Сельский район,Школа №2,ru,full,57.1,False,,eliminated
P03083,Аружан,Касенов,F,Павлодарская область,Восточный район,Школа №5,kk,full,25.5,False,,eliminated
P03084,Тимур,Алиев,M,Туркестанская область,Заречный район,Школа №1,kk,full,38.2,False,,eliminated
P03085,Артём,Иванов,M,г. Алматы,Восточный район,Школа №1,ru,full,52.2,False,,eliminated
P03086,Ксения,Петрова,F,г. Астана,Центральный район,Школа №3,ru,full,59.6,False,,eliminated
P03087,Алтынай,Нурланов,F,Жамбылская область,Заречный район,Школа №2,kk,single,48.2,False,,eliminated
P03088,Бауыржан,Нурланов,M,г. Шымкент,Заречный район,Школа №2,kk,single,67.3,True,61.8,finalist
P03089,Айдар,Сатпаев,M,Акмолинская область,Западный район,Школа №5,kk,full,25.7,False,,eliminated
P03090,Айгерим,Жумабеков,F,г. Алматы,Центральный район,Школа №2,kk,full,57.2,False,,eliminated
P03091,Сауле,Сатпаев,F,Восточно-Казахстанская область,Западный район,Школа №5,kk,single,21.7,False,,eliminated
P03092,Бекжан,Касенов,M,Северо-Казахстанская область,Восточный район,Школа №2,kk,single,60.4,False,,eliminated
P03093,Адильхан,Тулегенов,M,Актюбинская область,Северный район,Школа №4,kk,full,53.6,False,,eliminated
P03094,Никита,Соколов,M,Северо-Казахстанская область,Заречный район,Школа №4,ru,single,55.3,False,,eliminated
P03095,Екатерина,Петрова,F,Актюбинская область,Центральный район,Школа №5,ru,single,36.0,False,,eliminated
P03096,Анастасия,Волкова,F,Павлодарская область,Восточный район,Школа №5,ru,full,74.2,True,96.6,finalist
P03097,Анна,Морозова,F,г. Астана,Центральный район,Школа №2,ru,full,70.6,True,78.8,finalist
P03098,Малика,Маратов,F,Кызылординская область, Заречный район ,Школа №1,kk,full,63.8,False,,eliminated
P03099,Алтынай,Тулегенов,F,Туркестанская область,Восточный район,Школа №2,kk,full,53.1,False,,eliminated
P03100,Мария,Кузнецова,F,Павлодарская область,Западный район,Школа №3,ru,full,63.7,False,,eliminated
P03101,Аяна,Абилов,F,Мангистауская область,Северный район,Школа №2,kk,full,44.4,False,,eliminated
P03102,Санжар,Темирбеков,M,г. Астана,Заречный район,Школа №4,kk,full,67.8,True,56.9,finalist
P03103,Ерасыл,Алиев,M,Восточно-Казахстанская область,Западный район,Школа №5,kk,full,79.7,True,59.2,finalist
P03104,Анастасия,Новикова,F,Карагандинская область,Западный район,Школа №3,ru,full,71.1,True,42.5,finalist
P03105,Шынгыс,Абилов,M,Туркестанская область,Восточный район,Школа №3,kk,single,38.1,False,,eliminated
P03106,Айгерим,Тулегенов,F,Жамбылская область,Западный район,Школа №5,kk,full,60.4,False,,eliminated
P03107,Данияр,Сериков,M,Северо-Казахстанская область,Центральный район,Школа №4,kk,full,35.6,False,,eliminated
P03108,Алина,Алиев,F,г. Астана,Сельский район,Школа №4,kk,full,63.6,False,,eliminated
P03109,Алихан,Касенов,M,Алматинская область,Сельский район,Школа №5,kk,full,61.8,False,,eliminated
P03110,Александр,Иванов,M,г. Шымкент,Северный район,Школа №5,ru,single,21.0,False,,eliminated
P03111,Михаил,Новиков,M,Кызылординская область,Заречный район,Школа №1,ru,full,37.6,False,,eliminated
P03112,София,Кузнецова,F,Абайская область,Центральный район,Школа №2,ru,full,50.8,False,,eliminated
P03113,Жаныбек,Касенов,M,Акмолинская область,Восточный район,Школа №5,kk,single,44.5,False,,eliminated
P03114,Никита,Попов,M,Атырауская область,Северный район,Школа №2,ru,full,36.9,False,,eliminated
P03115,Темирлан,Темирбеков,M,Мангистауская область,Северный район,Школа №1,kk,single,54.8,False,,eliminated
P03116,Аружан,Жумабеков,F,Восточно-Казахстанская область,Восточный район,Школа №4,kk,full,58.8,False,,eliminated
P03117,Жансая,Бекенов,F,Туркестанская область,Сельский район,Школа №3,kk,single,46.1,False,,eliminated
P03118,Алина,Касенов,F,Западно-Казахстанская область,Южный район,Школа №5,kk,full,43.7,False,,eliminated
P03119,Максим,Соколов,M,Акмолинская область,Заречный район,Школа №4,ru,single,64.7,False,,eliminated
P03120,Ержан,Бекенов,M,Западно-Казахстанская область,Южный район,Школа №3,kk,full,79.8,True,65.1,finalist
P03121,Темирлан,Касенов,M,Павлодарская область,Южный район,Школа №5,kk,full,47.7,False,,eliminated
P03122,Балжан,Жумабеков,F,г. Алматы,Заречный район,Школа №3,kk,full,45.8,False,,eliminated
P03123,Малика,Абилов,F,Жамбылская область,Восточный район,Школа №3,kk,full,62.4,False,,eliminated
P03124,Олжас,Абилов,M,Кызылординская область,Западный район,Школа №5,kk,single,43.6,False,,eliminated
P03125,Нурлан,Сатпаев,M,г. Алматы,Северный район,Школа №3,kk,full,52.9,False,,eliminated
P03126,София,Попова,F,г. Алматы,Центральный район,Школа №3,ru,full,66.1,True,75.6,finalist
P03127,Александр,Волков,M,Восточно-Казахстанская область,Западный район,Школа №4,ru,full,26.4,False,,eliminated
P03128,Балжан,Жумабеков,F,Восточно-Казахстанская область,Сельский район,Школа №2,kk,full,74.8,True,53.6,finalist
P03129,Наргиз,Алиев,F,г. Астана,Южный район,Школа №3,kk,full,56.1,False,,eliminated
P03130,Сауле,Темирбеков,F,Актюбинская область,Восточный район,Школа №5,kk,single,42.8,False,,eliminated
P03131,Арман,Маратов,M,Абайская область,Южный район,Школа №1,kk,full,53.7,False,,eliminated
P03132,Балжан,Кадыров,F,Жетысуская область,Центральный район,Школа №4,kk,full,54.4,False,,eliminated
P03133,Екатерина,Кузнецова,F,Туркестанская область,Западный район,Школа №3,ru,full,29.0,False,,eliminated
P03134,Анна,Петрова,F,Атырауская область,Северный район,Школа №5,ru,full,77.4,True,87.0,finalist
P03135,Жансая,Алиев,F,Северо-Казахстанская область,Сельский район,Школа №5,kk,full,55.6,False,,eliminated
P03136,Ксения,Петрова,F,Акмолинская область,Западный район,Школа №2,ru,full,61.6,False,,eliminated
P03137,Ксения,Соколова,F,Костанайская область,Центральный район,Школа №4,ru,single,63.3,False,,eliminated
P03138,Анна,Волкова,F,Жетысуская область,Южный район,Школа №4,ru,full,39.7,False,,eliminated
P03139,Жансая,Кадыров,F,Жетысуская область,Заречный район,Школа №1,kk,single,56.1,False,,eliminated
P03140,Темирлан,Сериков,M,Павлодарская область,Восточный район,Школа №4,kk,full,51.0,False,,eliminated
P03141,Андрей,Попов,M,Туркестанская область,Южный район,Школа №2,ru,single,61.7,False,,eliminated
P03142,Нурлан,Темирбеков,M,Улытауская область,Южный район,Школа №5,kk,single,17.1,False,,eliminated
P03143,Айгерим,Сатпаев,F,г. Шымкент,Центральный район,Школа №2,kk,full,53.5,False,,eliminated
P03144,Гульнара,Сатпаев,F,г. Шымкент,Южный район,Школа №4,kk,single,40.0,False,,eliminated
P03145,Айдана,Маратов,F,Костанайская область,Заречный район,Школа №5,kk,full,61.5,False,,eliminated
P03146,Малика,Абилов,F,Жетысуская область,Заречный район,Школа №2,kk,single,56.1,False,,eliminated
P03147,Михаил,Морозов,M,Улытауская область,Центральный район,Школа №3,ru,single,38.4,False,,eliminated
P03148,Арман,Темирбеков,M,Атырауская область,Южный район,Школа №2,kk,full,44.3,False,,eliminated
P03149,Артём,Морозов,M,Восточно-Казахстанская область,Сельский район,Школа №1,ru,full,53.3,False,,eliminated
P03150,Ержан,Абилов,M,Мангистауская область,Восточный район,Школа №5,kk,full,41.6,False,,eliminated
P03151,Айгерим,Маратов,F,Карагандинская область,Заречный район,Школа №1,kk,full,67.6,True,70.6,finalist
P03152,Гульнара,Нурланов,F,г. Шымкент,Южный район,Школа №1,kk,single,43.5,False,,eliminated
P03153,София,Новикова,F,Туркестанская область,Центральный район,Школа №1,ru,full,11.4,False,,eliminated
P03154,Андрей,Новиков,M,г. Шымкент,Северный район,Школа №3,ru,single,43.4,False,,eliminated
P03155,Аяна,Тулегенов,F,Алматинская область,Сельский район,Школа №5,kk,full,39.4,False,,eliminated
P03156,Бекжан,Сатпаев,M,Атырауская область,Северный район,Школа №5,kk,full,30.5,False,,eliminated
P03157,Динара,Абилов,F,Жамбылская область,Заречный район,Школа №4,kk,full,36.4,False,,eliminated
P03158,Санжар,Касенов,M,Северо-Казахстанская область, Восточный район ,Школа №3,kk,full,56.6,False,,eliminated
P03159,Алина,Кадыров,F,Жамбылская область,Центральный район,Школа №3,kk,full,74.9,True,70.2,finalist
P03160,Аружан,Касенов,F,Мангистауская область,Заречный район,Школа №2,kk,full,59.7,False,,eliminated
P03161,Балжан,Маратов,F,Карагандинская область,Заречный район,Школа №1,kk,full,45.9,False,,eliminated
P03162,Жаныбек,Темирбеков,M,Жетысуская область,Заречный район,Школа №3,kk,full,61.8,False,,eliminated
P03163,Елена,Лебедева,F,Северо-Казахстанская область,Заречный район,Школа №1,ru,full,48.1,False,,eliminated
P03164,Малика,Тулегенов,F,Улытауская область,Центральный район,Школа №2,kk,single,38.6,False,,eliminated
P03165,Алина,Темирбеков,F,Костанайская область,Центральный район,Школа №3,kk,full,37.7,False,,eliminated
P03166,Арман,Темирбеков,M,Алматинская область,Северный район,Школа №5,kk,full,28.7,False,,eliminated
P03167,Сауле,Маратов,F,Жамбылская область,Заречный район,Школа №4,kk,full,49.2,False,,eliminated
P03168,Гульнара,Нурланов,F,Абайская область,Северный район,Школа №1,kk,full,57.4,False,,eliminated
P03169,Мария,Волкова,F,Абайская область,Восточный район,Школа №5,ru,single,47.6,False,,eliminated
P03170,Аяна,Темирбеков,F,Акмолинская область,Центральный район,Школа №1,kk,full,48.8,False,,eliminated
P03171,Ольга,Иванова,F,Северо-Казахстанская область,Центральный район,Школа №3,ru,full,40.8,False,,eliminated
P03172,Сауле,Сатпаев,F,Костанайская область,Центральный район,Школа №4,kk,full,64.1,False,,eliminated
P03173,Никита,Петров,M,г. Шымкент,Южный район,Школа №3,ru,full,35.2,False,,eliminated
P03174,Наргиз,Алиев,F,г. Шымкент,Восточный район,Школа №4,kk,single,60.6,False,,eliminated
P03175,Наргиз,Сериков,F,Жетысуская область,Восточный район,Школа №1,kk,full,40.0,False,,eliminated
P03176,Аружан,Нурланов,F,Жетысуская область,Западный район,Школа №1,kk,full,43.7,False,,eliminated
P03177,Максим,Морозов,M,Жетысуская область,Центральный район,Школа №4,ru,full,33.0,False,,eliminated
P03178,Санжар,Абилов,M,Карагандинская область,Сельский район,Школа №2,kk,single,41.5,False,,eliminated
P03179,Дмитрий,Лебедев,M,Актюбинская область,Южный район,Школа №4,ru,single,63.6,False,,eliminated
P03180,Бауыржан,Темирбеков,M,Карагандинская область,Заречный район,Школа №4,kk,full,62.7,False,,eliminated
P03181,Алмат,Кадыров,M,Восточно-Казахстанская область,Южный район,Школа №1,kk,full,69.7,True,26.1,finalist
P03182,Екатерина,Лебедева,F,Западно-Казахстанская область, Восточный район ,Школа №3,ru,full,62.8,False,,eliminated
P03183,Кирилл,Волков,M,Улытауская область,Восточный район,Школа №2,ru,full,38.4,False,,eliminated
P03184,Анастасия,Иванова,F,Западно-Казахстанская область,Западный район,Школа №5,ru,single,44.0,False,,eliminated
P03185,Андрей,Попов,M,г. Астана,Северный район,Школа №2,ru,single,37.3,False,,eliminated
P03186,Анна,Смирнова,F,Туркестанская область,Центральный район,Школа №5,ru,full,75.0,True,49.1,finalist
P03187,Александр,Лебедев,M,Атырауская область,Западный район,Школа №5,ru,full,37.0,False,,eliminated
P03188,Рамазан,Сериков,M,Улытауская область, Северный район ,Школа №5,kk,full,68.4,True,72.6,finalist
P03189,Мария,Иванова,F,Туркестанская область,Южный район,Школа №5,ru,full,68.4,True,73.2,finalist
P03190,Елена,Волкова,F,Туркестанская область,Южный район,Школа №4,ru,full,82.4,True,76.4,finalist
P03191,Арман,Сериков,M,Туркестанская область,Центральный район,Школа №5,kk,single,42.9,False,,eliminated
P03192,Ксения,Морозова,F,Алматинская область,Западный район,Школа №1,ru,single,59.7,False,,eliminated
P03193,Алина,Абилов,F,Жамбылская область,Заречный район,Школа №3,kk,full,89.2,True,64.1,finalist
P03194,Владислав,Петров,M,Восточно-Казахстанская область,Западный район,Школа №3,ru,single,39.7,False,,eliminated
P03195,Нурлан,Сериков,M,Павлодарская область,Западный район,Школа №4,kk,full,32.0,False,,eliminated
P03196,Алина,Сатпаев,F,Жамбылская область,Западный район,Школа №5,kk,full,26.8,False,,eliminated
P03197,Сабина,Алиев,F,Акмолинская область,Центральный район,Школа №1,kk,full,65.7,False,,eliminated
P03198,Бауыржан,Касенов,M,Восточно-Казахстанская область,Центральный район,Школа №2,kk,full,26.8,False,,eliminated
P03199,Андрей,Новиков,M,г. Шымкент,Сельский район,Школа №3,ru,full,49.4,False,,eliminated
P03200,Эльмира,Темирбеков,F,Жетысуская область,Восточный район,Школа №5,kk,full,61.6,False,,eliminated
P03201,Ерасыл,Тулегенов,M,Жетысуская область,Южный район,Школа №2,kk,full,57.8,False,,eliminated
P03202,Алтынай,Алиев,F,Туркестанская область,Сельский район,Школа №2,kk,full,61.4,False,,eliminated
P03203,Иван,Петров,M,Северо-Казахстанская область,Сельский район,Школа №5,ru,single,52.3,False,,eliminated
P03204,Алихан,Касенов,M,Западно-Казахстанская область,Сельский район,Школа №4,kk,single,68.2,True,55.4,finalist
P03205,Аяна,Маратов,F,Жамбылская область,Восточный район,Школа №1,kk,full,40.7,False,,eliminated
P03206,Дамир,Кадыров,M,Западно-Казахстанская область,Центральный район,Школа №5,kk,full,44.8,False,,eliminated
P03207,Бауыржан,Темирбеков,M,г. Шымкент, Северный район ,Школа №4,kk,full,43.4,False,,eliminated
P03208,София,Иванова,F,г. Астана,Восточный район,Школа №3,ru,full,67.5,True,46.3,finalist
P03209,Аружан,Касенов,F,Западно-Казахстанская область,Заречный район,Школа №5,kk,full,68.5,True,52.1,finalist
P03210,Рамазан,Касенов,M,Жамбылская область,Южный район,Школа №1,kk,full,61.8,False,,eliminated
P03211,Балжан,Бекенов,F,г. Шымкент,Восточный район,Школа №4,kk,full,72.8,True,72.5,finalist
P03212,Рамазан,Касенов,M,Жетысуская область,Заречный район,Школа №1,kk,single,31.3,False,,eliminated
P03213,Аян,Касенов,M,Восточно-Казахстанская область,Заречный район,Школа №3,kk,full,80.0,True,55.6,finalist
P03214,Екатерина,Иванова,F,Павлодарская область,Заречный район,Школа №2,ru,single,71.8,True,53.3,finalist
P03215,Адильхан,Сериков,M,г. Алматы,Центральный район,Школа №3,kk,full,66.0,True,58.9,finalist
P03216,Михаил,Соколов,M,Атырауская область,Заречный район,Школа №1,ru,full,81.7,True,67.9,finalist
P03217,Иван,Иванов,M,г. Шымкент,Южный район,Школа №3,ru,single,24.2,False,,eliminated
P03218,Сабина,Нурланов,F,Актюбинская область,Южный район,Школа №3,kk,full,47.1,False,,eliminated
P03219,Дария,Абилов,F,Кызылординская область,Северный район,Школа №5,kk,single,38.0,False,,eliminated
P03220,Динара,Жумабеков,F,Атырауская область,Южный район,Школа №1,kk,full,65.8,False,,eliminated
P03221,Аяна,Нурланов,F,Актюбинская область,Заречный район,Школа №1,kk,full,39.2,False,,eliminated
P03222,Шынгыс,Жумабеков,M,Восточно-Казахстанская область,Заречный район,Школа №2,kk,full,66.4,True,76.6,finalist
P03223,Камила,Маратов,F,Мангистауская область,Восточный район,Школа №4,kk,full,75.6,True,71.5,finalist
P03224,Гульнара,Бекенов,F,г. Алматы,Восточный район,Школа №3,kk,full,65.4,False,,eliminated
P03225,Владислав,Волков,M,Абайская область,Сельский район,Школа №2,ru,single,53.3,False,,eliminated
P03226,Арман,Жумабеков,M,Абайская область,Восточный район,Школа №2,kk,full,40.2,False,,eliminated
P03227,Бауыржан,Жумабеков,M,Улытауская область,Западный район,Школа №2,kk,full,42.3,False,,eliminated
P03228,Санжар,Нурланов,M,Павлодарская область,Западный район,Школа №1,kk,full,73.7,True,91.2,finalist
P03229,Дария,Алиев,F,Карагандинская область,Северный район,Школа №2,kk,full,66.7,True,62.0,finalist
P03230,Динара,Кадыров,F,Абайская область,Восточный район,Школа №3,kk,single,48.4,False,,eliminated
P03231,Артём,Морозов,M,Улытауская область,Сельский район,Школа №3,ru,full,48.7,False,,eliminated
P03232,Анастасия,Кузнецова,F,г. Астана,Восточный район,Школа №5,ru,single,18.6,False,,eliminated
P03233,Ерасыл,Сатпаев,M,Алматинская область,Сельский район,Школа №4,kk,full,38.9,False,,eliminated
P03234,Темирлан,Тулегенов,M,Жамбылская область,Центральный район,Школа №5,kk,single,77.7,True,58.1,finalist
P03235,Санжар,Абилов,M,Жамбылская область,Южный район,Школа №5,kk,full,35.8,False,,eliminated
P03236,Малика,Нурланов,F,Северо-Казахстанская область,Западный район,Школа №5,kk,full,57.8,False,,eliminated
P03237,Максим,Иванов,M,Павлодарская область,Западный район,Школа №3,ru,full,70.1,True,76.0,finalist
P03238,Балжан,Тулегенов,F,Западно-Казахстанская область,Сельский район,Школа №4,kk,full,36.2,False,,eliminated
P03239,Кирилл,Лебедев,M,Костанайская область,Центральный район,Школа №1,ru,full,57.8,False,,eliminated
P03240,Анна,Лебедева,F,Туркестанская область,Заречный район,Школа №5,ru,single,63.1,False,,eliminated
P03241,Балжан,Кадыров,F,г. Шымкент,Заречный район,Школа №5,kk,full,55.2,False,,eliminated
P03242,Дмитрий,Попов,M,Абайская область,Заречный район,Школа №4,ru,full,98.0,True,64.9,finalist
P03243,Екатерина,Новикова,F,Костанайская область,Южный район,Школа №3,ru,single,24.0,False,,eliminated
P03244,Наргиз,Маратов,F,г. Алматы,Западный район,Школа №3,kk,single,64.9,False,,eliminated
P03245,Артём,Попов,M,Акмолинская область,Сельский район,Школа №2,ru,full,52.4,False,,eliminated
P03246,Мария,Смирнова,F,Мангистауская область,Сельский район,Школа №5,ru,single,60.6,False,,eliminated
P03247,Бекжан,Тулегенов,M,Карагандинская область,Западный район,Школа №4,kk,single,55.6,False,,eliminated
P03248,Екатерина,Попова,F,Улытауская область,Южный район,Школа №1,ru,full,44.0,False,,eliminated
P03249,Максим,Морозов,M,г. Астана,Восточный район,Школа №1,ru,single,52.4,False,,eliminated
P03250,Дария,Касенов,F,Улытауская область,Сельский район,Школа №4,kk,full,27.1,False,,eliminated
P03251,Анастасия,Кузнецова,F,Мангистауская область,Южный район,Школа №1,ru,single,58.0,False,,eliminated
P03252,Дария,Касенов,F,Карагандинская область,Северный район,Школа №3,kk,full,59.5,False,,eliminated
P03253,Гульнара,Бекенов,F,Алматинская область,Западный район,Школа №2,kk,full,64.6,False,,eliminated
P03254,Андрей,Новиков,M,Акмолинская область,Восточный район,Школа №1,ru,single,64.9,False,,eliminated
P03255,Максим,Новиков,M,Павлодарская область,Северный район,Школа №2,ru,full,60.5,False,,eliminated
P03256,Динара,Маратов,F,Акмолинская область,Западный район,Школа №5,kk,single,51.2,False,,eliminated
P03257,Елена,Новикова,F,Кызылординская область,Западный район,Школа №3,ru,full,41.8,False,,eliminated
P03258,Ксения,Смирнова,F,г. Астана,Южный район,Школа №4,ru,single,38.3,False,,eliminated
P03259,Анастасия,Кузнецова,F,Туркестанская область,Восточный район,Школа №5,ru,full,72.8,True,61.1,finalist
P03260,Александр,Новиков,M,Павлодарская область,Восточный район,Школа №3,ru,full,76.5,True,68.2,finalist
P03261,Алихан,Кадыров,M,Туркестанская область,Сельский район,Школа №2,kk,full,51.4,False,,eliminated
P03262,Анастасия,Волкова,F,Западно-Казахстанская область,Заречный район,Школа №4,ru,full,55.7,False,,eliminated
P03263,Бекжан,Маратов,M,Карагандинская область,Заречный район,Школа №2,kk,full,41.4,False,,eliminated
P03264,Малика,Кадыров,F,Жетысуская область,Южный район,Школа №2,kk,single,66.6,True,64.0,finalist
P03265,Айдар,Касенов,M,Абайская область,Сельский район,Школа №3,kk,full,65.0,False,,eliminated
P03266,Алина,Сериков,F,Акмолинская область,Заречный район,Школа №3,kk,full,84.1,True,62.7,finalist
P03267,Малика,Сериков,F,Актюбинская область,Западный район,Школа №5,kk,full,41.8,False,,eliminated
P03268,Динара,Сериков,F,Актюбинская область,Западный район,Школа №3,kk,full,49.3,False,,eliminated
P03269,Дана,Нурланов,F,Павлодарская область,Центральный район,Школа №3,kk,full,58.5,False,,eliminated
P03270,Нурлан,Тулегенов,M,Туркестанская область, Заречный район ,Школа №4,kk,single,58.7,False,,eliminated
P03271,Кирилл,Морозов,M,Атырауская область,Заречный район,Школа №3,ru,single,45.8,False,,eliminated
P03272,Шынгыс,Сатпаев,M,Кызылординская область,Центральный район,Школа №5,kk,full,41.9,False,,eliminated
P03273,Екатерина,Иванова,F,Восточно-Казахстанская область,Западный район,Школа №4,ru,full,68.2,True,58.6,finalist
P03274,Дамир,Абилов,M,Жетысуская область,Западный район,Школа №2,kk,single,59.8,False,,eliminated
P03275,Алихан,Бекенов,M,Актюбинская область,Западный район,Школа №1,kk,full,41.3,False,,eliminated
P03276,Владислав,Морозов,M,г. Астана,Сельский район,Школа №4,ru,single,69.3,True,69.5,finalist
P03277,Меруерт,Жумабеков,F,Карагандинская область,Сельский район,Школа №2,kk,full,72.6,True,94.5,finalist
P03278,Аян,Маратов,M,Жетысуская область,Сельский район,Школа №2,kk,single,51.0,False,,eliminated
P03279,Малика,Нурланов,F,Карагандинская область,Сельский район,Школа №4,kk,full,56.2,False,,eliminated
P03280,Иван,Петров,M,Улытауская область,Заречный район,Школа №2,ru,full,63.3,False,,eliminated
P03281,Нурлан,Кадыров,M,г. Алматы,Сельский район,Школа №2,kk,single,36.1,False,,eliminated
P03282,Ксения,Смирнова,F,Алматинская область,Восточный район,Школа №3,ru,full,55.5,False,,eliminated
P03283,Томирис,Тулегенов,F,Карагандинская область,Заречный район,Школа №1,kk,single,16.7,False,,eliminated
P03284,Камила,Кадыров,F,Кызылординская область,Сельский район,Школа №1,kk,full,68.1,True,29.7,finalist
P03285,Бауыржан,Тулегенов,M,Жамбылская область,Сельский район,Школа №2,kk,full,31.6,False,,eliminated
P03286,Сауле,Маратов,F,Акмолинская область,Заречный район,Школа №2,kk,single,71.6,True,76.3,finalist
P03287,Жаныбек,Бекенов,M,Западно-Казахстанская область,Северный район,Школа №2,kk,full,50.0,False,,eliminated
P03288,Иван,Волков,M,Северо-Казахстанская область,Заречный район,Школа №1,ru,single,45.8,False,,eliminated
P03289,Алина,Тулегенов,F,Костанайская область,Северный район,Школа №2,kk,full,45.6,False,,eliminated
P03290,Камила,Сериков,F,Жамбылская область,Северный район,Школа №3,kk,full,50.7,False,,eliminated
P03291,Ксения,Кузнецова,F,Акмолинская область,Северный район,Школа №3,ru,full,76.3,True,63.9,finalist
P03292,Алмат,Темирбеков,M,г. Шымкент,Заречный район,Школа №5,kk,full,17.7,False,,eliminated
P03293,Меруерт,Нурланов,F,Павлодарская область,Северный район,Школа №3,kk,full,74.2,True,74.7,finalist
P03294,Сауле,Маратов,F,Восточно-Казахстанская область,Западный район,Школа №2,kk,full,60.1,False,,eliminated
P03295,Елена,Попова,F,Атырауская область,Центральный район,Школа №1,ru,single,30.9,False,,eliminated
P03296,Анастасия,Лебедева,F,Алматинская область,Заречный район,Школа №4,ru,full,38.9,False,,eliminated
P03297,Санжар,Касенов,M,Атырауская область,Северный район,Школа №2,kk,single,74.1,True,88.7,finalist
P03298,Нурлан,Тулегенов,M,Атырауская область,Северный район,Школа №4,kk,full,40.8,False,,eliminated
P03299,Камила,Сатпаев,F,г. Астана,Сельский район,Школа №2,kk,full,37.7,False,,eliminated
P03300,Тимур,Маратов,M,Актюбинская область, Заречный район ,Школа №3,kk,full,72.1,True,77.4,finalist
P03301,Иван,Новиков,M,Атырауская область,Сельский район,Школа №4,ru,full,60.1,False,,eliminated
P03302,Айдар,Касенов,M,Северо-Казахстанская область,Сельский район,Школа №3,kk,full,40.9,False,,eliminated
P03303,Балжан,Тулегенов,F,Северо-Казахстанская область,Центральный район,Школа №3,kk,full,58.2,False,,eliminated
P03304,Александр,Попов,M,Улытауская область,Сельский район,Школа №2,ru,single,33.6,False,,eliminated
P03305,Камила,Темирбеков,F,Карагандинская область, Западный район ,Школа №2,kk,full,71.5,True,75.0,finalist
P03306,Данияр,Абилов,M,Западно-Казахстанская область,Восточный район,Школа №4,kk,full,70.9,True,74.6,finalist
P03307,Томирис,Темирбеков,F,Западно-Казахстанская область,Сельский район,Школа №5,kk,single,57.0,False,,eliminated
P03308,Камила,Маратов,F,Западно-Казахстанская область,Северный район,Школа №4,kk,full,60.4,False,,eliminated
P03309,Аружан,Бекенов,F,Улытауская область,Западный район,Школа №5,kk,single,75.4,True,57.3,finalist
P03310,Иван,Лебедев,M,г. Шымкент,Западный район,Школа №1,ru,full,55.0,False,,eliminated
P03311,Аружан,Алиев,F,г. Астана,Центральный район,Школа №1,kk,single,31.3,False,,eliminated
P03312,Айгерим,Жумабеков,F,Туркестанская область,Сельский район,Школа №4,kk,single,55.7,False,,eliminated
P03313,Адильхан,Бекенов,M,Улытауская область,Центральный район,Школа №1,kk,single,80.3,True,67.9,finalist
P03314,Полина,Волкова,F,Костанайская область,Заречный район,Школа №2,ru,single,33.8,False,,eliminated
P03315,Томирис,Маратов,F,Алматинская область,Южный район,Школа №5,kk,single,43.6,False,,eliminated
P03316,Меруерт,Алиев,F,г. Алматы,Северный район,Школа №1,kk,single,55.2,False,,eliminated
P03317,Айдар,Сатпаев,M,Костанайская область,Заречный район,Школа №4,kk,full,54.2,False,,eliminated
P03318,Сабина,Тулегенов,F,Мангистауская область,Сельский район,Школа №4,kk,single,34.3,False,,eliminated
P03319,Артём,Волков,M,Восточно-Казахстанская область,Южный район,Школа №5,ru,full,71.8,True,55.1,finalist
P03320,Аяна,Маратов,F,г. Алматы,Центральный район,Школа №1,kk,full,89.8,True,59.1,finalist
P03321,Айдар,Нурланов,M,Улытауская область,Западный район,Школа №5,kk,single,51.9,False,,eliminated
P03322,Ольга,Лебедева,F,Туркестанская область, Западный район ,Школа №4,ru,full,41.4,False,,eliminated
P03323,Дана,Маратов,F,Западно-Казахстанская область,Западный район,Школа №5,kk,full,31.8,False,,eliminated
P03324,Бауыржан,Сериков,M,Туркестанская область,Южный район,Школа №3,kk,full,58.9,False,,eliminated
P03325,Шынгыс,Абилов,M,Западно-Казахстанская область,Западный район,Школа №3,kk,full,71.6,True,65.8,finalist
P03326,Елена,Морозова,F,Мангистауская область,Заречный район,Школа №2,ru,full,62.1,False,,eliminated
P03327,Алмат,Сатпаев,M,г. Шымкент,Восточный район,Школа №3,kk,full,55.0,False,,eliminated
P03328,Динара,Сериков,F,Кызылординская область,Сельский район,Школа №3,kk,single,40.2,False,,eliminated
P03329,Эльмира,Нурланов,F,Жетысуская область, Заречный район ,Школа №1,kk,full,38.6,False,,eliminated
P03330,Артём,Иванов,M,Алматинская область,Восточный район,Школа №1,ru,full,67.5,True,63.5,finalist
P03331,Аружан,Алиев,F,Западно-Казахстанская область,Северный район,Школа №3,kk,single,62.7,False,,eliminated
P03332,Эльмира,Алиев,F,Туркестанская область,Восточный район,Школа №1,kk,full,31.8,False,,eliminated
P03333,Айдана,Сериков,F,Улытауская область,Центральный район,Школа №2,kk,full,78.8,True,66.8,finalist
P03334,Ерасыл,Бекенов,M,Северо-Казахстанская область,Заречный район,Школа №5,kk,full,63.6,False,,eliminated
P03335,Жансая,Кадыров,F,Западно-Казахстанская область,Южный район,Школа №1,kk,full,76.0,True,77.4,finalist
P03336,Анастасия,Волкова,F,Павлодарская область,Восточный район,Школа №4,ru,full,34.9,False,,eliminated
P03337,Ерасыл,Маратов,M,Жамбылская область,Восточный район,Школа №3,kk,full,34.5,False,,eliminated
P03338,Арман,Маратов,M,Улытауская область,Сельский район,Школа №4,kk,full,52.8,False,,eliminated
P03339,Полина,Попова,F,Акмолинская область,Северный район,Школа №3,ru,single,56.5,False,,eliminated
P03340,Екатерина,Морозова,F,Жетысуская область, Сельский район ,Школа №4,ru,full,81.9,True,62.9,finalist
P03341,Алина,Алиев,F,Мангистауская область,Северный район,Школа №2,kk,single,59.6,False,,eliminated
P03342,Санжар,Жумабеков,M,Карагандинская область,Заречный район,Школа №4,kk,full,51.4,False,,eliminated
P03343,Наргиз,Кадыров,F,Актюбинская область,Заречный район,Школа №5,kk,full,39.6,False,,eliminated
P03344,Алина,Абилов,F,Туркестанская область,Южный район,Школа №2,kk,full,73.5,True,49.0,finalist
P03345,Дария,Сатпаев,F,Восточно-Казахстанская область,Южный район,Школа №1,kk,full,40.5,False,,eliminated
P03346,Санжар,Касенов,M,Жетысуская область,Западный район,Школа №3,kk,full,79.4,True,69.0,finalist
P03347,Нурлан,Кадыров,M,Мангистауская область,Сельский район,Школа №1,kk,full,50.7,False,,eliminated
P03348,Шынгыс,Жумабеков,M,Жамбылская область,Заречный район,Школа №2,kk,single,72.9,True,68.8,finalist
P03349,Рамазан,Сериков,M,Костанайская область,Сельский район,Школа №5,kk,full,65.2,False,,eliminated
P03350,Тимур,Жумабеков,M,г. Шымкент,Сельский район,Школа №4,kk,full,52.9,False,,eliminated
P03351,Алтынай,Кадыров,F,Жамбылская область,Южный район,Школа №4,kk,full,47.2,False,,eliminated
P03352,Алмат,Кадыров,M,Западно-Казахстанская область,Восточный район,Школа №2,kk,single,43.9,False,,eliminated
P03353,Алина,Касенов,F,Западно-Казахстанская область,Заречный район,Школа №2,kk,full,61.4,False,,eliminated
P03354,Сабина,Кадыров,F,Мангистауская область,Южный район,Школа №3,kk,full,56.2,False,,eliminated
P03355,Дария,Сериков,F,Мангистауская область,Западный район,Школа №3,kk,full,46.1,False,,eliminated
P03356,Гульнара,Алиев,F,г. Алматы,Южный район,Школа №3,kk,full,52.5,False,,eliminated
P03357,София,Попова,F,Туркестанская область,Заречный район,Школа №4,ru,full,56.2,False,,eliminated
P03358,Мария,Иванова,F,Атырауская область,Сельский район,Школа №5,ru,single,17.1,False,,eliminated
P03359,Бауыржан,Нурланов,M,Восточно-Казахстанская область,Северный район,Школа №3,kk,full,61.9,False,,eliminated
P03360,Дамир,Нурланов,M,г. Астана,Восточный район,Школа №1,kk,full,40.3,False,,eliminated
P03361,Ольга,Кузнецова,F,Карагандинская область,Центральный район,Школа №3,ru,full,37.7,False,,eliminated
P03362,Балжан,Абилов,F,Карагандинская область,Южный район,Школа №4,kk,full,29.7,False,,eliminated
P03363,Жаныбек,Сериков,M,Абайская область,Центральный район,Школа №5,kk,full,28.1,False,,eliminated
P03364,Алтынай,Абилов,F,Акмолинская область,Восточный район,Школа №3,kk,full,34.7,False,,eliminated
P03365,Эльмира,Алиев,F,Улытауская область,Южный район,Школа №1,kk,full,44.4,False,,eliminated
P03366,Жансая,Сатпаев,F,Жетысуская область,Заречный район,Школа №5,kk,full,84.3,True,69.2,finalist
P03367,Бауыржан,Нурланов,M,Туркестанская область,Северный район,Школа №3,kk,single,41.1,False,,eliminated
P03368,Айдана,Абилов,F,Атырауская область,Северный район,Школа №2,kk,full,57.7,False,,eliminated
P03369,Ержан,Сериков,M,Жамбылская область, Западный район ,Школа №3,kk,full,61.0,False,,eliminated
P03370,Елена,Смирнова,F,Туркестанская область,Заречный район,Школа №5,ru,full,57.0,False,,eliminated
P03371,Владислав,Попов,M,Туркестанская область,Заречный район,Школа №5,ru,full,53.8,False,,eliminated
P03372,Елена,Морозова,F,Абайская область,Северный район,Школа №1,ru,full,37.1,False,,eliminated
P03373,Екатерина,Попова,F,Павлодарская область,Сельский район,Школа №2,ru,full,76.8,True,68.0,finalist
P03374,Ерасыл,Алиев,M,Павлодарская область,Северный район,Школа №4,kk,single,76.1,True,35.7,finalist
P03375,Анна,Смирнова,F,Улытауская область,Сельский район,Школа №4,ru,full,29.8,False,,eliminated
P03376,Аружан,Касенов,F,Атырауская область,Северный район,Школа №2,kk,full,39.6,False,,eliminated
P03377,Аяна,Нурланов,F,Актюбинская область,Центральный район,Школа №5,kk,full,50.8,False,,eliminated
P03378,София,Соколова,F,Мангистауская область,Сельский район,Школа №4,ru,single,34.5,False,,eliminated
P03379,Жансая,Маратов,F,Жамбылская область,Северный район,Школа №3,kk,full,62.6,False,,eliminated
P03380,Алтынай,Маратов,F,г. Алматы,Заречный район,Школа №3,kk,full,44.1,False,,eliminated
P03381,Санжар,Темирбеков,M,Костанайская область,Северный район,Школа №5,kk,single,81.5,True,66.2,finalist
P03382,Томирис,Бекенов,F,Северо-Казахстанская область,Сельский район,Школа №4,kk,full,72.9,True,68.7,finalist
P03383,Дана,Абилов,F,Актюбинская область,Южный район,Школа №2,kk,full,58.2,False,,eliminated
P03384,Сабина,Бекенов,F,Жамбылская область,Северный район,Школа №1,kk,single,64.4,False,,eliminated
P03385,Темирлан,Бекенов,M,Мангистауская область,Центральный район,Школа №5,kk,full,71.6,True,66.5,finalist
P03386,Ольга,Новикова,F,Акмолинская область,Заречный район,Школа №4,ru,full,46.5,False,,eliminated
P03387,Сауле,Бекенов,F,Северо-Казахстанская область,Восточный район,Школа №5,kk,full,42.8,False,,eliminated
P03388,Анна,Лебедева,F,Восточно-Казахстанская область,Центральный район,Школа №1,ru,full,56.2,False,,eliminated
P03389,Сауле,Темирбеков,F,Карагандинская область,Центральный район,Школа №5,kk,full,67.9,True,57.9,finalist
P03390,Артём,Лебедев,M,Карагандинская область,Заречный район,Школа №4,ru,full,57.1,False,,eliminated
P03391,Тимур,Сатпаев,M,Актюбинская область,Восточный район,Школа №2,kk,full,31.3,False,,eliminated
P03392,Дмитрий,Волков,M,Акмолинская область,Западный район,Школа №4,ru,full,43.0,False,,eliminated
P03393,Алмат,Маратов,M,г. Шымкент,Восточный район,Школа №1,kk,full,53.9,False,,eliminated
P03394,Томирис,Сериков,F,Жамбылская область,Восточный район,Школа №2,kk,full,53.9,False,,eliminated
P03395,Дамир,Алиев,M,Алматинская область,Южный район,Школа №1,kk,full,84.6,True,55.0,finalist
P03396,Аружан,Кадыров,F,Восточно-Казахстанская область,Восточный район,Школа №2,kk,full,34.2,False,,eliminated
P03397,Александр,Морозов,M,Улытауская область,Восточный район,Школа №3,ru,full,62.6,False,,eliminated
P03398,Никита,Кузнецов,M,Жамбылская область,Сельский район,Школа №5,ru,full,77.3,True,67.0,finalist
P03399,Эльмира,Касенов,F,Актюбинская область,Центральный район,Школа №4,kk,full,89.1,True,73.1,finalist
P03400,Ольга,Соколова,F,Костанайская область,Южный район,Школа №2,ru,single,42.9,False,,eliminated
P03401,Аяна,Маратов,F,Актюбинская область,Южный район,Школа №1,kk,full,62.4,False,,eliminated
P03402,Томирис,Кадыров,F,Кызылординская область,Западный район,Школа №5,kk,single,57.5,False,,eliminated
P03403,Гульнара,Кадыров,F,г. Шымкент,Восточный район,Школа №4,kk,full,57.9,False,,eliminated
P03404,Айдана,Кадыров,F,Павлодарская область,Западный район,Школа №1,kk,single,47.5,False,,eliminated
P03405,Жаныбек,Темирбеков,M,Костанайская область,Центральный район,Школа №3,kk,full,61.5,False,,eliminated
P03406,Темирлан,Сатпаев,M,Костанайская область,Северный район,Школа №4,kk,full,17.0,False,,eliminated
P03407,Жаныбек,Абилов,M,Северо-Казахстанская область,Сельский район,Школа №1,kk,full,65.2,False,,eliminated
P03408,Тимур,Маратов,M,Северо-Казахстанская область,Заречный район,Школа №2,kk,single,50.9,False,,eliminated
P03409,Гульнара,Темирбеков,F,Жетысуская область,Северный район,Школа №5,kk,single,45.7,False,,eliminated
P03410,Ольга,Попова,F,Туркестанская область,Южный район,Школа №3,ru,full,85.7,True,64.5,finalist
P03411,Темирлан,Темирбеков,M,г. Астана,Южный район,Школа №4,kk,single,38.9,False,,eliminated
P03412,Алихан,Кадыров,M,Мангистауская область,Центральный район,Школа №3,kk,full,49.0,False,,eliminated
P03413,Тимур,Кадыров,M,г. Астана,Заречный район,Школа №4,kk,full,84.9,True,52.3,finalist
P03414,Рамазан,Сатпаев,M,Туркестанская область,Восточный район,Школа №4,kk,full,42.5,False,,eliminated
P03415,Динара,Абилов,F,Атырауская область,Западный район,Школа №4,kk,full,46.7,False,,eliminated
P03416,Данияр,Тулегенов,M,Костанайская область,Южный район,Школа №1,kk,single,46.8,False,,eliminated
P03417,Дана,Касенов,F,Мангистауская область,Западный район,Школа №4,kk,full,67.6,True,64.2,finalist
P03418,Никита,Смирнов,M,Павлодарская область,Центральный район,Школа №2,ru,single,52.1,False,,eliminated
P03419,Эльмира,Абилов,F,Северо-Казахстанская область,Восточный район,Школа №3,kk,full,35.6,False,,eliminated
P03420,Томирис,Нурланов,F,Атырауская область,Восточный район,Школа №4,kk,full,47.0,False,,eliminated
P03421,Ольга,Петрова,F,Актюбинская область,Центральный район,Школа №2,ru,single,39.9,False,,eliminated
P03422,Нурлан,Алиев,M,Восточно-Казахстанская область,Заречный район,Школа №4,kk,full,53.8,False,,eliminated
P03423,Елена,Кузнецова,F,Восточно-Казахстанская область,Северный район,Школа №2,ru,full,61.4,False,,eliminated
P03424,Бекжан,Жумабеков,M,Западно-Казахстанская область, Восточный район ,Школа №4,kk,single,55.3,False,,eliminated
P03425,Мария,Волкова,F,Западно-Казахстанская область,Заречный район,Школа №1,ru,full,28.4,False,,eliminated
P03426,Ерасыл,Абилов,M,г. Алматы,Восточный район,Школа №2,kk,full,71.0,True,64.6,finalist
P03427,Бекжан,Абилов,M,Акмолинская область,Центральный район,Школа №3,kk,full,58.8,False,,eliminated
P03428,Дария,Тулегенов,F,Туркестанская область,Сельский район,Школа №2,kk,full,75.8,True,54.1,finalist
P03429,Сабина,Темирбеков,F,Западно-Казахстанская область,Северный район,Школа №3,kk,single,55.7,False,,eliminated
P03430,Гульнара,Абилов,F,Павлодарская область,Сельский район,Школа №2,kk,full,71.5,True,58.6,finalist
P03431,Малика,Тулегенов,F,Улытауская область,Заречный район,Школа №5,kk,full,62.0,False,,eliminated
P03432,Томирис,Алиев,F,Восточно-Казахстанская область,Центральный район,Школа №1,kk,single,69.2,True,64.1,finalist
P03433,Никита,Попов,M,г. Алматы,Восточный район,Школа №2,ru,single,56.8,False,,eliminated
P03434,Полина,Новикова,F,г. Астана,Западный район,Школа №2,ru,single,47.5,False,,eliminated
P03435,Алина,Жумабеков,F,Восточно-Казахстанская область,Сельский район,Школа №3,kk,single,83.1,True,61.5,finalist
P03436,Максим,Волков,M,Мангистауская область,Южный район,Школа №4,ru,full,68.3,True,66.8,finalist
P03437,Темирлан,Тулегенов,M,Абайская область, Восточный район ,Школа №3,kk,full,63.6,False,,eliminated
P03438,Данияр,Кадыров,M,Актюбинская область,Северный район,Школа №2,kk,full,35.9,False,,eliminated
P03439,Анастасия,Петрова,F,Туркестанская область,Южный район,Школа №3,ru,full,35.7,False,,eliminated
P03440,Арман,Касенов,M,Актюбинская область,Центральный район,Школа №3,kk,full,59.4,False,,eliminated
P03441,Адильхан,Сериков,M,Кызылординская область,Северный район,Школа №5,kk,full,57.2,False,,eliminated
P03442,Владислав,Лебедев,M,Акмолинская область,Восточный район,Школа №3,ru,full,45.8,False,,eliminated
P03443,Екатерина,Кузнецова,F,Абайская область,Западный район,Школа №5,ru,single,51.1,False,,eliminated
P03444,Темирлан,Бекенов,M,Мангистауская область,Западный район,Школа №1,kk,full,78.8,True,49.3,finalist
P03445,Ксения,Новикова,F,г. Шымкент,Северный район,Школа №4,ru,full,65.4,False,,eliminated
P03446,Иван,Морозов,M,Алматинская область,Западный район,Школа №1,ru,full,37.9,False,,eliminated
P03447,Нурлан,Абилов,M,г. Шымкент,Сельский район,Школа №2,kk,full,53.3,False,,eliminated
P03448,Арман,Темирбеков,M,Алматинская область,Сельский район,Школа №5,kk,single,36.9,False,,eliminated
P03449,Арман,Сатпаев,M,Северо-Казахстанская область, Сельский район ,Школа №3,kk,full,49.2,False,,eliminated
P03450,София,Попова,F,Улытауская область,Северный район,Школа №1,ru,full,48.8,False,,eliminated
P03451,Жансая,Кадыров,F,Алматинская область,Центральный район,Школа №2,kk,single,41.8,False,,eliminated
P03452,Эльмира,Алиев,F,Абайская область,Сельский район,Школа №4,kk,full,36.2,False,,eliminated
P03453,Елена,Смирнова,F,Карагандинская область,Западный район,Школа №2,ru,full,53.1,False,,eliminated
P03454,Шынгыс,Сериков,M,Улытауская область,Западный район,Школа №1,kk,full,46.6,False,,eliminated
P03455,Ольга,Новикова,F,Жетысуская область,Сельский район,Школа №4,ru,single,5.1,False,,eliminated
P03456,Дамир,Жумабеков,M,Жамбылская область,Заречный район,Школа №3,kk,single,79.8,True,73.8,finalist
P03457,Наргиз,Алиев,F,г. Шымкент,Сельский район,Школа №4,kk,full,71.3,True,77.1,finalist
P03458,Елена,Кузнецова,F,Улытауская область,Сельский район,Школа №1,ru,single,43.4,False,,eliminated
P03459,Гульнара,Жумабеков,F,г. Алматы, Заречный район ,Школа №3,kk,full,55.3,False,,eliminated
P03460,Александр,Иванов,M,Акмолинская область,Западный район,Школа №5,ru,full,37.4,False,,eliminated
P03461,Наргиз,Нурланов,F,Атырауская область,Южный район,Школа №4,kk,full,80.4,True,56.0,finalist
P03462,Дарья,Смирнова,F,Кызылординская область,Южный район,Школа №1,ru,full,83.5,True,39.1,finalist
P03463,Эльмира,Сериков,F,Западно-Казахстанская область,Сельский район,Школа №1,kk,single,51.4,False,,eliminated
P03464,Гульнара,Сериков,F,Алматинская область,Сельский район,Школа №2,kk,full,70.4,True,51.7,finalist
P03465,Динара,Нурланов,F,г. Астана, Сельский район ,Школа №1,kk,full,57.6,False,,eliminated
P03466,Эльмира,Бекенов,F,Жамбылская область,Южный район,Школа №3,kk,full,34.9,False,,eliminated
P03467,Темирлан,Касенов,M,Жетысуская область,Сельский район,Школа №3,kk,full,48.8,False,,eliminated
P03468,Ольга,Новикова,F,Актюбинская область,Южный район,Школа №5,ru,full,57.0,False,,eliminated
P03469,Аян,Маратов,M,Карагандинская область,Восточный район,Школа №2,kk,full,48.2,False,,eliminated
P03470,Артём,Волков,M,г. Астана,Центральный район,Школа №1,ru,full,51.7,False,,eliminated
P03471,Дария,Жумабеков,F,Атырауская область,Восточный район,Школа №2,kk,single,47.6,False,,eliminated
P03472,Айдана,Маратов,F,Карагандинская область,Северный район,Школа №1,kk,full,53.8,False,,eliminated
P03473,Айдана,Маратов,F,Павлодарская область,Восточный район,Школа №3,kk,single,49.8,False,,eliminated
P03474,Бекжан,Касенов,M,г. Астана,Восточный район,Школа №3,kk,full,39.1,False,,eliminated
P03475,Никита,Смирнов,M,Кызылординская область,Северный район,Школа №5,ru,full,44.2,False,,eliminated
P03476,Санжар,Сериков,M,Жетысуская область, Северный район ,Школа №4,kk,full,35.7,False,,eliminated
P03477,Бауыржан,Темирбеков,M,Восточно-Казахстанская область,Северный район,Школа №1,kk,single,63.7,False,,eliminated
P03478,Дмитрий,Иванов,M,г. Астана,Западный район,Школа №4,ru,full,23.4,False,,eliminated
P03479,Ерасыл,Сериков,M,Мангистауская область,Центральный район,Школа №2,kk,full,72.3,True,91.6,finalist
P03480,Алина,Кадыров,F,Кызылординская область,Южный район,Школа №4,kk,full,75.8,True,48.8,finalist
P03481,Анастасия,Соколова,F,Атырауская область,Северный район,Школа №3,ru,single,44.5,False,,eliminated
P03482,Тимур,Сатпаев,M,Восточно-Казахстанская область,Южный район,Школа №1,kk,full,16.0,False,,eliminated
P03483,Александр,Новиков,M,Улытауская область,Центральный район,Школа №2,ru,single,43.6,False,,eliminated
P03484,Анастасия,Попова,F,Жетысуская область,Заречный район,Школа №5,ru,single,48.0,False,,eliminated
P03485,София,Новикова,F,Алматинская область,Южный район,Школа №3,ru,full,39.8,False,,eliminated
P03486,Мария,Лебедева,F,Жетысуская область,Северный район,Школа №2,ru,single,41.3,False,,eliminated
P03487,Нурлан,Сериков,M,Павлодарская область,Северный район,Школа №1,kk,full,78.0,True,70.0,finalist
P03488,Мария,Кузнецова,F,Костанайская область, Северный район ,Школа №1,ru,full,65.0,False,,eliminated
P03489,Дария,Алиев,F,Акмолинская область,Южный район,Школа №4,kk,full,41.1,False,,eliminated
P03490,Никита,Новиков,M,Северо-Казахстанская область,Центральный район,Школа №2,ru,full,31.0,False,,eliminated
P03491,Михаил,Иванов,M,г. Астана,Центральный район,Школа №1,ru,single,44.1,False,,eliminated
P03492,Алтынай,Темирбеков,F,Жамбылская область,Западный район,Школа №5,kk,full,51.8,False,,eliminated
P03493,Балжан,Темирбеков,F,Западно-Казахстанская область,Сельский район,Школа №4,kk,full,62.4,False,,eliminated
P03494,Санжар,Сериков,M,Павлодарская область,Западный район,Школа №5,kk,single,41.0,False,,eliminated
P03495,Иван,Лебедев,M,г. Шымкент,Центральный район,Школа №1,ru,full,62.7,False,,eliminated
P03496,Михаил,Морозов,M,Восточно-Казахстанская область,Восточный район,Школа №5,ru,full,84.0,True,73.9,finalist
P03497,Рамазан,Алиев,M,Абайская область,Заречный район,Школа №5,kk,full,67.2,True,71.4,finalist
P03498,Ольга,Смирнова,F,Жамбылская область,Восточный район,Школа №4,ru,full,54.3,False,,eliminated
P03499,Адильхан,Тулегенов,M,Жетысуская область,Центральный район,Школа №5,kk,full,52.3,False,,eliminated
P03500,София,Волкова,F,Кызылординская область,Центральный район,Школа №3,ru,single,43.6,False,,eliminated
P03501,Меруерт,Сериков,F,Западно-Казахстанская область,Восточный район,Школа №5,kk,full,72.7,True,95.1,finalist
P03502,Нурлан,Абилов,M,Кызылординская область,Центральный район,Школа №3,kk,single,39.6,False,,eliminated
P03503,Дария,Кадыров,F,Павлодарская область,Центральный район,Школа №5,kk,single,49.7,False,,eliminated
P03504,Дария,Бекенов,F,Актюбинская область,Западный район,Школа №4,kk,full,55.8,False,,eliminated
P03505,Айдана,Алиев,F,Кызылординская область,Западный район,Школа №3,kk,full,47.5,False,,eliminated
P03506,Наргиз,Маратов,F,Туркестанская область,Восточный район,Школа №1,kk,full,34.4,False,,eliminated
P03507,Темирлан,Абилов,M,Алматинская область,Западный район,Школа №4,kk,full,59.8,False,,eliminated
P03508,Арман,Темирбеков,M,Алматинская область,Северный район,Школа №1,kk,full,54.1,False,,eliminated
P03509,Иван,Попов,M,Абайская область,Заречный район,Школа №3,ru,full,62.5,False,,eliminated
P03510,Айдана,Касенов,F,г. Астана,Западный район,Школа №2,kk,full,47.0,False,,eliminated
P03511,Гульнара,Тулегенов,F,Улытауская область,Восточный район,Школа №4,kk,full,73.3,True,65.0,finalist
P03512,Данияр,Бекенов,M,Улытауская область,Северный район,Школа №1,kk,full,41.8,False,,eliminated
P03513,Динара,Алиев,F,г. Шымкент,Южный район,Школа №2,kk,single,74.7,True,67.9,finalist
P03514,Елена,Петрова,F,Северо-Казахстанская область,Западный район,Школа №4,ru,full,28.8,False,,eliminated
P03515,Артём,Морозов,M,г. Шымкент,Восточный район,Школа №3,ru,full,61.5,False,,eliminated
P03516,Аружан,Кадыров,F,Атырауская область,Восточный район,Школа №4,kk,full,62.1,False,,eliminated
P03517,Арман,Бекенов,M,Карагандинская область,Центральный район,Школа №4,kk,full,43.1,False,,eliminated
P03518,Дарья,Попова,F,Актюбинская область,Заречный район,Школа №5,ru,single,55.4,False,,eliminated
P03519,Сабина,Касенов,F,Восточно-Казахстанская область,Сельский район,Школа №1,kk,full,74.2,True,57.4,finalist
P03520,Темирлан,Сериков,M,Восточно-Казахстанская область,Северный район,Школа №4,kk,full,21.7,False,,eliminated
P03521,Шынгыс,Темирбеков,M,г. Астана,Западный район,Школа №2,kk,full,62.5,False,,eliminated
P03522,Шынгыс,Кадыров,M,г. Алматы,Сельский район,Школа №3,kk,full,17.6,False,,eliminated
P03523,Дамир,Маратов,M,г. Алматы,Северный район,Школа №5,kk,single,34.5,False,,eliminated
P03524,Олжас,Бекенов,M,Северо-Казахстанская область,Центральный район,Школа №1,kk,full,79.4,True,52.8,finalist
P03525,Андрей,Морозов,M,Акмолинская область,Заречный район,Школа №4,ru,full,46.3,False,,eliminated
P03526,Анна,Волкова,F,Жетысуская область,Заречный район,Школа №1,ru,full,37.4,False,,eliminated
P03527,Алихан,Тулегенов,M,г. Астана,Сельский район,Школа №1,kk,single,46.0,False,,eliminated
P03528,Динара,Нурланов,F,г. Шымкент,Северный район,Школа №4,kk,full,86.0,True,67.5,finalist
P03529,Елена,Петрова,F,Акмолинская область,Северный район,Школа №3,ru,full,27.5,False,,eliminated
P03530,Алтынай,Тулегенов,F,Алматинская область, Южный район ,Школа №3,kk,single,33.2,False,,eliminated
P03531,Динара,Касенов,F,Алматинская область,Восточный район,Школа №1,kk,full,77.5,True,54.4,finalist
P03532,Нурлан,Темирбеков,M,г. Астана,Заречный район,Школа №1,kk,single,76.9,True,47.7,finalist
P03533,Дария,Касенов,F,Улытауская область,Восточный район,Школа №1,kk,full,53.4,False,,eliminated
P03534,Иван,Лебедев,M,Западно-Казахстанская область,Южный район,Школа №2,ru,full,36.4,False,,eliminated
P03535,Дана,Темирбеков,F,Северо-Казахстанская область,Заречный район,Школа №2,kk,full,86.4,True,80.2,finalist
P03536,Дана,Сатпаев,F,г. Астана,Западный район,Школа №5,kk,full,78.9,True,73.5,finalist
P03537,Эльмира,Сериков,F,Жетысуская область,Восточный район,Школа №5,kk,full,65.2,False,,eliminated
P03538,Данияр,Сериков,M,Абайская область,Сельский район,Школа №2,kk,full,42.8,False,,eliminated
P03539,Гульнара,Сериков,F,г. Алматы,Центральный район,Школа №4,kk,full,54.3,False,,eliminated
P03540,Айгерим,Тулегенов,F,г. Шымкент,Восточный район,Школа №3,kk,full,52.6,False,,eliminated
P03541,Жаныбек,Темирбеков,M,Мангистауская область, Южный район ,Школа №3,kk,full,60.0,False,,eliminated
P03542,Эльмира,Жумабеков,F,г. Алматы,Восточный район,Школа №5,kk,single,70.8,True,48.7,finalist
P03543,Сабина,Сериков,F,Северо-Казахстанская область,Центральный район,Школа №2,kk,full,68.2,True,56.8,finalist
P03544,Максим,Новиков,M,Абайская область,Сельский район,Школа №4,ru,single,32.8,False,,eliminated
P03545,Наргиз,Кадыров,F,г. Астана,Южный район,Школа №2,kk,single,69.6,True,65.7,finalist
P03546,Алтынай,Сериков,F,Актюбинская область,Восточный район,Школа №4,kk,single,53.7,False,,eliminated
P03547,Айгерим,Алиев,F,Актюбинская область,Южный район,Школа №1,kk,single,59.3,False,,eliminated
P03548,Томирис,Нурланов,F,Северо-Казахстанская область,Южный район,Школа №2,kk,full,77.0,True,79.1,finalist
P03549,Мария,Попова,F,Кызылординская область,Северный район,Школа №1,ru,full,38.3,False,,eliminated
P03550,Екатерина,Попова,F,Жетысуская область,Центральный район,Школа №1,ru,full,54.5,False,,eliminated
P03551,Аяна,Нурланов,F,Мангистауская область,Южный район,Школа №4,kk,single,41.0,False,,eliminated
P03552,Меруерт,Бекенов,F,Алматинская область,Восточный район,Школа №5,kk,single,25.5,False,,eliminated
P03553,Дарья,Соколова,F,Улытауская область,Восточный район,Школа №2,ru,single,54.2,False,,eliminated
P03554,Михаил,Попов,M,Улытауская область,Восточный район,Школа №2,ru,single,86.7,True,65.1,finalist
P03555,Жаныбек,Тулегенов,M,Северо-Казахстанская область,Заречный район,Школа №1,kk,single,21.4,False,,eliminated
P03556,Балжан,Сериков,F,Туркестанская область,Западный район,Школа №1,kk,full,54.5,False,,eliminated
P03557,Алмат,Абилов,M,Жетысуская область,Сельский район,Школа №5,kk,full,64.6,False,,eliminated
P03558,Аружан,Кадыров,F,Абайская область,Восточный район,Школа №5,kk,full,56.8,False,,eliminated
P03559,Дмитрий,Лебедев,M,Карагандинская область,Восточный район,Школа №5,ru,full,53.3,False,,eliminated
P03560,Дария,Касенов,F,Костанайская область,Южный район,Школа №2,kk,full,35.5,False,,eliminated
P03561,Максим,Петров,M,г. Алматы,Восточный район,Школа №5,ru,single,52.5,False,,eliminated
P03562,Айдар,Кадыров,M,Абайская область,Западный район,Школа №4,kk,single,37.6,False,,eliminated
P03563,Андрей,Иванов,M,Актюбинская область,Сельский район,Школа №1,ru,full,22.2,False,,eliminated
P03564,Сауле,Жумабеков,F,Западно-Казахстанская область,Сельский район,Школа №5,kk,full,72.9,True,67.5,finalist
P03565,Анастасия,Иванова,F,г. Алматы,Западный район,Школа №2,ru,full,69.4,True,36.7,finalist
P03566,Никита,Волков,M,Акмолинская область,Сельский район,Школа №5,ru,single,49.8,False,,eliminated
P03567,Бауыржан,Сериков,M,Акмолинская область,Южный район,Школа №5,kk,full,58.4,False,,eliminated
P03568,Ольга,Кузнецова,F,Павлодарская область,Сельский район,Школа №3,ru,single,65.1,False,,eliminated
P03569,Аружан,Алиев,F,Актюбинская область,Сельский район,Школа №5,kk,full,58.4,False,,eliminated
P03570,Алихан,Тулегенов,M,Мангистауская область,Сельский район,Школа №4,kk,full,68.6,True,44.3,finalist
P03571,Гульнара,Темирбеков,F,Атырауская область,Северный район,Школа №1,kk,full,50.5,False,,eliminated
P03572,Санжар,Бекенов,M,Костанайская область,Заречный район,Школа №1,kk,full,74.7,True,69.9,finalist
P03573,Бекжан,Алиев,M,Жетысуская область,Сельский район,Школа №1,kk,single,53.8,False,,eliminated
P03574,Ксения,Смирнова,F,г. Алматы,Северный район,Школа №4,ru,single,51.9,False,,eliminated
P03575,Эльмира,Бекенов,F,Северо-Казахстанская область,Западный район,Школа №5,kk,full,35.9,False,,eliminated
P03576,Аяна,Кадыров,F,Восточно-Казахстанская область,Западный район,Школа №3,kk,full,59.3,False,,eliminated
P03577,Гульнара,Маратов,F,Павлодарская область,Сельский район,Школа №5,kk,full,42.5,False,,eliminated
P03578,Андрей,Петров,M,Карагандинская область,Сельский район,Школа №2,ru,full,45.4,False,,eliminated
P03579,Санжар,Темирбеков,M,Костанайская область,Западный район,Школа №1,kk,single,36.8,False,,eliminated
P03580,Айдар,Касенов,M,Мангистауская область,Заречный район,Школа №4,kk,full,39.0,False,,eliminated
P03581,Жансая,Сатпаев,F,Алматинская область,Заречный район,Школа №3,kk,single,80.9,True,67.1,finalist
P03582,Алтынай,Нурланов,F,Восточно-Казахстанская область,Заречный район,Школа №4,kk,single,69.0,True,57.6,finalist
P03583,Санжар,Жумабеков,M,Актюбинская область,Западный район,Школа №2,kk,full,83.8,True,45.6,finalist
P03584,Тимур,Абилов,M,Северо-Казахстанская область,Сельский район,Школа №4,kk,single,30.7,False,,eliminated
P03585,Жансая,Абилов,F,г. Астана,Южный район,Школа №1,kk,full,56.1,False,,eliminated
P03586,Меруерт,Жумабеков,F,Актюбинская область,Центральный район,Школа №2,kk,single,29.6,False,,eliminated
P03587,Балжан,Маратов,F,Улытауская область,Восточный район,Школа №3,kk,full,44.6,False,,eliminated
P03588,Анна,Петрова,F,Восточно-Казахстанская область,Южный район,Школа №3,ru,single,35.2,False,,eliminated
P03589,Адильхан,Тулегенов,M,Акмолинская область,Южный район,Школа №2,kk,full,73.6,True,56.6,finalist
P03590,София,Смирнова,F,Западно-Казахстанская область,Заречный район,Школа №5,ru,full,49.1,False,,eliminated
P03591,Дарья,Петрова,F,Акмолинская область,Восточный район,Школа №5,ru,full,71.0,True,82.5,finalist
P03592,Бекжан,Маратов,M,Павлодарская область,Южный район,Школа №3,kk,full,64.1,False,,eliminated
P03593,Арман,Темирбеков,M,Актюбинская область,Западный район,Школа №1,kk,full,89.6,True,88.2,finalist
P03594,Алихан,Нурланов,M,Восточно-Казахстанская область,Восточный район,Школа №4,kk,single,26.8,False,,eliminated
P03595,Алихан,Алиев,M,г. Шымкент,Заречный район,Школа №3,kk,full,73.9,True,63.8,finalist
P03596,Жансая,Сериков,F,Акмолинская область,Западный район,Школа №3,kk,full,72.2,True,62.6,finalist
P03597,Дарья,Лебедева,F,Восточно-Казахстанская область,Северный район,Школа №1,ru,full,40.4,False,,eliminated
P03598,Арман,Бекенов,M,Костанайская область,Центральный район,Школа №5,kk,full,70.1,True,77.6,finalist
P03599,Дана,Касенов,F,Атырауская область,Сельский район,Школа №2,kk,single,54.0,False,,eliminated
P03600,Алмат,Нурланов,M,г. Астана,Северный район,Школа №5,kk,full,51.6,False,,eliminated
P03601,Мария,Кузнецова,F,Алматинская область,Восточный район,Школа №4,ru,full,42.6,False,,eliminated
P03602,Дария,Темирбеков,F,Жетысуская область,Северный район,Школа №3,kk,full,44.2,False,,eliminated
P03603,Айгерим,Нурланов,F,Алматинская область,Восточный район,Школа №5,kk,full,85.7,True,96.0,finalist
P03604,Данияр,Маратов,M,Костанайская область, Западный район ,Школа №3,kk,single,49.0,False,,eliminated
P03605,Арман,Сатпаев,M,Павлодарская область,Сельский район,Школа №5,kk,full,66.7,True,72.4,finalist
P03606,Ержан,Темирбеков,M,Костанайская область, Сельский район ,Школа №5,kk,single,37.1,False,,eliminated
P03607,Нурлан,Сериков,M,Жамбылская область,Центральный район,Школа №2,kk,single,37.3,False,,eliminated
P03608,Артём,Смирнов,M,г. Алматы,Центральный район,Школа №5,ru,full,71.2,True,86.0,finalist
P03609,Данияр,Бекенов,M,Кызылординская область,Южный район,Школа №3,kk,full,34.8,False,,eliminated
P03610,Владислав,Волков,M,Кызылординская область,Центральный район,Школа №1,ru,full,48.8,False,,eliminated
P03611,Ерасыл,Кадыров,M,Улытауская область,Заречный район,Школа №2,kk,full,55.5,False,,eliminated
P03612,Аяна,Нурланов,F,Акмолинская область,Северный район,Школа №4,kk,full,56.7,False,,eliminated
P03613,Анастасия,Соколова,F,Кызылординская область,Сельский район,Школа №5,ru,full,52.3,False,,eliminated
P03614,Сауле,Нурланов,F,Актюбинская область,Сельский район,Школа №3,kk,single,54.9,False,,eliminated
P03615,Бекжан,Кадыров,M,Костанайская область,Заречный район,Школа №3,kk,full,65.4,False,,eliminated
P03616,Ержан,Сатпаев,M,Павлодарская область,Восточный район,Школа №4,kk,full,66.0,True,53.3,finalist
P03617,Балжан,Абилов,F,г. Астана,Сельский район,Школа №1,kk,single,34.2,False,,eliminated
P03618,Аружан,Абилов,F,Западно-Казахстанская область,Южный район,Школа №1,kk,full,50.7,False,,eliminated
P03619,Ержан,Тулегенов,M,г. Астана,Восточный район,Школа №1,kk,single,66.9,True,73.3,finalist
P03620,Аян,Алиев,M,Алматинская область,Сельский район,Школа №4,kk,single,62.4,False,,eliminated
P03621,Айгерим,Тулегенов,F,Жамбылская область,Южный район,Школа №1,kk,full,34.4,False,,eliminated
P03622,Сабина,Сатпаев,F,г. Шымкент,Заречный район,Школа №4,kk,full,60.3,False,,eliminated
P03623,Екатерина,Волкова,F,г. Шымкент,Сельский район,Школа №5,ru,single,19.3,False,,eliminated
P03624,Алтынай,Касенов,F,Костанайская область,Заречный район,Школа №1,kk,single,49.7,False,,eliminated
P03625,Сабина,Касенов,F,Туркестанская область,Заречный район,Школа №5,kk,full,83.5,True,77.3,finalist
P03626,Жансая,Маратов,F,г. Алматы,Сельский район,Школа №4,kk,full,40.8,False,,eliminated
P03627,Дмитрий,Кузнецов,M,г. Астана,Восточный район,Школа №2,ru,full,42.5,False,,eliminated
P03628,Айгерим,Абилов,F,Жетысуская область,Восточный район,Школа №5,kk,full,66.5,True,76.5,finalist
P03629,Елена,Соколова,F,Костанайская область,Восточный район,Школа №3,ru,single,25.9,False,,eliminated
P03630,Айдар,Абилов,M,Мангистауская область,Западный район,Школа №2,kk,single,39.5,False,,eliminated
P03631,Ерасыл,Жумабеков,M,Жетысуская область,Южный район,Школа №3,kk,single,57.9,False,,eliminated
P03632,Дамир,Бекенов,M,Костанайская область,Западный район,Школа №5,kk,full,45.5,False,,eliminated
P03633,Томирис,Маратов,F,Акмолинская область,Восточный район,Школа №5,kk,single,45.5,False,,eliminated
P03634,Максим,Морозов,M,Жетысуская область,Заречный район,Школа №4,ru,full,66.2,True,78.8,finalist
P03635,Наргиз,Тулегенов,F,Карагандинская область,Сельский район,Школа №3,kk,full,61.3,False,,eliminated
P03636,Екатерина,Иванова,F,Северо-Казахстанская область,Заречный район,Школа №4,ru,full,59.0,False,,eliminated
P03637,Владислав,Попов,M,Абайская область,Заречный район,Школа №4,ru,full,49.9,False,,eliminated
P03638,Арман,Бекенов,M,Жамбылская область,Заречный район,Школа №3,kk,full,60.6,False,,eliminated
P03639,Тимур,Сатпаев,M,г. Шымкент,Южный район,Школа №5,kk,full,53.1,False,,eliminated
P03640,Екатерина,Петрова,F,Атырауская область,Сельский район,Школа №4,ru,full,61.9,False,,eliminated
P03641,Ерасыл,Сериков,M,Карагандинская область,Западный район,Школа №3,kk,full,47.5,False,,eliminated
P03642,Арман,Бекенов,M,Западно-Казахстанская область,Восточный район,Школа №3,kk,full,52.3,False,,eliminated
P03643,София,Кузнецова,F,Кызылординская область,Южный район,Школа №4,ru,single,34.2,False,,eliminated
P03644,Александр,Иванов,M,Павлодарская область,Центральный район,Школа №1,ru,full,54.5,False,,eliminated
P03645,Жансая,Сатпаев,F,Западно-Казахстанская область,Сельский район,Школа №4,kk,full,42.8,False,,eliminated
P03646,Бекжан,Касенов,M,г. Шымкент,Центральный район,Школа №2,kk,full,38.3,False,,eliminated
P03647,Мария,Попова,F,Абайская область,Восточный район,Школа №1,ru,single,52.9,False,,eliminated
P03648,Темирлан,Касенов,M,Жетысуская область,Заречный район,Школа №1,kk,full,58.2,False,,eliminated
P03649,Ержан,Бекенов,M,Абайская область,Южный район,Школа №3,kk,single,60.7,False,,eliminated
P03650,Арман,Нурланов,M,Жамбылская область,Заречный район,Школа №1,kk,full,48.5,False,,eliminated
P03651,Дария,Бекенов,F,Жетысуская область,Заречный район,Школа №4,kk,single,55.1,False,,eliminated
P03652,Александр,Соколов,M,Павлодарская область, Центральный район ,Школа №2,ru,full,63.3,False,,eliminated
P03653,Камила,Маратов,F,Атырауская область,Восточный район,Школа №5,kk,full,61.7,False,,eliminated
P03654,Айдана,Сатпаев,F,Северо-Казахстанская область,Южный район,Школа №1,kk,full,42.6,False,,eliminated
P03655,Нурлан,Касенов,M,Северо-Казахстанская область,Центральный район,Школа №1,kk,single,51.2,False,,eliminated
P03656,Айдана,Бекенов,F,г. Астана,Сельский район,Школа №3,kk,full,60.5,False,,eliminated
P03657,Аян,Сериков,M,Мангистауская область,Северный район,Школа №5,kk,full,55.1,False,,eliminated
P03658,Екатерина,Волкова,F,Актюбинская область,Заречный район,Школа №5,ru,single,17.7,False,,eliminated
P03659,Алтынай,Темирбеков,F,Костанайская область, Северный район ,Школа №1,kk,full,57.4,False,,eliminated
P03660,Айдана,Тулегенов,F,Атырауская область,Северный район,Школа №4,kk,full,88.2,True,66.5,finalist
P03661,Айдар,Кадыров,M,Карагандинская область,Западный район,Школа №4,kk,single,43.6,False,,eliminated
P03662,Аяна,Тулегенов,F,Атырауская область,Центральный район,Школа №2,kk,full,44.1,False,,eliminated
P03663,Анастасия,Петрова,F,Восточно-Казахстанская область,Восточный район,Школа №5,ru,full,60.6,False,,eliminated
P03664,Нурлан,Кадыров,M,Улытауская область,Западный район,Школа №3,kk,full,59.7,False,,eliminated
P03665,Адильхан,Касенов,M,Павлодарская область,Сельский район,Школа №4,kk,full,72.9,True,61.1,finalist
P03666,Ксения,Смирнова,F,Кызылординская область,Восточный район,Школа №5,ru,full,36.1,False,,eliminated
P03667,Темирлан,Жумабеков,M,Абайская область, Восточный район ,Школа №5,kk,full,66.0,True,53.2,finalist
P03668,Айдар,Нурланов,M,Актюбинская область,Северный район,Школа №5,kk,full,63.9,False,,eliminated
P03669,Михаил,Соколов,M,Атырауская область,Восточный район,Школа №5,ru,full,52.9,False,,eliminated
P03670,Камила,Касенов,F,Актюбинская область,Заречный район,Школа №4,kk,full,60.1,False,,eliminated
P03671,Бауыржан,Абилов,M,Актюбинская область,Заречный район,Школа №4,kk,full,70.4,True,78.5,finalist
P03672,Михаил,Морозов,M,Абайская область,Сельский район,Школа №4,ru,full,68.1,True,83.8,finalist
P03673,София,Попова,F,Актюбинская область,Северный район,Школа №5,ru,full,37.9,False,,eliminated
P03674,Дамир,Алиев,M,г. Алматы,Заречный район,Школа №3,kk,full,67.3,True,79.3,finalist
P03675,Александр,Петров,M,г. Астана,Западный район,Школа №5,ru,full,54.0,False,,eliminated
P03676,Олжас,Темирбеков,M,Алматинская область, Восточный район ,Школа №5,kk,single,50.1,False,,eliminated
P03677,Алтынай,Кадыров,F,Восточно-Казахстанская область,Центральный район,Школа №1,kk,single,50.1,False,,eliminated
P03678,Александр,Соколов,M,Жетысуская область,Северный район,Школа №5,ru,full,52.7,False,,eliminated
P03679,Меруерт,Маратов,F,Атырауская область,Заречный район,Школа №4,kk,full,72.9,True,70.1,finalist
P03680,Андрей,Иванов,M,г. Астана,Центральный район,Школа №4,ru,full,53.7,False,,eliminated
P03681,Ержан,Темирбеков,M,Восточно-Казахстанская область,Центральный район,Школа №2,kk,full,38.2,False,,eliminated
P03682,Бекжан,Маратов,M,г. Шымкент,Северный район,Школа №1,kk,single,43.1,False,,eliminated
P03683,Максим,Попов,M,г. Шымкент,Сельский район,Школа №3,ru,full,57.7,False,,eliminated
P03684,Ксения,Кузнецова,F,г. Шымкент,Восточный район,Школа №4,ru,single,67.4,True,75.0,finalist
P03685,Иван,Смирнов,M,Мангистауская область,Заречный район,Школа №5,ru,single,58.0,False,,eliminated
P03686,Айдар,Жумабеков,M,Актюбинская область,Восточный район,Школа №3,kk,single,36.2,False,,eliminated
P03687,Ержан,Сериков,M,Жамбылская область,Северный район,Школа №5,kk,single,86.3,True,51.5,finalist
P03688,Мария,Волкова,F,г. Шымкент,Восточный район,Школа №1,ru,single,53.0,False,,eliminated
P03689,Анастасия,Морозова,F,Костанайская область,Южный район,Школа №1,ru,single,68.1,True,89.4,finalist
P03690,Айдар,Кадыров,M,Улытауская область,Южный район,Школа №4,kk,full,52.7,False,,eliminated
P03691,Шынгыс,Темирбеков,M,Улытауская область,Центральный район,Школа №3,kk,full,63.0,False,,eliminated
P03692,Иван,Новиков,M,Западно-Казахстанская область,Южный район,Школа №5,ru,full,67.6,True,67.4,finalist
P03693,Дана,Кадыров,F,Жетысуская область,Южный район,Школа №4,kk,single,67.3,True,71.4,finalist
P03694,Андрей,Иванов,M,Улытауская область,Южный район,Школа №1,ru,single,64.9,False,,eliminated
P03695,Михаил,Волков,M,г. Алматы,Заречный район,Школа №3,ru,full,68.1,True,64.6,finalist
P03696,Жансая,Сатпаев,F,Павлодарская область,Центральный район,Школа №2,kk,full,50.3,False,,eliminated
P03697,Екатерина,Соколова,F,г. Алматы,Центральный район,Школа №1,ru,single,40.4,False,,eliminated
P03698,Дмитрий,Смирнов,M,Кызылординская область,Западный район,Школа №4,ru,full,60.0,False,,eliminated
P03699,Ерасыл,Жумабеков,M,г. Алматы,Сельский район,Школа №5,kk,full,69.0,True,63.8,finalist
P03700,Сауле,Сериков,F,г. Шымкент,Северный район,Школа №3,kk,full,51.7,False,,eliminated
P03701,Сауле,Жумабеков,F,Северо-Казахстанская область,Южный район,Школа №3,kk,full,71.0,True,84.1,finalist
P03702,Алмат,Абилов,M,г. Алматы,Южный район,Школа №2,kk,full,76.8,True,57.9,finalist
P03703,Рамазан,Кадыров,M,г. Алматы,Центральный район,Школа №3,kk,single,35.3,False,,eliminated
P03704,Мария,Новикова,F,Павлодарская область,Западный район,Школа №5,ru,full,42.4,False,,eliminated
P03705,Михаил,Новиков,M,Туркестанская область,Южный район,Школа №3,ru,full,52.9,False,,eliminated
P03706,Анна,Кузнецова,F,Западно-Казахстанская область,Центральный район,Школа №5,ru,single,53.6,False,,eliminated
P03707,Владислав,Лебедев,M,Абайская область,Заречный район,Школа №5,ru,full,47.1,False,,eliminated
P03708,Алина,Маратов,F,г. Астана,Северный район,Школа №2,kk,full,75.3,True,69.9,finalist
P03709,Дамир,Тулегенов,M,Карагандинская область,Сельский район,Школа №5,kk,full,61.4,False,,eliminated
P03710,Мария,Петрова,F,Актюбинская область,Южный район,Школа №4,ru,full,55.6,False,,eliminated
P03711,Александр,Новиков,M,Абайская область,Заречный район,Школа №5,ru,full,33.5,False,,eliminated
P03712,Бекжан,Сериков,M,Мангистауская область,Центральный район,Школа №2,kk,full,35.3,False,,eliminated
P03713,Айдана,Бекенов,F,Северо-Казахстанская область,Заречный район,Школа №4,kk,full,59.2,False,,eliminated
P03714,Данияр,Жумабеков,M,Северо-Казахстанская область,Сельский район,Школа №4,kk,full,23.0,False,,eliminated
P03715,Артём,Петров,M,Жамбылская область,Западный район,Школа №4,ru,full,70.2,True,78.3,finalist
P03716,Михаил,Иванов,M,Мангистауская область,Восточный район,Школа №3,ru,full,52.6,False,,eliminated
P03717,Камила,Нурланов,F,Жетысуская область,Южный район,Школа №3,kk,full,100.0,True,72.7,finalist
P03718,Сауле,Касенов,F,Улытауская область,Северный район,Школа №1,kk,single,83.6,True,66.8,finalist
P03719,Сауле,Нурланов,F,Павлодарская область,Западный район,Школа №3,kk,single,46.3,False,,eliminated
P03720,Эльмира,Тулегенов,F,Карагандинская область,Северный район,Школа №2,kk,single,47.4,False,,eliminated
P03721,Ольга,Иванова,F,Костанайская область,Северный район,Школа №1,ru,full,69.9,True,61.3,finalist
P03722,Эльмира,Тулегенов,F,г. Алматы,Сельский район,Школа №1,kk,single,74.5,True,67.3,finalist
P03723,Аяна,Темирбеков,F,Жамбылская область,Сельский район,Школа №4,kk,full,30.4,False,,eliminated
P03724,Меруерт,Маратов,F,Туркестанская область,Западный район,Школа №4,kk,single,22.2,False,,eliminated
P03725,Дарья,Новикова,F,Атырауская область,Западный район,Школа №4,ru,single,39.7,False,,eliminated
P03726,Сабина,Абилов,F,Северо-Казахстанская область,Западный район,Школа №3,kk,full,63.7,False,,eliminated
P03727,Кирилл,Смирнов,M,г. Алматы,Северный район,Школа №3,ru,full,62.5,False,,eliminated
P03728,Иван,Новиков,M,Жетысуская область,Южный район,Школа №2,ru,full,71.0,True,75.9,finalist
P03729,Ольга,Новикова,F,Акмолинская область,Центральный район,Школа №2,ru,full,37.0,False,,eliminated
P03730,Бауыржан,Темирбеков,M,Атырауская область,Сельский район,Школа №2,kk,full,20.3,False,,eliminated
P03731,Максим,Иванов,M,Карагандинская область,Заречный район,Школа №3,ru,full,67.9,True,59.6,finalist
P03732,Динара,Кадыров,F,Карагандинская область,Восточный район,Школа №2,kk,single,36.6,False,,eliminated
P03733,Ольга,Иванова,F,Карагандинская область,Центральный район,Школа №4,ru,single,18.7,False,,eliminated
P03734,Ксения,Волкова,F,Павлодарская область,Заречный район,Школа №3,ru,full,57.2,False,,eliminated
P03735,Камила,Кадыров,F,Мангистауская область, Западный район ,Школа №3,kk,full,66.9,True,46.2,finalist
P03736,Малика,Абилов,F,Жетысуская область,Северный район,Школа №2,kk,full,53.2,False,,eliminated
P03737,Дмитрий,Морозов,M,г. Шымкент,Южный район,Школа №4,ru,single,42.1,False,,eliminated
P03738,Нурлан,Алиев,M,Жетысуская область,Заречный район,Школа №3,kk,full,52.6,False,,eliminated
P03739,Дарья,Лебедева,F,Западно-Казахстанская область,Центральный район,Школа №1,ru,full,49.4,False,,eliminated
P03740,Алина,Алиев,F,Акмолинская область,Северный район,Школа №2,kk,full,34.8,False,,eliminated
P03741,Санжар,Абилов,M,Актюбинская область,Сельский район,Школа №2,kk,full,44.3,False,,eliminated
P03742,Шынгыс,Темирбеков,M,Костанайская область,Западный район,Школа №1,kk,full,62.8,False,,eliminated
P03743,Ксения,Кузнецова,F,Жамбылская область,Восточный район,Школа №2,ru,full,59.8,False,,eliminated
P03744,Олжас,Абилов,M,Восточно-Казахстанская область,Западный район,Школа №1,kk,single,51.5,False,,eliminated
P03745,Малика,Касенов,F,г. Шымкент,Южный район,Школа №5,kk,full,40.1,False,,eliminated
P03746,Иван,Волков,M,Костанайская область,Западный район,Школа №3,ru,full,52.3,False,,eliminated
P03747,Владислав,Лебедев,M,Атырауская область,Западный район,Школа №1,ru,full,22.3,False,,eliminated
P03748,Данияр,Сериков,M,г. Алматы,Северный район,Школа №2,kk,full,57.7,False,,eliminated
P03749,Иван,Смирнов,M,Акмолинская область,Восточный район,Школа №5,ru,full,76.4,True,41.5,finalist
P03750,Анна,Лебедева,F,Костанайская область,Центральный район,Школа №5,ru,full,32.9,False,,eliminated
P03751,Ержан,Абилов,M,Карагандинская область,Заречный район,Школа №2,kk,full,46.2,False,,eliminated
P03752,Артём,Новиков,M,Мангистауская область,Сельский район,Школа №3,ru,full,59.9,False,,eliminated
P03753,Михаил,Смирнов,M,Карагандинская область,Центральный район,Школа №3,ru,full,73.8,True,72.4,finalist
P03754,Андрей,Смирнов,M,Карагандинская область, Южный район ,Школа №2,ru,full,48.3,False,,eliminated
P03755,Дария,Касенов,F,Абайская область,Западный район,Школа №2,kk,single,38.6,False,,eliminated
P03756,Айдар,Кадыров,M,Восточно-Казахстанская область,Южный район,Школа №3,kk,full,25.5,False,,eliminated
P03757,Рамазан,Сатпаев,M,Западно-Казахстанская область,Центральный район,Школа №2,kk,single,50.6,False,,eliminated
P03758,Алихан,Тулегенов,M,г. Шымкент,Центральный район,Школа №1,kk,full,85.6,True,68.5,finalist
P03759,Владислав,Соколов,M,Улытауская область,Заречный район,Школа №1,ru,full,59.2,False,,eliminated
P03760,Мария,Смирнова,F,Северо-Казахстанская область,Восточный район,Школа №1,ru,full,54.7,False,,eliminated
P03761,Андрей,Петров,M,Атырауская область,Центральный район,Школа №5,ru,full,59.8,False,,eliminated
P03762,Алина,Бекенов,F,Акмолинская область,Центральный район,Школа №3,kk,full,54.8,False,,eliminated
P03763,Шынгыс,Темирбеков,M,г. Алматы,Западный район,Школа №1,kk,full,42.8,False,,eliminated
P03764,Жансая,Алиев,F,Жамбылская область,Центральный район,Школа №1,kk,full,67.3,True,71.9,finalist
P03765,Аружан,Сериков,F,Жамбылская область,Северный район,Школа №5,kk,single,52.4,False,,eliminated
P03766,Аружан,Бекенов,F,Павлодарская область,Сельский район,Школа №4,kk,full,55.3,False,,eliminated
P03767,Андрей,Новиков,M,Актюбинская область,Центральный район,Школа №2,ru,full,40.4,False,,eliminated
P03768,Алтынай,Тулегенов,F,Туркестанская область,Южный район,Школа №1,kk,full,74.6,True,67.2,finalist
P03769,Анастасия,Кузнецова,F,Западно-Казахстанская область,Сельский район,Школа №3,ru,full,65.0,False,,eliminated
P03770,Сабина,Абилов,F,Мангистауская область,Южный район,Школа №4,kk,full,46.7,False,,eliminated
P03771,Меруерт,Алиев,F,Жетысуская область,Центральный район,Школа №2,kk,full,70.0,True,60.5,finalist
P03772,Рамазан,Касенов,M,Улытауская область,Заречный район,Школа №1,kk,full,47.5,False,,eliminated
P03773,Анастасия,Кузнецова,F,г. Астана,Западный район,Школа №2,ru,full,43.3,False,,eliminated
P03774,Адильхан,Кадыров,M,г. Шымкент,Западный район,Школа №5,kk,single,37.6,False,,eliminated
P03775,Эльмира,Бекенов,F,Атырауская область,Сельский район,Школа №4,kk,full,28.4,False,,eliminated
P03776,Ксения,Морозова,F,Абайская область, Сельский район ,Школа №4,ru,single,56.1,False,,eliminated
P03777,Михаил,Лебедев,M,Жамбылская область,Северный район,Школа №3,ru,full,27.5,False,,eliminated
P03778,Иван,Морозов,M,Туркестанская область,Южный район,Школа №5,ru,full,36.6,False,,eliminated
P03779,Аяна,Бекенов,F,Северо-Казахстанская область,Южный район,Школа №1,kk,single,17.9,False,,eliminated
P03780,Динара,Тулегенов,F,Атырауская область,Заречный район,Школа №3,kk,single,47.7,False,,eliminated
P03781,Андрей,Кузнецов,M,г. Шымкент,Сельский район,Школа №5,ru,single,46.7,False,,eliminated
P03782,Елена,Морозова,F,Восточно-Казахстанская область,Сельский район,Школа №4,ru,full,50.1,False,,eliminated
P03783,Наргиз,Бекенов,F,Мангистауская область,Западный район,Школа №2,kk,full,39.4,False,,eliminated
P03784,Дамир,Маратов,M,Жетысуская область,Восточный район,Школа №3,kk,full,37.4,False,,eliminated
P03785,Дмитрий,Морозов,M,Павлодарская область,Заречный район,Школа №3,ru,full,62.0,False,,eliminated
P03786,Артём,Иванов,M,Мангистауская область,Северный район,Школа №3,ru,full,46.7,False,,eliminated
P03787,Жаныбек,Темирбеков,M,Алматинская область,Южный район,Школа №3,kk,full,59.7,False,,eliminated
P03788,Дмитрий,Соколов,M,Актюбинская область,Южный район,Школа №5,ru,full,41.7,False,,eliminated
P03789,Жаныбек,Сериков,M,Актюбинская область,Восточный район,Школа №1,kk,full,57.7,False,,eliminated
P03790,Бауыржан,Нурланов,M,Актюбинская область,Центральный район,Школа №2,kk,full,74.5,True,56.5,finalist
P03791,Ксения,Попова,F,Западно-Казахстанская область,Восточный район,Школа №3,ru,full,63.8,False,,eliminated
P03792,Кирилл,Морозов,M,Западно-Казахстанская область,Сельский район,Школа №2,ru,full,48.8,False,,eliminated
P03793,Адильхан,Бекенов,M,Карагандинская область,Сельский район,Школа №3,kk,full,58.9,False,,eliminated
P03794,Нурлан,Нурланов,M,Абайская область,Центральный район,Школа №1,kk,single,45.4,False,,eliminated
P03795,Артём,Смирнов,M,Туркестанская область,Сельский район,Школа №2,ru,single,49.1,False,,eliminated
P03796,Дамир,Касенов,M,Атырауская область,Заречный район,Школа №4,kk,single,44.1,False,,eliminated
P03797,Сабина,Бекенов,F,г. Алматы,Южный район,Школа №1,kk,single,46.5,False,,eliminated
P03798,Максим,Иванов,M,г. Астана,Северный район,Школа №5,ru,full,58.2,False,,eliminated
P03799,Иван,Иванов,M,г. Алматы,Центральный район,Школа №4,ru,single,34.1,False,,eliminated
P03800,Анастасия,Кузнецова,F,Западно-Казахстанская область,Сельский район,Школа №3,ru,full,39.8,False,,eliminated
P03801,Максим,Новиков,M,Акмолинская область,Центральный район,Школа №2,ru,single,28.2,False,,eliminated
P03802,Томирис,Кадыров,F,Алматинская область,Южный район,Школа №5,kk,single,25.0,False,,eliminated
P03803,Жаныбек,Нурланов,M,г. Астана,Южный район,Школа №1,kk,single,30.7,False,,eliminated
P03804,Жансая,Нурланов,F,Атырауская область,Восточный район,Школа №5,kk,full,57.4,False,,eliminated
P03805,Алихан,Касенов,M,Северо-Казахстанская область,Северный район,Школа №4,kk,full,41.6,False,,eliminated
P03806,Ксения,Волкова,F,Восточно-Казахстанская область,Северный район,Школа №1,ru,single,56.7,False,,eliminated
P03807,Аяна,Нурланов,F,Западно-Казахстанская область,Заречный район,Школа №4,kk,single,49.5,False,,eliminated
P03808,Анастасия,Иванова,F,Актюбинская область, Восточный район ,Школа №5,ru,single,19.5,False,,eliminated
P03809,Никита,Соколов,M,Костанайская область,Восточный район,Школа №1,ru,single,58.8,False,,eliminated
P03810,Никита,Соколов,M,г. Алматы,Южный район,Школа №3,ru,full,67.2,True,74.2,finalist
P03811,Гульнара,Кадыров,F,Кызылординская область,Сельский район,Школа №5,kk,full,40.1,False,,eliminated
P03812,Темирлан,Абилов,M,Кызылординская область,Сельский район,Школа №4,kk,full,61.3,False,,eliminated
P03813,Анастасия,Смирнова,F,Павлодарская область,Южный район,Школа №4,ru,single,36.2,False,,eliminated
P03814,Иван,Морозов,M,г. Алматы,Северный район,Школа №1,ru,single,50.5,False,,eliminated
P03815,Анастасия,Морозова,F,г. Шымкент,Южный район,Школа №1,ru,full,36.0,False,,eliminated
P03816,Малика,Сериков,F,Актюбинская область,Южный район,Школа №3,kk,full,28.1,False,,eliminated
P03817,Алтынай,Сатпаев,F,Улытауская область,Северный район,Школа №5,kk,full,49.3,False,,eliminated
P03818,Дария,Абилов,F,Жамбылская область,Заречный район,Школа №5,kk,single,47.1,False,,eliminated
P03819,Дарья,Кузнецова,F,Туркестанская область,Заречный район,Школа №3,ru,full,49.0,False,,eliminated
P03820,Ольга,Иванова,F,Акмолинская область,Восточный район,Школа №1,ru,full,37.2,False,,eliminated
P03821,Алмат,Алиев,M,Актюбинская область,Сельский район,Школа №5,kk,single,43.0,False,,eliminated
P03822,Аяна,Нурланов,F,Туркестанская область,Западный район,Школа №1,kk,full,59.0,False,,eliminated
P03823,Айгерим,Алиев,F,г. Алматы,Восточный район,Школа №2,kk,full,54.3,False,,eliminated
P03824,Ержан,Абилов,M,Актюбинская область,Восточный район,Школа №5,kk,full,57.7,False,,eliminated
P03825,Александр,Кузнецов,M,Туркестанская область,Центральный район,Школа №5,ru,single,38.9,False,,eliminated
P03826,Бекжан,Абилов,M,Улытауская область,Сельский район,Школа №5,kk,single,66.6,True,48.6,finalist
P03827,Кирилл,Волков,M,Жетысуская область,Северный район,Школа №1,ru,full,37.4,False,,eliminated
P03828,Дана,Тулегенов,F,Западно-Казахстанская область,Западный район,Школа №4,kk,full,62.3,False,,eliminated
P03829,Нурлан,Касенов,M,Восточно-Казахстанская область,Западный район,Школа №1,kk,single,66.7,True,71.2,finalist
P03830,Елена,Попова,F,Мангистауская область,Южный район,Школа №4,ru,full,62.2,False,,eliminated
P03831,Шынгыс,Тулегенов,M,Восточно-Казахстанская область,Западный район,Школа №5,kk,full,52.0,False,,eliminated
P03832,Айдар,Бекенов,M,Карагандинская область,Южный район,Школа №2,kk,full,47.1,False,,eliminated
P03833,Шынгыс,Бекенов,M,Акмолинская область,Северный район,Школа №4,kk,full,70.5,True,59.2,finalist
P03834,Жансая,Абилов,F,Жетысуская область, Северный район ,Школа №1,kk,single,27.7,False,,eliminated
P03835,Дмитрий,Иванов,M,Мангистауская область,Северный район,Школа №4,ru,full,40.4,False,,eliminated
P03836,Олжас,Нурланов,M,Туркестанская область,Южный район,Школа №3,kk,single,43.0,False,,eliminated
P03837,Никита,Волков,M,Абайская область,Центральный район,Школа №3,ru,single,67.6,True,58.4,finalist
P03838,Малика,Сатпаев,F,Жамбылская область,Северный район,Школа №4,kk,full,60.7,False,,eliminated
P03839,Сауле,Кадыров,F,Мангистауская область,Северный район,Школа №5,kk,full,40.5,False,,eliminated
P03840,Владислав,Новиков,M,Восточно-Казахстанская область,Северный район,Школа №5,ru,full,50.3,False,,eliminated
P03841,Максим,Иванов,M,Абайская область,Западный район,Школа №3,ru,full,45.8,False,,eliminated
P03842,Александр,Кузнецов,M,Северо-Казахстанская область,Центральный район,Школа №2,ru,full,44.4,False,,eliminated
P03843,Полина,Морозова,F,Жамбылская область,Западный район,Школа №4,ru,full,69.7,True,64.2,finalist
P03844,Наргиз,Тулегенов,F,Абайская область,Южный район,Школа №4,kk,full,34.4,False,,eliminated
P03845,Ксения,Петрова,F,Туркестанская область,Восточный район,Школа №4,ru,full,79.1,True,70.2,finalist
P03846,Мария,Соколова,F,Кызылординская область,Сельский район,Школа №3,ru,full,67.4,True,56.1,finalist
P03847,Жансая,Абилов,F,г. Алматы,Сельский район,Школа №5,kk,full,71.4,True,60.9,finalist
P03848,Бауыржан,Маратов,M,Атырауская область,Заречный район,Школа №2,kk,full,48.1,False,,eliminated
P03849,Сабина,Тулегенов,F,Кызылординская область,Западный район,Школа №2,kk,full,52.8,False,,eliminated
P03850,Томирис,Темирбеков,F,Жетысуская область,Западный район,Школа №5,kk,full,33.5,False,,eliminated
P03851,Екатерина,Кузнецова,F,Актюбинская область,Заречный район,Школа №2,ru,full,47.1,False,,eliminated
P03852,Томирис,Касенов,F,Павлодарская область,Южный район,Школа №1,kk,full,62.4,False,,eliminated
P03853,Айгерим,Нурланов,F,Павлодарская область,Восточный район,Школа №5,kk,full,74.4,True,45.0,finalist
P03854,Меруерт,Бекенов,F,Карагандинская область,Восточный район,Школа №1,kk,single,32.4,False,,eliminated
P03855,Сауле,Нурланов,F,Жетысуская область,Северный район,Школа №3,kk,single,43.5,False,,eliminated
P03856,Владислав,Морозов,M,Костанайская область,Северный район,Школа №4,ru,full,52.7,False,,eliminated
P03857,Тимур,Нурланов,M,Жетысуская область,Заречный район,Школа №2,kk,full,34.1,False,,eliminated
P03858,Эльмира,Жумабеков,F,г. Шымкент,Южный район,Школа №3,kk,full,63.9,False,,eliminated
P03859,Дария,Нурланов,F,Кызылординская область,Восточный район,Школа №3,kk,full,44.1,False,,eliminated
P03860,Бауыржан,Темирбеков,M,Акмолинская область,Северный район,Школа №1,kk,full,52.1,False,,eliminated
P03861,Максим,Кузнецов,M,Мангистауская область,Заречный район,Школа №2,ru,full,48.2,False,,eliminated
P03862,Владислав,Смирнов,M,Восточно-Казахстанская область,Заречный район,Школа №5,ru,full,43.2,False,,eliminated
P03863,Алина,Нурланов,F,Мангистауская область,Центральный район,Школа №5,kk,full,54.9,False,,eliminated
P03864,Сабина,Нурланов,F,Мангистауская область,Заречный район,Школа №1,kk,single,45.8,False,,eliminated
P03865,Артём,Лебедев,M,Карагандинская область,Южный район,Школа №4,ru,single,43.4,False,,eliminated
P03866,Балжан,Касенов,F,Туркестанская область,Западный район,Школа №3,kk,full,44.1,False,,eliminated
P03867,Нурлан,Темирбеков,M,г. Шымкент, Заречный район ,Школа №2,kk,full,59.8,False,,eliminated
P03868,Жансая,Касенов,F,г. Алматы, Центральный район ,Школа №3,kk,single,73.8,True,54.8,finalist
P03869,Мария,Лебедева,F,г. Астана,Сельский район,Школа №4,ru,single,51.1,False,,eliminated
P03870,Полина,Новикова,F,г. Алматы,Центральный район,Школа №3,ru,full,69.9,True,48.6,finalist
P03871,Динара,Нурланов,F,Павлодарская область,Южный район,Школа №1,kk,full,34.1,False,,eliminated
P03872,Дмитрий,Новиков,M,Северо-Казахстанская область,Центральный район,Школа №5,ru,full,57.4,False,,eliminated
P03873,Дана,Кадыров,F,Акмолинская область,Западный район,Школа №5,kk,full,38.5,False,,eliminated
P03874,Аян,Маратов,M,Костанайская область,Центральный район,Школа №1,kk,full,32.8,False,,eliminated
P03875,Камила,Жумабеков,F,Мангистауская область,Сельский район,Школа №2,kk,full,43.9,False,,eliminated
P03876,Владислав,Попов,M,Западно-Казахстанская область,Западный район,Школа №3,ru,full,72.9,True,61.0,finalist
P03877,Иван,Лебедев,M,Акмолинская область,Сельский район,Школа №4,ru,full,69.3,True,61.7,finalist
P03878,Динара,Жумабеков,F,Павлодарская область,Западный район,Школа №4,kk,full,58.6,False,,eliminated
P03879,Владислав,Новиков,M,Мангистауская область,Южный район,Школа №4,ru,full,32.0,False,,eliminated
P03880,Алина,Нурланов,F,Актюбинская область,Северный район,Школа №3,kk,full,52.1,False,,eliminated
P03881,Мария,Попова,F,Кызылординская область,Западный район,Школа №5,ru,single,53.5,False,,eliminated
P03882,Айдана,Темирбеков,F,Карагандинская область,Центральный район,Школа №5,kk,full,57.6,False,,eliminated
P03883,Темирлан,Нурланов,M,Мангистауская область,Центральный район,Школа №2,kk,full,27.3,False,,eliminated
P03884,Адильхан,Алиев,M,г. Астана,Южный район,Школа №4,kk,full,41.6,False,,eliminated
P03885,Айгерим,Сериков,F,Восточно-Казахстанская область,Сельский район,Школа №3,kk,single,48.0,False,,eliminated
P03886,Ержан,Тулегенов,M,Акмолинская область,Восточный район,Школа №1,kk,full,63.0,False,,eliminated
P03887,Анна,Кузнецова,F,Мангистауская область,Заречный район,Школа №3,ru,full,22.1,False,,eliminated
P03888,Алмат,Касенов,M,г. Астана,Северный район,Школа №5,kk,full,52.6,False,,eliminated
P03889,Рамазан,Сериков,M,Туркестанская область,Центральный район,Школа №3,kk,full,57.1,False,,eliminated
P03890,Артём,Морозов,M,Кызылординская область,Центральный район,Школа №1,ru,full,67.7,True,61.8,finalist
P03891,Владислав,Кузнецов,M,Атырауская область,Центральный район,Школа №3,ru,full,65.4,False,,eliminated
P03892,Тимур,Жумабеков,M,Акмолинская область,Заречный район,Школа №2,kk,full,63.7,False,,eliminated
P03893,Ольга,Новикова,F,Кызылординская область,Западный район,Школа №4,ru,full,43.0,False,,eliminated
P03894,Жаныбек,Нурланов,M,Алматинская область,Центральный район,Школа №2,kk,single,20.4,False,,eliminated
P03895,Анастасия,Кузнецова,F,Акмолинская область,Восточный район,Школа №3,ru,single,43.1,False,,eliminated
P03896,Алихан,Алиев,M,Алматинская область,Центральный район,Школа №1,kk,single,64.0,False,,eliminated
P03897,Алмат,Касенов,M,Атырауская область,Сельский район,Школа №2,kk,single,69.9,True,71.4,finalist
P03898,Гульнара,Бекенов,F,Акмолинская область,Северный район,Школа №5,kk,single,59.7,False,,eliminated
P03899,Аружан,Темирбеков,F,Павлодарская область,Сельский район,Школа №1,kk,single,55.4,False,,eliminated
P03900,Малика,Тулегенов,F,Улытауская область,Заречный район,Школа №1,kk,single,54.7,False,,eliminated
P03901,Анна,Волкова,F,Мангистауская область,Сельский район,Школа №3,ru,full,46.7,False,,eliminated
P03902,Арман,Темирбеков,M,Жамбылская область,Сельский район,Школа №5,kk,full,53.0,False,,eliminated
P03903,Полина,Иванова,F,Западно-Казахстанская область,Южный район,Школа №4,ru,single,74.0,True,53.3,finalist
P03904,София,Новикова,F,Алматинская область,Южный район,Школа №5,ru,single,34.9,False,,eliminated
P03905,Дамир,Жумабеков,M,г. Астана, Южный район ,Школа №4,kk,full,79.2,True,59.9,finalist
P03906,Ксения,Морозова,F,Акмолинская область,Восточный район,Школа №4,ru,full,50.2,False,,eliminated
P03907,Бекжан,Касенов,M,г. Шымкент,Заречный район,Школа №3,kk,full,74.9,True,73.8,finalist
P03908,Шынгыс,Жумабеков,M,Актюбинская область,Южный район,Школа №5,kk,full,33.9,False,,eliminated
P03909,Олжас,Нурланов,M,Восточно-Казахстанская область,Южный район,Школа №5,kk,full,63.8,False,,eliminated
P03910,Алихан,Сатпаев,M,Кызылординская область,Северный район,Школа №4,kk,single,37.9,False,,eliminated
P03911,Сабина,Касенов,F,Мангистауская область,Центральный район,Школа №3,kk,full,33.8,False,,eliminated
P03912,Тимур,Темирбеков,M,Атырауская область,Сельский район,Школа №4,kk,full,58.3,False,,eliminated
P03913,Анна,Петрова,F,Мангистауская область,Восточный район,Школа №5,ru,full,70.1,True,62.3,finalist
P03914,Шынгыс,Тулегенов,M,Атырауская область,Южный район,Школа №4,kk,single,36.3,False,,eliminated
P03915,Малика,Абилов,F,Акмолинская область,Центральный район,Школа №4,kk,full,32.5,False,,eliminated
P03916,Дария,Темирбеков,F,Восточно-Казахстанская область,Центральный район,Школа №4,kk,single,47.6,False,,eliminated
P03917,Артём,Попов,M,Атырауская область,Южный район,Школа №2,ru,full,53.7,False,,eliminated
P03918,Александр,Иванов,M,Улытауская область,Южный район,Школа №5,ru,single,57.2,False,,eliminated
P03919,Алихан,Абилов,M,Восточно-Казахстанская область,Центральный район,Школа №1,kk,full,69.2,True,44.4,finalist
P03920,Бекжан,Кадыров,M,Жамбылская область,Сельский район,Школа №1,kk,full,54.1,False,,eliminated
P03921,Ерасыл,Сатпаев,M,г. Шымкент,Северный район,Школа №2,kk,full,82.8,True,85.2,finalist
P03922,Андрей,Иванов,M,г. Шымкент,Центральный район,Школа №5,ru,full,58.4,False,,eliminated
P03923,Андрей,Соколов,M,Актюбинская область,Южный район,Школа №5,ru,single,43.8,False,,eliminated
P03924,Балжан,Касенов,F,Северо-Казахстанская область,Сельский район,Школа №5,kk,full,30.8,False,,eliminated
P03925,Аружан,Сериков,F,Алматинская область,Восточный район,Школа №2,kk,full,51.1,False,,eliminated
P03926,Тимур,Касенов,M,Улытауская область,Центральный район,Школа №1,kk,single,44.0,False,,eliminated
P03927,Аружан,Жумабеков,F,Восточно-Казахстанская область,Восточный район,Школа №4,kk,full,69.4,True,48.8,finalist
P03928,Екатерина,Попова,F,Кызылординская область,Западный район,Школа №3,ru,single,55.9,False,,eliminated
P03929,Мария,Кузнецова,F,Карагандинская область,Западный район,Школа №5,ru,full,37.3,False,,eliminated
P03930,Дарья,Попова,F,Карагандинская область,Южный район,Школа №2,ru,full,57.6,False,,eliminated
P03931,Олжас,Тулегенов,M,г. Алматы,Сельский район,Школа №1,kk,full,65.1,False,,eliminated
P03932,Жансая,Бекенов,F,г. Алматы,Заречный район,Школа №5,kk,single,71.9,True,67.1,finalist
P03933,Максим,Лебедев,M,Туркестанская область,Восточный район,Школа №4,ru,single,62.3,False,,eliminated
P03934,Наргиз,Жумабеков,F,Костанайская область,Заречный район,Школа №5,kk,full,66.4,True,53.2,finalist
P03935,Наргиз,Кадыров,F,Жамбылская область,Центральный район,Школа №2,kk,single,49.9,False,,eliminated
P03936,Бауыржан,Сериков,M,Кызылординская область,Сельский район,Школа №2,kk,full,60.8,False,,eliminated
P03937,Максим,Соколов,M,Актюбинская область,Южный район,Школа №3,ru,full,73.7,True,53.1,finalist
P03938,Камила,Сериков,F,Западно-Казахстанская область,Южный район,Школа №5,kk,single,29.0,False,,eliminated
P03939,Ксения,Новикова,F,Карагандинская область,Южный район,Школа №2,ru,full,49.8,False,,eliminated
P03940,Анна,Петрова,F,Кызылординская область,Северный район,Школа №2,ru,single,37.4,False,,eliminated
P03941,Дарья,Волкова,F,Павлодарская область,Сельский район,Школа №1,ru,full,60.7,False,,eliminated
P03942,Елена,Кузнецова,F,Карагандинская область,Южный район,Школа №4,ru,full,73.5,True,87.1,finalist
P03943,Полина,Лебедева,F,Актюбинская область,Заречный район,Школа №5,ru,full,46.0,False,,eliminated
P03944,Айдана,Маратов,F,Атырауская область,Центральный район,Школа №5,kk,full,19.1,False,,eliminated
P03945,Малика,Бекенов,F,Улытауская область,Северный район,Школа №3,kk,full,48.8,False,,eliminated
P03946,Владислав,Петров,M,Восточно-Казахстанская область,Северный район,Школа №5,ru,full,68.7,True,63.2,finalist
P03947,Ольга,Иванова,F,Карагандинская область,Восточный район,Школа №1,ru,single,57.1,False,,eliminated
P03948,Полина,Кузнецова,F,Мангистауская область,Западный район,Школа №4,ru,full,61.4,False,,eliminated
P03949,Меруерт,Темирбеков,F,Жетысуская область,Восточный район,Школа №3,kk,full,50.8,False,,eliminated
P03950,Кирилл,Смирнов,M,Восточно-Казахстанская область,Сельский район,Школа №2,ru,full,35.8,False,,eliminated
P03951,Полина,Смирнова,F,Алматинская область,Западный район,Школа №2,ru,single,56.7,False,,eliminated
P03952,Полина,Смирнова,F,Туркестанская область,Западный район,Школа №4,ru,full,42.5,False,,eliminated
P03953,Никита,Кузнецов,M,Жамбылская область, Сельский район ,Школа №3,ru,single,81.8,True,53.7,finalist
P03954,Нурлан,Сатпаев,M,Восточно-Казахстанская область,Заречный район,Школа №4,kk,full,63.6,False,,eliminated
P03955,Дана,Тулегенов,F,Кызылординская область,Северный район,Школа №2,kk,full,46.3,False,,eliminated
P03956,Динара,Тулегенов,F,Западно-Казахстанская область,Западный район,Школа №5,kk,full,45.8,False,,eliminated
P03957,Мария,Попова,F,Алматинская область,Северный район,Школа №2,ru,full,53.6,False,,eliminated
P03958,Ольга,Морозова,F,Актюбинская область,Восточный район,Школа №1,ru,full,51.4,False,,eliminated
P03959,Мария,Соколова,F,Улытауская область,Центральный район,Школа №4,ru,single,65.8,False,,eliminated
P03960,Полина,Попова,F,г. Астана,Южный район,Школа №5,ru,full,57.8,False,,eliminated
P03961,Алтынай,Бекенов,F,Павлодарская область,Северный район,Школа №4,kk,full,44.0,False,,eliminated
P03962,Меруерт,Нурланов,F,Улытауская область,Восточный район,Школа №3,kk,full,83.4,True,63.3,finalist
P03963,Алихан,Бекенов,M,Карагандинская область,Центральный район,Школа №5,kk,full,55.7,False,,eliminated
P03964,Михаил,Иванов,M,г. Алматы,Заречный район,Школа №3,ru,full,66.5,True,62.3,finalist
P03965,Екатерина,Кузнецова,F,г. Шымкент, Западный район ,Школа №4,ru,single,39.9,False,,eliminated
P03966,Александр,Петров,M,Актюбинская область,Центральный район,Школа №1,ru,full,60.4,False,,eliminated
P03967,Дария,Алиев,F,Жамбылская область,Восточный район,Школа №4,kk,full,59.7,False,,eliminated
P03968,Томирис,Сатпаев,F,Абайская область, Центральный район ,Школа №5,kk,single,20.7,False,,eliminated
P03969,Дмитрий,Новиков,M,г. Шымкент,Центральный район,Школа №5,ru,full,85.2,True,71.4,finalist
P03970,Максим,Кузнецов,M,Улытауская область,Заречный район,Школа №4,ru,full,74.4,True,82.9,finalist
P03971,Гульнара,Нурланов,F,Северо-Казахстанская область,Северный район,Школа №5,kk,full,49.0,False,,eliminated
P03972,Владислав,Новиков,M,Восточно-Казахстанская область,Восточный район,Школа №2,ru,full,38.5,False,,eliminated
P03973,Томирис,Абилов,F,Восточно-Казахстанская область,Южный район,Школа №5,kk,single,54.2,False,,eliminated
P03974,Иван,Попов,M,Северо-Казахстанская область,Западный район,Школа №4,ru,full,56.3,False,,eliminated
P03975,Дмитрий,Волков,M,Алматинская область,Сельский район,Школа №4,ru,full,60.3,False,,eliminated
P03976,Мария,Иванова,F,г. Астана,Восточный район,Школа №4,ru,full,57.9,False,,eliminated
P03977,Полина,Лебедева,F,Актюбинская область,Центральный район,Школа №5,ru,full,62.6,False,,eliminated
P03978,Жансая,Тулегенов,F,Мангистауская область,Восточный район,Школа №5,kk,full,76.7,True,64.4,finalist
P03979,Владислав,Лебедев,M,Западно-Казахстанская область,Южный район,Школа №1,ru,full,63.5,False,,eliminated
P03980,Рамазан,Касенов,M,Павлодарская область,Сельский район,Школа №3,kk,full,39.3,False,,eliminated
P03981,Ксения,Морозова,F,Северо-Казахстанская область,Заречный район,Школа №4,ru,full,75.4,True,61.3,finalist
P03982,Меруерт,Маратов,F,Актюбинская область,Южный район,Школа №2,kk,full,79.6,True,81.4,finalist
P03983,Ерасыл,Касенов,M,Акмолинская область,Заречный район,Школа №3,kk,full,100.0,True,63.8,finalist
P03984,Аян,Сатпаев,M,Абайская область,Западный район,Школа №5,kk,full,38.1,False,,eliminated
P03985,Шынгыс,Жумабеков,M,Костанайская область,Центральный район,Школа №3,kk,full,58.6,False,,eliminated
P03986,Наргиз,Тулегенов,F,Абайская область,Южный район,Школа №2,kk,full,23.8,False,,eliminated
P03987,София,Кузнецова,F,Восточно-Казахстанская область,Заречный район,Школа №2,ru,full,63.3,False,,eliminated
P03988,Михаил,Иванов,M,Западно-Казахстанская область,Сельский район,Школа №4,ru,full,46.8,False,,eliminated
P03989,Дмитрий,Петров,M,Кызылординская область,Центральный район,Школа №4,ru,full,83.9,True,83.3,finalist
P03990,Анастасия,Попова,F,Алматинская область,Центральный район,Школа №2,ru,full,43.4,False,,eliminated
P03991,Ольга,Волкова,F,Павлодарская область,Северный район,Школа №3,ru,single,23.7,False,,eliminated
P03992,Дамир,Маратов,M,Мангистауская область,Сельский район,Школа №1,kk,full,47.9,False,,eliminated
P03993,Ольга,Кузнецова,F,г. Астана,Западный район,Школа №1,ru,full,25.4,False,,eliminated
P03994,Тимур,Жумабеков,M,Актюбинская область,Центральный район,Школа №1,kk,full,66.3,True,43.2,finalist
P03995,Сауле,Сериков,F,г. Шымкент,Южный район,Школа №3,kk,single,18.0,False,,eliminated
P03996,Максим,Волков,M,Туркестанская область,Северный район,Школа №2,ru,single,49.4,False,,eliminated
P03997,Дамир,Бекенов,M,Костанайская область,Восточный район,Школа №3,kk,full,23.8,False,,eliminated
P03998,Балжан,Кадыров,F,Абайская область,Сельский район,Школа №2,kk,full,50.2,False,,eliminated
P03999,Жаныбек,Тулегенов,M,Туркестанская область,Южный район,Школа №4,kk,full,79.7,True,56.8,finalist
P04000,Михаил,Петров,M,Восточно-Казахстанская область,Западный район,Школа №4,ru,single,54.4,False,,eliminated
P04001,Аружан,Бекенов,F,Туркестанская область,Восточный район,Школа №5,kk,full,42.0,False,,eliminated
P04002,Алтынай,Маратов,F,Жамбылская область,Северный район,Школа №5,kk,full,54.5,False,,eliminated
P04003,Александр,Новиков,M,г. Астана,Центральный район,Школа №4,ru,single,49.3,False,,eliminated
P04004,Кирилл,Соколов,M,Акмолинская область,Восточный район,Школа №4,ru,full,62.1,False,,eliminated
P04005,Елена,Новикова,F,Улытауская область,Заречный район,Школа №2,ru,single,28.5,False,,eliminated
P04006,Ержан,Абилов,M,Жамбылская область,Восточный район,Школа №3,kk,full,63.9,False,,eliminated
P04007,Дария,Жумабеков,F,г. Шымкент,Северный район,Школа №5,kk,full,14.4,False,,eliminated
P04008,Олжас,Тулегенов,M,Улытауская область,Северный район,Школа №4,kk,single,39.6,False,,eliminated
P04009,Андрей,Лебедев,M,Туркестанская область,Заречный район,Школа №5,ru,full,47.7,False,,eliminated
P04010,Дамир,Темирбеков,M,г. Алматы,Западный район,Школа №3,kk,single,58.5,False,,eliminated
P04011,Аяна,Касенов,F,Акмолинская область,Восточный район,Школа №3,kk,full,55.3,False,,eliminated
P04012,Дарья,Лебедева,F,г. Шымкент,Западный район,Школа №1,ru,single,27.9,False,,eliminated
P04013,Александр,Смирнов,M,г. Шымкент,Западный район,Школа №4,ru,full,40.2,False,,eliminated
P04014,Артём,Кузнецов,M,Кызылординская область,Сельский район,Школа №3,ru,full,58.0,False,,eliminated
P04015,Олжас,Сатпаев,M,г. Астана,Центральный район,Школа №3,kk,single,47.8,False,,eliminated
P04016,Ольга,Кузнецова,F,Восточно-Казахстанская область,Центральный район,Школа №5,ru,full,46.3,False,,eliminated
P04017,Иван,Иванов,M,Абайская область,Южный район,Школа №1,ru,full,47.8,False,,eliminated
P04018,Мария,Морозова,F,Атырауская область,Сельский район,Школа №3,ru,full,65.4,False,,eliminated
P04019,Никита,Кузнецов,M,Акмолинская область,Южный район,Школа №3,ru,single,41.2,False,,eliminated
P04020,Олжас,Абилов,M,г. Шымкент,Восточный район,Школа №5,kk,single,47.7,False,,eliminated
P04021,Динара,Касенов,F,Костанайская область,Северный район,Школа №1,kk,full,87.5,True,67.3,finalist
P04022,Арман,Касенов,M,Жамбылская область,Сельский район,Школа №2,kk,full,33.6,False,,eliminated
P04023,Ержан,Сериков,M,Улытауская область,Южный район,Школа №3,kk,full,27.2,False,,eliminated
P04024,Санжар,Тулегенов,M,Актюбинская область,Южный район,Школа №5,kk,full,66.8,True,75.6,finalist
P04025,Тимур,Нурланов,M,г. Шымкент,Южный район,Школа №3,kk,single,38.8,False,,eliminated
P04026,Ерасыл,Темирбеков,M,Карагандинская область,Западный район,Школа №5,kk,single,44.2,False,,eliminated
P04027,Анастасия,Морозова,F,г. Астана,Северный район,Школа №3,ru,full,43.3,False,,eliminated
P04028,Ерасыл,Темирбеков,M,Северо-Казахстанская область,Сельский район,Школа №3,kk,full,51.1,False,,eliminated
P04029,Владислав,Попов,M,Костанайская область,Западный район,Школа №1,ru,full,79.0,True,68.5,finalist
P04030,Ольга,Новикова,F,Костанайская область,Южный район,Школа №4,ru,full,67.0,True,56.8,finalist
P04031,Томирис,Алиев,F,Кызылординская область,Южный район,Школа №1,kk,full,67.9,True,64.9,finalist
P04032,Дария,Маратов,F,г. Астана,Сельский район,Школа №4,kk,full,33.8,False,,eliminated
P04033,Айдана,Маратов,F,Карагандинская область,Сельский район,Школа №3,kk,full,37.7,False,,eliminated
P04034,Никита,Лебедев,M,Северо-Казахстанская область,Южный район,Школа №1,ru,full,12.4,False,,eliminated
P04035,Иван,Лебедев,M,Туркестанская область,Центральный район,Школа №3,ru,full,42.9,False,,eliminated
P04036,Аян,Абилов,M,Павлодарская область,Восточный район,Школа №1,kk,full,69.4,True,69.7,finalist
P04037,Арман,Абилов,M,Атырауская область,Заречный район,Школа №3,kk,full,62.8,False,,eliminated
P04038,Ержан,Сериков,M,Жамбылская область,Южный район,Школа №1,kk,full,51.7,False,,eliminated
P04039,Темирлан,Бекенов,M,Карагандинская область,Южный район,Школа №3,kk,single,48.7,False,,eliminated
P04040,Аян,Сериков,M,Павлодарская область,Западный район,Школа №2,kk,full,44.7,False,,eliminated
P04041,Ольга,Лебедева,F,Павлодарская область,Западный район,Школа №5,ru,full,58.1,False,,eliminated
P04042,Никита,Петров,M,Абайская область,Западный район,Школа №1,ru,full,66.5,True,68.5,finalist
P04043,Ерасыл,Касенов,M,Туркестанская область,Западный район,Школа №2,kk,full,30.8,False,,eliminated
P04044,Гульнара,Бекенов,F,Мангистауская область,Западный район,Школа №1,kk,single,53.5,False,,eliminated
P04045,Анна,Лебедева,F,Акмолинская область,Западный район,Школа №5,ru,single,63.0,False,,eliminated
P04046,Айгерим,Сериков,F,Акмолинская область,Южный район,Школа №5,kk,full,48.8,False,,eliminated
P04047,Бауыржан,Алиев,M,Акмолинская область,Северный район,Школа №1,kk,full,65.5,False,,eliminated
P04048,Екатерина,Кузнецова,F,г. Астана,Восточный район,Школа №5,ru,full,97.2,True,64.3,finalist
P04049,Екатерина,Морозова,F,г. Алматы,Заречный район,Школа №2,ru,single,47.4,False,,eliminated
P04050,Сауле,Сатпаев,F,Жамбылская область,Западный район,Школа №4,kk,full,60.9,False,,eliminated
P04051,Меруерт,Нурланов,F,Мангистауская область,Северный район,Школа №3,kk,single,37.9,False,,eliminated
P04052,Полина,Кузнецова,F,Карагандинская область,Западный район,Школа №2,ru,full,57.7,False,,eliminated
P04053,Дария,Абилов,F,Западно-Казахстанская область,Северный район,Школа №4,kk,full,61.9,False,,eliminated
P04054,Сауле,Бекенов,F,Восточно-Казахстанская область,Сельский район,Школа №4,kk,full,57.9,False,,eliminated
P04055,Иван,Морозов,M,Актюбинская область,Заречный район,Школа №4,ru,full,39.7,False,,eliminated
P04056,Томирис,Алиев,F,Карагандинская область,Восточный район,Школа №1,kk,full,58.1,False,,eliminated
P04057,Эльмира,Бекенов,F,г. Астана,Западный район,Школа №2,kk,full,76.9,True,62.8,finalist
P04058,Кирилл,Соколов,M,Атырауская область,Северный район,Школа №1,ru,single,55.7,False,,eliminated
P04059,София,Иванова,F,г. Алматы,Западный район,Школа №3,ru,single,63.4,False,,eliminated
P04060,Сабина,Сериков,F,Алматинская область,Заречный район,Школа №2,kk,single,45.4,False,,eliminated
P04061,Екатерина,Смирнова,F,Западно-Казахстанская область,Восточный район,Школа №2,ru,full,66.2,True,63.8,finalist
P04062,Бекжан,Абилов,M,г. Алматы,Сельский район,Школа №4,kk,full,59.2,False,,eliminated
P04063,Рамазан,Жумабеков,M,Улытауская область,Южный район,Школа №2,kk,full,40.7,False,,eliminated
P04064,Тимур,Нурланов,M,Костанайская область,Заречный район,Школа №4,kk,full,59.8,False,,eliminated
P04065,Ксения,Новикова,F,Улытауская область,Восточный район,Школа №1,ru,full,40.1,False,,eliminated
P04066,Арман,Нурланов,M,Туркестанская область,Заречный район,Школа №3,kk,single,39.5,False,,eliminated
P04067,Владислав,Смирнов,M,Северо-Казахстанская область,Центральный район,Школа №1,ru,full,57.8,False,,eliminated
P04068,Дамир,Жумабеков,M,Восточно-Казахстанская область,Центральный район,Школа №2,kk,full,59.5,False,,eliminated
P04069,Дана,Абилов,F,Алматинская область,Сельский район,Школа №1,kk,full,37.2,False,,eliminated
P04070,Тимур,Тулегенов,M,Кызылординская область,Заречный район,Школа №1,kk,single,64.8,False,,eliminated
P04071,Бекжан,Бекенов,M,Костанайская область,Сельский район,Школа №1,kk,full,63.6,False,,eliminated
P04072,Дарья,Смирнова,F,г. Астана,Западный район,Школа №4,ru,single,38.4,False,,eliminated
P04073,Артём,Новиков,M,г. Астана,Заречный район,Школа №3,ru,full,31.9,False,,eliminated
P04074,Жаныбек,Темирбеков,M,Улытауская область,Западный район,Школа №4,kk,full,52.8,False,,eliminated
P04075,Алихан,Тулегенов,M,Западно-Казахстанская область,Южный район,Школа №3,kk,full,48.3,False,,eliminated
P04076,Эльмира,Темирбеков,F,Костанайская область,Сельский район,Школа №1,kk,single,50.7,False,,eliminated
P04077,Алмат,Сериков,M,Карагандинская область,Северный район,Школа №5,kk,single,43.6,False,,eliminated
P04078,Александр,Новиков,M,Туркестанская область,Заречный район,Школа №3,ru,full,24.9,False,,eliminated
P04079,Шынгыс,Алиев,M,Атырауская область,Центральный район,Школа №5,kk,full,49.2,False,,eliminated
P04080,Максим,Петров,M,Карагандинская область,Восточный район,Школа №2,ru,full,50.4,False,,eliminated
P04081,Олжас,Жумабеков,M,Жетысуская область,Сельский район,Школа №4,kk,full,64.5,False,,eliminated
P04082,Артём,Кузнецов,M,Жамбылская область,Восточный район,Школа №4,ru,single,38.5,False,,eliminated
P04083,Арман,Жумабеков,M,Северо-Казахстанская область,Южный район,Школа №2,kk,full,80.2,True,63.3,finalist
P04084,Екатерина,Лебедева,F,Туркестанская область,Заречный район,Школа №4,ru,single,20.3,False,,eliminated
P04085,Ержан,Маратов,M,Павлодарская область,Западный район,Школа №4,kk,full,74.7,True,81.5,finalist
P04086,Андрей,Смирнов,M,Актюбинская область,Заречный район,Школа №4,ru,full,51.6,False,,eliminated
P04087,Аяна,Бекенов,F,Кызылординская область,Сельский район,Школа №5,kk,single,61.9,False,,eliminated
P04088,Анастасия,Попова,F,Западно-Казахстанская область,Западный район,Школа №5,ru,single,50.2,False,,eliminated
P04089,Мария,Попова,F,Туркестанская область,Сельский район,Школа №4,ru,full,72.1,True,63.4,finalist
P04090,Михаил,Кузнецов,M,Акмолинская область,Северный район,Школа №4,ru,full,49.2,False,,eliminated
P04091,Ерасыл,Касенов,M,Костанайская область,Заречный район,Школа №1,kk,full,38.5,False,,eliminated
P04092,Алихан,Кадыров,M,Карагандинская область,Западный район,Школа №3,kk,full,76.3,True,60.8,finalist
P04093,Камила,Кадыров,F,Жетысуская область,Северный район,Школа №2,kk,single,47.3,False,,eliminated
P04094,Ержан,Маратов,M,Карагандинская область,Северный район,Школа №1,kk,full,58.3,False,,eliminated
P04095,Анна,Лебедева,F,Западно-Казахстанская область,Северный район,Школа №4,ru,full,73.5,True,79.6,finalist
P04096,Меруерт,Темирбеков,F,Западно-Казахстанская область,Восточный район,Школа №2,kk,full,39.5,False,,eliminated
P04097,Сауле,Касенов,F,Жетысуская область,Сельский район,Школа №5,kk,single,57.9,False,,eliminated
P04098,Темирлан,Кадыров,M,Мангистауская область,Западный район,Школа №4,kk,full,46.2,False,,eliminated
P04099,Алмат,Абилов,M,Жетысуская область,Заречный район,Школа №2,kk,full,53.0,False,,eliminated
P04100,Ксения,Попова,F,г. Астана,Центральный район,Школа №5,ru,single,50.1,False,,eliminated
P04101,Андрей,Новиков,M,г. Астана,Северный район,Школа №4,ru,full,32.5,False,,eliminated
P04102,Дана,Маратов,F,Карагандинская область,Центральный район,Школа №3,kk,single,37.3,False,,eliminated
P04103,Ксения,Волкова,F,Жамбылская область,Сельский район,Школа №1,ru,full,75.3,True,73.8,finalist
P04104,Ксения,Иванова,F,г. Астана,Южный район,Школа №1,ru,full,68.3,True,81.5,finalist
P04105,Аружан,Касенов,F,Восточно-Казахстанская область,Восточный район,Школа №2,kk,full,54.1,False,,eliminated
P04106,Мария,Петрова,F,Алматинская область,Западный район,Школа №1,ru,single,52.6,False,,eliminated
P04107,Бекжан,Нурланов,M,Абайская область,Западный район,Школа №5,kk,full,50.6,False,,eliminated
P04108,Анна,Новикова,F,Акмолинская область,Центральный район,Школа №2,ru,full,75.3,True,70.4,finalist
P04109,Адильхан,Кадыров,M,Улытауская область,Восточный район,Школа №4,kk,single,46.0,False,,eliminated
P04110,Томирис,Абилов,F,Атырауская область,Заречный район,Школа №2,kk,single,52.5,False,,eliminated
P04111,Нурлан,Касенов,M,г. Шымкент,Восточный район,Школа №1,kk,single,66.2,True,87.2,finalist
P04112,Шынгыс,Кадыров,M,Мангистауская область,Заречный район,Школа №1,kk,single,37.3,False,,eliminated
P04113,Жансая,Сериков,F,Жамбылская область,Южный район,Школа №5,kk,single,72.4,True,77.7,finalist
P04114,Полина,Волкова,F,Восточно-Казахстанская область,Южный район,Школа №4,ru,full,32.0,False,,eliminated
P04115,Михаил,Лебедев,M,Туркестанская область,Северный район,Школа №1,ru,full,79.4,True,65.2,finalist
P04116,Наргиз,Жумабеков,F,Улытауская область,Восточный район,Школа №3,kk,full,49.4,False,,eliminated
P04117,Эльмира,Сатпаев,F,Костанайская область,Заречный район,Школа №2,kk,full,51.4,False,,eliminated
P04118,Тимур,Абилов,M,Алматинская область,Северный район,Школа №1,kk,single,20.6,False,,eliminated
P04119,Камила,Жумабеков,F,Павлодарская область,Заречный район,Школа №2,kk,full,48.2,False,,eliminated
P04120,Томирис,Нурланов,F,г. Астана,Западный район,Школа №3,kk,full,39.4,False,,eliminated
P04121,Бекжан,Тулегенов,M,Туркестанская область,Западный район,Школа №3,kk,full,45.9,False,,eliminated
P04122,Наргиз,Кадыров,F,Жетысуская область,Северный район,Школа №3,kk,full,52.9,False,,eliminated
P04123,Эльмира,Касенов,F,Западно-Казахстанская область,Сельский район,Школа №4,kk,full,69.4,True,73.2,finalist
P04124,Сауле,Алиев,F,Мангистауская область,Западный район,Школа №5,kk,full,58.1,False,,eliminated
P04125,Гульнара,Сатпаев,F,Восточно-Казахстанская область,Сельский район,Школа №5,kk,full,59.6,False,,eliminated
P04126,Нурлан,Кадыров,M,Абайская область,Сельский район,Школа №3,kk,full,38.6,False,,eliminated
P04127,Айдана,Кадыров,F,Костанайская область,Восточный район,Школа №4,kk,single,35.8,False,,eliminated
P04128,Меруерт,Жумабеков,F,Жамбылская область,Центральный район,Школа №3,kk,full,82.0,True,55.2,finalist
P04129,Гульнара,Тулегенов,F,Актюбинская область,Центральный район,Школа №4,kk,full,44.0,False,,eliminated
P04130,Меруерт,Алиев,F,Акмолинская область,Западный район,Школа №1,kk,single,73.8,True,76.9,finalist
P04131,Ержан,Абилов,M,Кызылординская область,Восточный район,Школа №5,kk,full,51.4,False,,eliminated
P04132,Темирлан,Нурланов,M,Северо-Казахстанская область,Центральный район,Школа №5,kk,full,55.0,False,,eliminated
P04133,Дамир,Бекенов,M,г. Астана,Заречный район,Школа №3,kk,single,65.1,False,,eliminated
P04134,Александр,Соколов,M,Атырауская область,Сельский район,Школа №5,ru,full,74.1,True,68.3,finalist
P04135,Томирис,Алиев,F,Алматинская область,Центральный район,Школа №5,kk,single,47.3,False,,eliminated
P04136,София,Лебедева,F,г. Шымкент,Западный район,Школа №2,ru,single,43.2,False,,eliminated
P04137,София,Кузнецова,F,Кызылординская область,Восточный район,Школа №3,ru,full,54.2,False,,eliminated
P04138,Алихан,Сериков,M,Актюбинская область,Южный район,Школа №1,kk,single,54.1,False,,eliminated
P04139,Айдар,Касенов,M,Актюбинская область,Сельский район,Школа №4,kk,full,68.4,True,57.7,finalist
P04140,Мария,Смирнова,F,Карагандинская область,Сельский район,Школа №3,ru,full,55.1,False,,eliminated
P04141,Аяна,Сериков,F,Жетысуская область,Южный район,Школа №4,kk,full,64.3,False,,eliminated
P04142,Гульнара,Сатпаев,F,Карагандинская область,Центральный район,Школа №1,kk,single,73.6,True,62.9,finalist
P04143,Дамир,Нурланов,M,Мангистауская область,Центральный район,Школа №5,kk,single,54.7,False,,eliminated
P04144,Айдана,Маратов,F,Акмолинская область,Восточный район,Школа №2,kk,single,53.7,False,,eliminated
P04145,Анастасия,Новикова,F,г. Астана,Сельский район,Школа №4,ru,full,32.2,False,,eliminated
P04146,Алихан,Маратов,M,Восточно-Казахстанская область,Центральный район,Школа №2,kk,full,15.5,False,,eliminated
P04147,Алихан,Нурланов,M,Улытауская область,Центральный район,Школа №3,kk,full,60.8,False,,eliminated
P04148,Динара,Жумабеков,F,Алматинская область,Северный район,Школа №2,kk,full,53.6,False,,eliminated
P04149,Артём,Морозов,M,Костанайская область,Западный район,Школа №1,ru,full,47.3,False,,eliminated
P04150,Иван,Морозов,M,Алматинская область,Восточный район,Школа №1,ru,full,58.7,False,,eliminated
P04151,Томирис,Темирбеков,F,Костанайская область,Северный район,Школа №3,kk,full,54.1,False,,eliminated
P04152,Андрей,Петров,M,Карагандинская область,Северный район,Школа №5,ru,full,71.9,True,67.8,finalist
P04153,Адильхан,Сериков,M,Жамбылская область,Сельский район,Школа №3,kk,full,56.3,False,,eliminated
P04154,Бауыржан,Сатпаев,M,Алматинская область,Южный район,Школа №4,kk,full,43.8,False,,eliminated
P04155,Аян,Маратов,M,Абайская область,Центральный район,Школа №1,kk,full,69.9,True,61.5,finalist
P04156,Дария,Маратов,F,Карагандинская область,Восточный район,Школа №5,kk,full,51.7,False,,eliminated
P04157,Эльмира,Жумабеков,F,г. Алматы,Центральный район,Школа №2,kk,full,62.9,False,,eliminated
P04158,Гульнара,Касенов,F,Мангистауская область,Восточный район,Школа №3,kk,single,41.8,False,,eliminated
P04159,Елена,Соколова,F,г. Астана,Центральный район,Школа №3,ru,full,45.3,False,,eliminated
P04160,Адильхан,Сериков,M,Алматинская область,Северный район,Школа №3,kk,single,50.3,False,,eliminated
P04161,Темирлан,Алиев,M,Жетысуская область,Южный район,Школа №3,kk,single,49.2,False,,eliminated
P04162,Дарья,Соколова,F,Мангистауская область,Северный район,Школа №4,ru,single,56.2,False,,eliminated
P04163,Дарья,Иванова,F,Атырауская область,Южный район,Школа №3,ru,full,51.0,False,,eliminated
P04164,Айдана,Абилов,F,Туркестанская область, Восточный район ,Школа №2,kk,full,27.5,False,,eliminated
P04165,София,Морозова,F,Туркестанская область,Заречный район,Школа №4,ru,single,42.5,False,,eliminated
P04166,Сауле,Маратов,F,Туркестанская область,Восточный район,Школа №1,kk,full,66.9,True,64.2,finalist
P04167,Дария,Маратов,F,Акмолинская область,Центральный район,Школа №2,kk,full,50.5,False,,eliminated
P04168,Алина,Темирбеков,F,г. Шымкент,Заречный район,Школа №2,kk,full,51.3,False,,eliminated
P04169,Иван,Соколов,M,Восточно-Казахстанская область,Восточный район,Школа №1,ru,full,69.8,True,68.3,finalist
P04170,София,Кузнецова,F,г. Астана,Северный район,Школа №4,ru,single,38.3,False,,eliminated
P04171,Екатерина,Волкова,F,г. Алматы,Южный район,Школа №2,ru,full,31.9,False,,eliminated
P04172,Санжар,Сатпаев,M,Жамбылская область,Восточный район,Школа №2,kk,single,46.6,False,,eliminated
P04173,Михаил,Иванов,M,Туркестанская область,Заречный район,Школа №3,ru,full,47.7,False,,eliminated
P04174,Меруерт,Касенов,F,Жетысуская область,Центральный район,Школа №5,kk,full,40.5,False,,eliminated
P04175,Кирилл,Волков,M,г. Астана,Северный район,Школа №2,ru,full,52.4,False,,eliminated
P04176,Айдар,Кадыров,M,Абайская область,Сельский район,Школа №1,kk,full,62.4,False,,eliminated
P04177,Михаил,Соколов,M,г. Астана,Южный район,Школа №5,ru,full,54.9,False,,eliminated
P04178,Жансая,Абилов,F,Мангистауская область,Западный район,Школа №4,kk,full,59.6,False,,eliminated
P04179,Адильхан,Кадыров,M,г. Астана,Южный район,Школа №3,kk,full,82.2,True,52.7,finalist
P04180,Аяна,Алиев,F,Кызылординская область,Западный район,Школа №1,kk,full,49.9,False,,eliminated
P04181,Айдана,Маратов,F,Костанайская область,Западный район,Школа №3,kk,full,59.2,False,,eliminated
P04182,Иван,Петров,M,Алматинская область,Центральный район,Школа №4,ru,full,47.4,False,,eliminated
P04183,Нурлан,Бекенов,M,Мангистауская область,Сельский район,Школа №5,kk,full,42.3,False,,eliminated
P04184,Елена,Петрова,F,Туркестанская область,Северный район,Школа №2,ru,full,46.2,False,,eliminated
P04185,Рамазан,Тулегенов,M,Северо-Казахстанская область,Сельский район,Школа №1,kk,single,41.8,False,,eliminated
P04186,Артём,Кузнецов,M,г. Алматы,Центральный район,Школа №1,ru,full,60.4,False,,eliminated
P04187,София,Волкова,F,Жетысуская область,Южный район,Школа №3,ru,full,90.2,True,44.5,finalist
P04188,Ксения,Смирнова,F,Алматинская область,Центральный район,Школа №4,ru,single,38.3,False,,eliminated
P04189,Наргиз,Бекенов,F,Актюбинская область,Центральный район,Школа №2,kk,full,48.8,False,,eliminated
P04190,Полина,Морозова,F,Мангистауская область,Северный район,Школа №1,ru,single,48.1,False,,eliminated
P04191,Томирис,Жумабеков,F,Абайская область,Центральный район,Школа №5,kk,full,60.9,False,,eliminated
P04192,Малика,Жумабеков,F,г. Алматы,Южный район,Школа №1,kk,single,53.0,False,,eliminated
P04193,Данияр,Сериков,M,Западно-Казахстанская область,Центральный район,Школа №4,kk,full,74.3,True,72.4,finalist
P04194,Анна,Лебедева,F,г. Алматы,Восточный район,Школа №2,ru,full,18.6,False,,eliminated
P04195,Тимур,Абилов,M,Абайская область,Северный район,Школа №1,kk,full,19.2,False,,eliminated
P04196,Елена,Кузнецова,F,Жамбылская область,Южный район,Школа №1,ru,full,47.6,False,,eliminated
P04197,Александр,Соколов,M,Мангистауская область,Центральный район,Школа №3,ru,full,71.5,True,83.4,finalist
P04198,Ерасыл,Маратов,M,Северо-Казахстанская область,Западный район,Школа №1,kk,single,25.5,False,,eliminated
P04199,Дарья,Кузнецова,F,г. Шымкент,Южный район,Школа №4,ru,full,9.9,False,,eliminated
P04200,Алихан,Маратов,M,Улытауская область,Сельский район,Школа №5,kk,single,57.6,False,,eliminated
P04201,Ольга,Новикова,F,Павлодарская область,Восточный район,Школа №3,ru,single,52.7,False,,eliminated
P04202,Алихан,Алиев,M,Жамбылская область,Западный район,Школа №5,kk,single,32.6,False,,eliminated
P04203,Аян,Темирбеков,M,Западно-Казахстанская область,Западный район,Школа №1,kk,full,40.2,False,,eliminated
P04204,Ерасыл,Маратов,M,Улытауская область,Восточный район,Школа №1,kk,full,40.5,False,,eliminated
P04205,Екатерина,Соколова,F,Алматинская область,Западный район,Школа №1,ru,full,56.7,False,,eliminated
P04206,Елена,Иванова,F,Жетысуская область,Заречный район,Школа №1,ru,full,45.6,False,,eliminated
P04207,Динара,Сатпаев,F,Жамбылская область,Западный район,Школа №5,kk,full,62.4,False,,eliminated
P04208,Арман,Темирбеков,M,Кызылординская область,Южный район,Школа №5,kk,full,12.2,False,,eliminated
P04209,Алихан,Касенов,M,г. Астана,Южный район,Школа №4,kk,full,42.1,False,,eliminated
P04210,Олжас,Темирбеков,M,Атырауская область,Центральный район,Школа №1,kk,single,32.1,False,,eliminated
P04211,Дамир,Алиев,M,Акмолинская область,Заречный район,Школа №3,kk,full,51.2,False,,eliminated
P04212,Бекжан,Касенов,M,Костанайская область,Южный район,Школа №1,kk,full,46.9,False,,eliminated
P04213,Томирис,Касенов,F,Павлодарская область,Восточный район,Школа №5,kk,single,61.0,False,,eliminated
P04214,Дарья,Смирнова,F,Алматинская область,Сельский район,Школа №1,ru,full,27.1,False,,eliminated
P04215,Дмитрий,Иванов,M,г. Шымкент,Южный район,Школа №1,ru,single,49.7,False,,eliminated
P04216,Алтынай,Маратов,F,Северо-Казахстанская область,Южный район,Школа №5,kk,full,63.4,False,,eliminated
P04217,Айгерим,Маратов,F,Карагандинская область,Западный район,Школа №4,kk,full,82.8,True,79.5,finalist
P04218,Артём,Лебедев,M,Атырауская область,Сельский район,Школа №4,ru,full,47.8,False,,eliminated
P04219,Рамазан,Сериков,M,Алматинская область, Сельский район ,Школа №1,kk,full,59.9,False,,eliminated
P04220,Бекжан,Алиев,M,Костанайская область,Восточный район,Школа №3,kk,full,27.9,False,,eliminated
P04221,Максим,Кузнецов,M,Атырауская область,Южный район,Школа №4,ru,single,13.1,False,,eliminated
P04222,Наргиз,Касенов,F,Западно-Казахстанская область,Западный район,Школа №1,kk,single,61.7,False,,eliminated
P04223,Гульнара,Тулегенов,F,Алматинская область,Сельский район,Школа №5,kk,full,54.9,False,,eliminated
P04224,София,Смирнова,F,Западно-Казахстанская область,Восточный район,Школа №2,ru,full,72.7,True,46.6,finalist
P04225,Андрей,Петров,M,Жамбылская область,Центральный район,Школа №4,ru,single,28.4,False,,eliminated
P04226,Алихан,Жумабеков,M,Кызылординская область,Заречный район,Школа №3,kk,full,62.8,False,,eliminated
P04227,Жансая,Сатпаев,F,Актюбинская область,Сельский район,Школа №1,kk,full,83.0,True,59.1,finalist
P04228,Дмитрий,Кузнецов,M,Атырауская область,Южный район,Школа №4,ru,full,61.3,False,,eliminated
P04229,Ксения,Кузнецова,F,Мангистауская область,Северный район,Школа №2,ru,full,59.1,False,,eliminated
P04230,Алмат,Касенов,M,Актюбинская область,Центральный район,Школа №1,kk,full,55.1,False,,eliminated
P04231,Алмат,Бекенов,M,Мангистауская область,Заречный район,Школа №1,kk,single,25.4,False,,eliminated
P04232,Алихан,Касенов,M,Карагандинская область,Южный район,Школа №4,kk,single,69.3,True,72.8,finalist
P04233,Владислав,Попов,M,Жамбылская область,Западный район,Школа №2,ru,full,45.8,False,,eliminated
P04234,Нурлан,Сериков,M,Костанайская область,Заречный район,Школа №5,kk,single,56.6,False,,eliminated
P04235,Кирилл,Петров,M,г. Алматы,Южный район,Школа №3,ru,full,31.6,False,,eliminated
P04236,Иван,Морозов,M,Атырауская область,Восточный район,Школа №5,ru,full,37.3,False,,eliminated
P04237,Эльмира,Сатпаев,F,Карагандинская область,Центральный район,Школа №2,kk,full,76.5,True,71.4,finalist
P04238,Бекжан,Кадыров,M,Улытауская область,Центральный район,Школа №3,kk,single,43.8,False,,eliminated
P04239,Ерасыл,Темирбеков,M,Туркестанская область,Южный район,Школа №4,kk,single,70.8,True,54.9,finalist
P04240,Меруерт,Бекенов,F,Кызылординская область,Южный район,Школа №3,kk,single,47.8,False,,eliminated
P04241,Рамазан,Абилов,M,Туркестанская область,Восточный район,Школа №3,kk,full,27.4,False,,eliminated
P04242,Айдар,Жумабеков,M,Павлодарская область,Южный район,Школа №1,kk,full,68.4,True,64.2,finalist
P04243,Санжар,Алиев,M,Мангистауская область,Южный район,Школа №2,kk,single,40.2,False,,eliminated
P04244,Жансая,Бекенов,F,Туркестанская область,Восточный район,Школа №5,kk,full,65.5,False,,eliminated
P04245,Камила,Темирбеков,F,г. Астана,Центральный район,Школа №1,kk,single,49.4,False,,eliminated
P04246,Ержан,Жумабеков,M,Кызылординская область,Заречный район,Школа №4,kk,full,31.9,False,,eliminated
P04247,Эльмира,Бекенов,F,Атырауская область,Сельский район,Школа №3,kk,full,57.5,False,,eliminated
P04248,Арман,Кадыров,M,Алматинская область,Заречный район,Школа №2,kk,full,87.9,True,53.1,finalist
P04249,Арман,Кадыров,M,Акмолинская область,Заречный район,Школа №5,kk,full,62.4,False,,eliminated
P04250,Сабина,Жумабеков,F,Западно-Казахстанская область,Северный район,Школа №5,kk,full,54.1,False,,eliminated
P04251,Алина,Абилов,F,г. Астана,Южный район,Школа №3,kk,full,71.1,True,55.3,finalist
P04252,Жансая,Маратов,F,г. Шымкент,Южный район,Школа №5,kk,single,52.2,False,,eliminated
P04253,Андрей,Новиков,M,Карагандинская область,Заречный район,Школа №2,ru,full,58.1,False,,eliminated
P04254,Арман,Касенов,M,Западно-Казахстанская область,Центральный район,Школа №5,kk,single,32.6,False,,eliminated
P04255,Артём,Новиков,M,Мангистауская область,Центральный район,Школа №3,ru,single,52.5,False,,eliminated
P04256,Айдана,Жумабеков,F,Мангистауская область,Южный район,Школа №1,kk,full,70.5,True,59.3,finalist
P04257,Алина,Сериков,F,Абайская область, Южный район ,Школа №2,kk,single,36.5,False,,eliminated
P04258,Эльмира,Алиев,F,Акмолинская область,Восточный район,Школа №3,kk,full,76.4,True,51.8,finalist
P04259,Санжар,Маратов,M,Атырауская область,Восточный район,Школа №4,kk,full,53.6,False,,eliminated
P04260,Эльмира,Бекенов,F,Костанайская область,Заречный район,Школа №2,kk,single,35.7,False,,eliminated
P04261,Аружан,Маратов,F,Северо-Казахстанская область,Западный район,Школа №5,kk,full,70.0,True,41.9,finalist
P04262,Жансая,Сериков,F,Акмолинская область,Центральный район,Школа №1,kk,full,50.7,False,,eliminated
P04263,Балжан,Касенов,F,Западно-Казахстанская область,Заречный район,Школа №5,kk,full,66.4,True,72.3,finalist
P04264,Иван,Кузнецов,M,Туркестанская область,Центральный район,Школа №3,ru,full,50.6,False,,eliminated
P04265,Аян,Темирбеков,M,г. Алматы,Западный район,Школа №1,kk,full,54.1,False,,eliminated
P04266,Никита,Попов,M,Акмолинская область,Восточный район,Школа №2,ru,full,62.4,False,,eliminated
P04267,Анна,Смирнова,F,г. Шымкент,Восточный район,Школа №3,ru,single,53.4,False,,eliminated
P04268,Айдана,Алиев,F,Северо-Казахстанская область,Заречный район,Школа №3,kk,full,25.1,False,,eliminated
P04269,Полина,Смирнова,F,Павлодарская область,Западный район,Школа №1,ru,full,38.2,False,,eliminated
P04270,Темирлан,Касенов,M,Туркестанская область,Центральный район,Школа №1,kk,full,68.9,True,59.8,finalist
P04271,Ксения,Смирнова,F,Жетысуская область,Западный район,Школа №3,ru,full,53.0,False,,eliminated
P04272,Балжан,Сериков,F,Костанайская область,Сельский район,Школа №5,kk,full,47.1,False,,eliminated
P04273,Олжас,Кадыров,M,Северо-Казахстанская область,Сельский район,Школа №2,kk,full,34.6,False,,eliminated
P04274,Михаил,Морозов,M,Акмолинская область,Сельский район,Школа №1,ru,single,32.8,False,,eliminated
P04275,Ерасыл,Темирбеков,M,Восточно-Казахстанская область,Сельский район,Школа №1,kk,single,18.7,False,,eliminated
P04276,Сабина,Касенов,F,г. Алматы,Восточный район,Школа №3,kk,full,53.5,False,,eliminated
P04277,Сауле,Кадыров,F,Абайская область,Западный район,Школа №1,kk,full,46.0,False,,eliminated
P04278,Олжас,Алиев,M,Жетысуская область,Восточный район,Школа №3,kk,full,40.5,False,,eliminated
P04279,Нурлан,Кадыров,M,Алматинская область,Западный район,Школа №3,kk,single,48.0,False,,eliminated
P04280,Бекжан,Касенов,M,г. Алматы,Южный район,Школа №3,kk,single,54.5,False,,eliminated
P04281,Мария,Смирнова,F,Алматинская область,Восточный район,Школа №3,ru,full,86.4,True,78.7,finalist
P04282,Балжан,Сатпаев,F,Карагандинская область,Центральный район,Школа №4,kk,full,32.3,False,,eliminated
P04283,Сауле,Касенов,F,Павлодарская область,Западный район,Школа №3,kk,full,72.4,True,54.9,finalist
P04284,Алихан,Темирбеков,M,Мангистауская область,Заречный район,Школа №4,kk,full,69.6,True,73.4,finalist
P04285,Алихан,Тулегенов,M,Северо-Казахстанская область,Западный район,Школа №5,kk,full,43.3,False,,eliminated
P04286,Меруерт,Абилов,F,Акмолинская область,Центральный район,Школа №3,kk,full,58.0,False,,eliminated
P04287,Дана,Кадыров,F,г. Шымкент,Западный район,Школа №3,kk,single,42.1,False,,eliminated
P04288,Айгерим,Жумабеков,F,Северо-Казахстанская область,Центральный район,Школа №4,kk,full,57.8,False,,eliminated
P04289,Санжар,Абилов,M,Кызылординская область,Восточный район,Школа №2,kk,single,71.6,True,65.2,finalist
P04290,Дарья,Иванова,F,Жетысуская область,Заречный район,Школа №2,ru,full,64.1,False,,eliminated
P04291,Рамазан,Сериков,M,Атырауская область,Южный район,Школа №4,kk,single,56.6,False,,eliminated
P04292,Гульнара,Темирбеков,F,Абайская область,Западный район,Школа №4,kk,full,48.5,False,,eliminated
P04293,Томирис,Сериков,F,Кызылординская область,Северный район,Школа №3,kk,full,32.7,False,,eliminated
P04294,Айгерим,Сатпаев,F,г. Алматы,Сельский район,Школа №1,kk,single,45.9,False,,eliminated
P04295,Темирлан,Бекенов,M,Павлодарская область,Заречный район,Школа №2,kk,full,73.1,True,88.4,finalist
P04296,Гульнара,Касенов,F,Мангистауская область,Южный район,Школа №2,kk,full,32.1,False,,eliminated
P04297,Михаил,Соколов,M,г. Шымкент,Заречный район,Школа №4,ru,single,33.2,False,,eliminated
P04298,Анастасия,Новикова,F,Акмолинская область,Восточный район,Школа №4,ru,full,56.9,False,,eliminated
P04299,Владислав,Кузнецов,M,Северо-Казахстанская область,Центральный район,Школа №3,ru,single,34.2,False,,eliminated
P04300,Максим,Соколов,M,Карагандинская область,Северный район,Школа №4,ru,full,43.1,False,,eliminated
P04301,Мария,Кузнецова,F,Улытауская область,Заречный район,Школа №2,ru,single,42.6,False,,eliminated
P04302,Ольга,Соколова,F,Абайская область,Заречный район,Школа №3,ru,single,28.5,False,,eliminated
P04303,Арман,Жумабеков,M,г. Алматы,Заречный район,Школа №1,kk,full,40.4,False,,eliminated
P04304,Гульнара,Касенов,F,Актюбинская область,Южный район,Школа №5,kk,full,65.6,False,,eliminated
P04305,Дамир,Касенов,M,г. Астана,Северный район,Школа №2,kk,full,35.4,False,,eliminated
P04306,Томирис,Тулегенов,F,Восточно-Казахстанская область,Центральный район,Школа №1,kk,full,31.0,False,,eliminated
P04307,Аружан,Касенов,F,Абайская область,Южный район,Школа №5,kk,full,45.5,False,,eliminated
P04308,Наргиз,Сериков,F,Кызылординская область,Сельский район,Школа №3,kk,full,66.0,True,69.5,finalist
P04309,Камила,Нурланов,F,Абайская область,Южный район,Школа №5,kk,full,52.0,False,,eliminated
P04310,Алмат,Нурланов,M,Карагандинская область,Южный район,Школа №4,kk,full,48.0,False,,eliminated
P04311,Ольга,Лебедева,F,Кызылординская область,Сельский район,Школа №4,ru,full,55.7,False,,eliminated
P04312,Камила,Темирбеков,F,г. Алматы,Южный район,Школа №5,kk,full,28.8,False,,eliminated
P04313,Дарья,Волкова,F,Павлодарская область,Южный район,Школа №3,ru,single,56.4,False,,eliminated
P04314,Данияр,Сатпаев,M,г. Шымкент,Западный район,Школа №5,kk,full,60.8,False,,eliminated
P04315,Аружан,Абилов,F,Кызылординская область,Южный район,Школа №2,kk,full,48.9,False,,eliminated
P04316,Михаил,Попов,M,Акмолинская область,Восточный район,Школа №2,ru,full,70.1,True,46.6,finalist
P04317,Екатерина,Морозова,F,Павлодарская область,Сельский район,Школа №1,ru,full,38.1,False,,eliminated
P04318,Малика,Нурланов,F,Жамбылская область,Западный район,Школа №2,kk,single,65.9,False,,eliminated
P04319,Бауыржан,Сериков,M,г. Алматы,Заречный район,Школа №5,kk,single,51.3,False,,eliminated
P04320,Андрей,Петров,M,Алматинская область,Сельский район,Школа №3,ru,full,50.0,False,,eliminated
P04321,Темирлан,Кадыров,M,Костанайская область,Западный район,Школа №3,kk,full,54.7,False,,eliminated
P04322,Жаныбек,Сериков,M,Костанайская область,Центральный район,Школа №4,kk,full,53.4,False,,eliminated
P04323,Сабина,Бекенов,F,Костанайская область,Центральный район,Школа №5,kk,single,67.3,True,66.2,finalist
P04324,Алихан,Касенов,M,Жетысуская область,Южный район,Школа №4,kk,single,32.8,False,,eliminated
P04325,Гульнара,Касенов,F,Жамбылская область,Сельский район,Школа №5,kk,full,43.6,False,,eliminated
P04326,Дана,Сериков,F,Северо-Казахстанская область,Заречный район,Школа №2,kk,full,70.5,True,69.3,finalist
P04327,Анна,Волкова,F,г. Шымкент,Заречный район,Школа №1,ru,single,40.1,False,,eliminated
P04328,Дана,Нурланов,F,г. Шымкент,Южный район,Школа №4,kk,single,62.5,False,,eliminated
P04329,Темирлан,Жумабеков,M,Атырауская область,Восточный район,Школа №3,kk,single,74.5,True,67.7,finalist
P04330,Балжан,Нурланов,F,Туркестанская область,Западный район,Школа №5,kk,single,43.0,False,,eliminated
P04331,Александр,Смирнов,M,Туркестанская область,Сельский район,Школа №1,ru,full,65.2,False,,eliminated
P04332,Аружан,Темирбеков,F,Жамбылская область,Западный район,Школа №4,kk,full,37.7,False,,eliminated
P04333,Жансая,Касенов,F,Актюбинская область,Западный район,Школа №3,kk,single,60.3,False,,eliminated
P04334,Дария,Маратов,F,Западно-Казахстанская область,Восточный район,Школа №2,kk,full,58.0,False,,eliminated
P04335,Бауыржан,Касенов,M,Жетысуская область,Западный район,Школа №3,kk,full,62.1,False,,eliminated
P04336,Арман,Нурланов,M,Атырауская область,Южный район,Школа №5,kk,full,45.3,False,,eliminated
P04337,Рамазан,Кадыров,M,Костанайская область,Сельский район,Школа №5,kk,single,24.1,False,,eliminated
P04338,Аян,Темирбеков,M,Атырауская область,Южный район,Школа №2,kk,single,56.5,False,,eliminated
P04339,Ержан,Темирбеков,M,г. Шымкент,Северный район,Школа №2,kk,single,18.0,False,,eliminated
P04340,София,Волкова,F,Северо-Казахстанская область,Центральный район,Школа №3,ru,full,50.2,False,,eliminated
P04341,Айгерим,Сатпаев,F,Абайская область,Восточный район,Школа №5,kk,full,69.1,True,53.8,finalist
P04342,Екатерина,Смирнова,F,Туркестанская область,Восточный район,Школа №2,ru,full,57.9,False,,eliminated
P04343,Жаныбек,Сериков,M,Северо-Казахстанская область,Северный район,Школа №4,kk,single,78.2,True,81.8,finalist
P04344,Алмат,Жумабеков,M,Северо-Казахстанская область,Центральный район,Школа №4,kk,full,70.4,True,70.3,finalist
P04345,Владислав,Волков,M,Жамбылская область,Сельский район,Школа №2,ru,full,45.2,False,,eliminated
P04346,Артём,Петров,M,Кызылординская область,Центральный район,Школа №1,ru,full,55.4,False,,eliminated
P04347,Владислав,Волков,M,Акмолинская область,Восточный район,Школа №5,ru,single,48.3,False,,eliminated
P04348,Динара,Тулегенов,F,Восточно-Казахстанская область,Южный район,Школа №4,kk,full,31.3,False,,eliminated
P04349,Анна,Смирнова,F,г. Шымкент,Сельский район,Школа №1,ru,full,40.9,False,,eliminated
P04350,Анна,Смирнова,F,Северо-Казахстанская область,Южный район,Школа №5,ru,full,46.6,False,,eliminated
P04351,Алихан,Жумабеков,M,Восточно-Казахстанская область,Центральный район,Школа №1,kk,full,24.5,False,,eliminated
P04352,Анастасия,Лебедева,F,Костанайская область,Западный район,Школа №1,ru,single,49.7,False,,eliminated
P04353,Дана,Бекенов,F,Мангистауская область,Южный район,Школа №2,kk,single,45.3,False,,eliminated
P04354,Малика,Сатпаев,F,Актюбинская область,Южный район,Школа №1,kk,full,29.9,False,,eliminated
P04355,Олжас,Нурланов,M,Улытауская область,Северный район,Школа №4,kk,full,61.1,False,,eliminated
P04356,Меруерт,Тулегенов,F,Костанайская область,Заречный район,Школа №1,kk,full,65.7,False,,eliminated
P04357,Ержан,Бекенов,M,Акмолинская область,Центральный район,Школа №1,kk,single,52.4,False,,eliminated
P04358,Аружан,Кадыров,F,Улытауская область,Заречный район,Школа №4,kk,single,44.1,False,,eliminated
P04359,Жансая,Тулегенов,F,Павлодарская область,Центральный район,Школа №5,kk,full,63.9,False,,eliminated
P04360,Екатерина,Соколова,F,Западно-Казахстанская область,Сельский район,Школа №2,ru,full,65.2,False,,eliminated
P04361,Ксения,Лебедева,F,Улытауская область,Южный район,Школа №1,ru,full,59.6,False,,eliminated
P04362,Ксения,Петрова,F,Северо-Казахстанская область,Южный район,Школа №3,ru,single,36.6,False,,eliminated
P04363,Полина,Попова,F,Алматинская область,Сельский район,Школа №4,ru,full,59.1,False,,eliminated
P04364,Томирис,Кадыров,F,г. Астана,Восточный район,Школа №4,kk,full,72.9,True,66.7,finalist
P04365,Гульнара,Маратов,F,Жетысуская область,Восточный район,Школа №2,kk,full,46.1,False,,eliminated
P04366,Полина,Соколова,F,Атырауская область, Центральный район ,Школа №2,ru,full,86.5,True,47.0,finalist
P04367,Дана,Кадыров,F,Кызылординская область,Восточный район,Школа №3,kk,single,41.1,False,,eliminated
P04368,Бекжан,Абилов,M,Мангистауская область,Восточный район,Школа №1,kk,full,55.5,False,,eliminated
P04369,Айдана,Алиев,F,г. Шымкент,Сельский район,Школа №5,kk,full,44.9,False,,eliminated
P04370,Томирис,Тулегенов,F,Атырауская область, Центральный район ,Школа №2,kk,full,58.3,False,,eliminated
P04371,Балжан,Сатпаев,F,Атырауская область,Северный район,Школа №3,kk,full,28.9,False,,eliminated
P04372,Елена,Волкова,F,Мангистауская область,Северный район,Школа №1,ru,full,46.8,False,,eliminated
P04373,Тимур,Кадыров,M,Жамбылская область,Западный район,Школа №5,kk,full,38.6,False,,eliminated
P04374,Елена,Новикова,F,Мангистауская область,Восточный район,Школа №1,ru,full,57.0,False,,eliminated
P04375,Дария,Жумабеков,F,Мангистауская область,Восточный район,Школа №4,kk,full,69.9,True,55.3,finalist
P04376,Айгерим,Касенов,F,г. Астана,Заречный район,Школа №5,kk,full,64.7,False,,eliminated
P04377,Иван,Иванов,M,Улытауская область,Южный район,Школа №2,ru,full,19.4,False,,eliminated
P04378,Наргиз,Алиев,F,Мангистауская область,Восточный район,Школа №2,kk,full,85.6,True,79.7,finalist
P04379,Меруерт,Маратов,F,Восточно-Казахстанская область,Восточный район,Школа №3,kk,single,53.4,False,,eliminated
P04380,София,Смирнова,F,Туркестанская область,Центральный район,Школа №3,ru,full,43.4,False,,eliminated
P04381,Владислав,Соколов,M,Западно-Казахстанская область,Восточный район,Школа №1,ru,full,57.4,False,,eliminated
P04382,Никита,Лебедев,M,Актюбинская область,Западный район,Школа №4,ru,single,51.6,False,,eliminated
P04383,Темирлан,Нурланов,M,Улытауская область,Заречный район,Школа №4,kk,single,39.0,False,,eliminated
P04384,Дана,Сатпаев,F,Западно-Казахстанская область,Центральный район,Школа №5,kk,full,58.0,False,,eliminated
P04385,Динара,Нурланов,F,Актюбинская область,Северный район,Школа №3,kk,full,45.9,False,,eliminated
P04386,Гульнара,Сериков,F,г. Алматы,Северный район,Школа №1,kk,full,48.9,False,,eliminated
P04387,Малика,Сатпаев,F,Актюбинская область,Сельский район,Школа №2,kk,full,44.7,False,,eliminated
P04388,Екатерина,Волкова,F,г. Алматы, Сельский район ,Школа №2,ru,full,33.5,False,,eliminated
P04389,Балжан,Сериков,F,Улытауская область,Сельский район,Школа №1,kk,full,57.2,False,,eliminated
P04390,Ержан,Алиев,M,Жамбылская область,Центральный район,Школа №2,kk,single,57.8,False,,eliminated
P04391,Владислав,Петров,M,Карагандинская область, Сельский район ,Школа №5,ru,full,62.7,False,,eliminated
P04392,Бекжан,Сериков,M,г. Алматы,Западный район,Школа №4,kk,full,67.3,True,83.2,finalist
P04393,Жансая,Сатпаев,F,Абайская область,Сельский район,Школа №1,kk,full,59.9,False,,eliminated
P04394,Жаныбек,Сатпаев,M,Абайская область,Центральный район,Школа №1,kk,full,47.0,False,,eliminated
P04395,Анна,Новикова,F,Мангистауская область,Сельский район,Школа №2,ru,single,61.6,False,,eliminated
P04396,Данияр,Тулегенов,M,Жетысуская область,Южный район,Школа №5,kk,single,28.6,False,,eliminated
P04397,Алина,Кадыров,F,Карагандинская область,Заречный район,Школа №4,kk,full,41.5,False,,eliminated
P04398,Александр,Морозов,M,Северо-Казахстанская область,Центральный район,Школа №2,ru,full,40.5,False,,eliminated
P04399,Дамир,Темирбеков,M,Акмолинская область,Западный район,Школа №5,kk,full,71.2,True,58.6,finalist
P04400,Екатерина,Соколова,F,г. Астана,Заречный район,Школа №2,ru,full,69.1,True,72.7,finalist
P04401,Александр,Попов,M,г. Шымкент,Сельский район,Школа №2,ru,full,62.3,False,,eliminated
P04402,Ержан,Алиев,M,Северо-Казахстанская область,Восточный район,Школа №2,kk,full,71.1,True,60.3,finalist
P04403,Бекжан,Сериков,M,Алматинская область,Восточный район,Школа №3,kk,single,35.8,False,,eliminated
P04404,Владислав,Смирнов,M,Мангистауская область,Восточный район,Школа №1,ru,single,54.2,False,,eliminated
P04405,Алмат,Сериков,M,Павлодарская область,Восточный район,Школа №5,kk,full,53.1,False,,eliminated
P04406,Аян,Кадыров,M,Алматинская область,Южный район,Школа №4,kk,single,61.7,False,,eliminated
P04407,Гульнара,Темирбеков,F,Восточно-Казахстанская область,Северный район,Школа №5,kk,full,53.3,False,,eliminated
P04408,Ксения,Кузнецова,F,Абайская область,Южный район,Школа №1,ru,full,49.2,False,,eliminated
P04409,Дамир,Сериков,M,Акмолинская область,Заречный район,Школа №4,kk,full,63.1,False,,eliminated
P04410,Санжар,Кадыров,M,Восточно-Казахстанская область,Западный район,Школа №4,kk,full,68.1,True,81.3,finalist
P04411,Дамир,Нурланов,M,Северо-Казахстанская область,Западный район,Школа №1,kk,full,45.0,False,,eliminated
P04412,Ольга,Лебедева,F,Западно-Казахстанская область,Заречный район,Школа №1,ru,full,54.1,False,,eliminated
P04413,Айгерим,Сериков,F,Туркестанская область,Северный район,Школа №4,kk,full,39.1,False,,eliminated
P04414,Аружан,Тулегенов,F,Восточно-Казахстанская область, Западный район ,Школа №5,kk,single,11.5,False,,eliminated
P04415,Алихан,Алиев,M,Актюбинская область,Сельский район,Школа №1,kk,full,58.0,False,,eliminated
P04416,Адильхан,Сериков,M,г. Шымкент,Западный район,Школа №1,kk,full,64.1,False,,eliminated
P04417,Алихан,Касенов,M,Туркестанская область,Заречный район,Школа №3,kk,single,52.9,False,,eliminated
P04418,Алихан,Абилов,M,Акмолинская область,Заречный район,Школа №5,kk,full,25.8,False,,eliminated
P04419,Малика,Тулегенов,F,г. Алматы,Восточный район,Школа №1,kk,full,49.7,False,,eliminated
P04420,Анастасия,Новикова,F,г. Шымкент,Центральный район,Школа №3,ru,full,21.7,False,,eliminated
P04421,Санжар,Сериков,M,г. Астана,Центральный район,Школа №1,kk,single,69.5,True,68.5,finalist
P04422,Динара,Маратов,F,Павлодарская область,Восточный район,Школа №4,kk,full,38.7,False,,eliminated
P04423,Ерасыл,Алиев,M,Западно-Казахстанская область,Западный район,Школа №1,kk,full,73.8,True,68.5,finalist
P04424,Алмат,Абилов,M,Павлодарская область,Южный район,Школа №4,kk,single,63.2,False,,eliminated
P04425,Артём,Смирнов,M,Жамбылская область, Западный район ,Школа №3,ru,single,35.5,False,,eliminated
P04426,Аян,Абилов,M,Северо-Казахстанская область,Заречный район,Школа №2,kk,single,32.0,False,,eliminated
P04427,Никита,Смирнов,M,г. Алматы,Южный район,Школа №5,ru,full,60.3,False,,eliminated
P04428,Максим,Смирнов,M,Северо-Казахстанская область,Северный район,Школа №2,ru,full,42.3,False,,eliminated
P04429,Анастасия,Смирнова,F,Западно-Казахстанская область,Центральный район,Школа №5,ru,full,56.5,False,,eliminated
P04430,Екатерина,Волкова,F,Улытауская область,Южный район,Школа №3,ru,full,47.8,False,,eliminated
P04431,Владислав,Волков,M,г. Алматы,Северный район,Школа №4,ru,single,22.3,False,,eliminated
P04432,Никита,Петров,M,г. Алматы,Заречный район,Школа №4,ru,full,21.5,False,,eliminated
P04433,Гульнара,Кадыров,F,Жетысуская область,Сельский район,Школа №3,kk,single,52.4,False,,eliminated
P04434,Айдана,Сериков,F,Павлодарская область,Восточный район,Школа №3,kk,single,40.6,False,,eliminated
P04435,Артём,Петров,M,Кызылординская область,Восточный район,Школа №3,ru,single,40.7,False,,eliminated
P04436,Малика,Бекенов,F,Мангистауская область,Северный район,Школа №5,kk,full,65.4,False,,eliminated
P04437,Ержан,Абилов,M,Акмолинская область,Южный район,Школа №3,kk,full,72.6,True,66.4,finalist
P04438,Елена,Кузнецова,F,Западно-Казахстанская область,Сельский район,Школа №2,ru,full,50.9,False,,eliminated
P04439,Тимур,Жумабеков,M,Карагандинская область,Западный район,Школа №3,kk,full,49.9,False,,eliminated
P04440,Сауле,Маратов,F,Карагандинская область,Северный район,Школа №3,kk,full,62.5,False,,eliminated
P04441,Анна,Смирнова,F,г. Шымкент,Центральный район,Школа №4,ru,full,34.6,False,,eliminated
P04442,Дана,Касенов,F,Мангистауская область,Южный район,Школа №5,kk,single,52.3,False,,eliminated
P04443,Меруерт,Маратов,F,Жамбылская область,Южный район,Школа №5,kk,full,63.3,False,,eliminated
P04444,Томирис,Сериков,F,Кызылординская область,Северный район,Школа №1,kk,full,65.2,False,,eliminated
P04445,Алина,Тулегенов,F,Жетысуская область,Сельский район,Школа №5,kk,full,25.9,False,,eliminated
P04446,Динара,Абилов,F,г. Алматы,Северный район,Школа №2,kk,single,37.6,False,,eliminated
P04447,Арман,Жумабеков,M,Мангистауская область,Южный район,Школа №2,kk,single,35.8,False,,eliminated
P04448,Мария,Смирнова,F,Карагандинская область,Северный район,Школа №1,ru,single,50.5,False,,eliminated
P04449,Малика,Маратов,F,г. Астана,Восточный район,Школа №1,kk,full,62.2,False,,eliminated
P04450,Гульнара,Маратов,F,Северо-Казахстанская область,Южный район,Школа №2,kk,single,71.5,True,73.9,finalist
P04451,Наргиз,Сатпаев,F,Акмолинская область,Восточный район,Школа №4,kk,full,47.6,False,,eliminated
P04452,Жансая,Сатпаев,F,Абайская область,Центральный район,Школа №2,kk,full,47.5,False,,eliminated
P04453,Андрей,Лебедев,M,Акмолинская область,Центральный район,Школа №1,ru,full,72.2,True,57.5,finalist
P04454,Эльмира,Тулегенов,F,Павлодарская область,Сельский район,Школа №5,kk,single,53.4,False,,eliminated
P04455,Аяна,Темирбеков,F,г. Алматы,Восточный район,Школа №3,kk,single,68.0,True,74.3,finalist
P04456,Жансая,Темирбеков,F,Северо-Казахстанская область,Западный район,Школа №4,kk,full,59.3,False,,eliminated
P04457,Ольга,Морозова,F,Западно-Казахстанская область,Северный район,Школа №1,ru,full,37.6,False,,eliminated
P04458,Дамир,Алиев,M,Западно-Казахстанская область, Восточный район ,Школа №4,kk,full,35.0,False,,eliminated
P04459,Сауле,Нурланов,F,Актюбинская область,Заречный район,Школа №5,kk,full,31.7,False,,eliminated
P04460,Ксения,Волкова,F,г. Шымкент,Южный район,Школа №3,ru,full,64.9,False,,eliminated
P04461,Наргиз,Маратов,F,г. Шымкент,Западный район,Школа №2,kk,full,72.8,True,69.6,finalist
P04462,Рамазан,Касенов,M,г. Шымкент,Заречный район,Школа №2,kk,full,82.7,True,64.5,finalist
P04463,Алмат,Темирбеков,M,Кызылординская область,Западный район,Школа №3,kk,single,61.6,False,,eliminated
P04464,Дана,Бекенов,F,г. Астана,Центральный район,Школа №3,kk,single,66.4,True,68.1,finalist
P04465,Арман,Тулегенов,M,Кызылординская область,Сельский район,Школа №4,kk,full,46.3,False,,eliminated
P04466,Айгерим,Сатпаев,F,Павлодарская область,Северный район,Школа №4,kk,single,31.7,False,,eliminated
P04467,Иван,Петров,M,Восточно-Казахстанская область,Центральный район,Школа №5,ru,full,67.8,True,82.2,finalist
P04468,Кирилл,Соколов,M,Карагандинская область,Центральный район,Школа №2,ru,single,55.3,False,,eliminated
P04469,Санжар,Кадыров,M,г. Шымкент,Заречный район,Школа №4,kk,full,56.6,False,,eliminated
P04470,Владислав,Новиков,M,Северо-Казахстанская область,Сельский район,Школа №5,ru,full,60.8,False,,eliminated
P04471,Мария,Попова,F,Костанайская область,Восточный район,Школа №4,ru,single,53.8,False,,eliminated
P04472,Иван,Смирнов,M,Костанайская область,Центральный район,Школа №3,ru,single,68.3,True,83.9,finalist
P04473,Мария,Новикова,F,г. Астана,Сельский район,Школа №1,ru,full,74.4,True,42.7,finalist
P04474,Дарья,Новикова,F,г. Астана,Сельский район,Школа №2,ru,full,63.2,False,,eliminated
P04475,Мария,Попова,F,Восточно-Казахстанская область,Северный район,Школа №4,ru,full,67.7,True,39.5,finalist
P04476,Томирис,Сатпаев,F,Акмолинская область,Северный район,Школа №2,kk,full,62.7,False,,eliminated
P04477,Адильхан,Темирбеков,M,г. Алматы,Южный район,Школа №3,kk,full,48.1,False,,eliminated
P04478,Арман,Нурланов,M,г. Астана,Заречный район,Школа №3,kk,full,66.3,True,84.1,finalist
P04479,Балжан,Касенов,F,г. Шымкент,Сельский район,Школа №2,kk,full,34.1,False,,eliminated
P04480,Дария,Алиев,F,Павлодарская область,Заречный район,Школа №3,kk,full,70.8,True,77.5,finalist
P04481,Бекжан,Бекенов,M,Западно-Казахстанская область,Восточный район,Школа №5,kk,full,37.1,False,,eliminated
P04482,Аружан,Тулегенов,F,Восточно-Казахстанская область,Заречный район,Школа №3,kk,single,53.3,False,,eliminated
P04483,Балжан,Маратов,F,Улытауская область,Центральный район,Школа №5,kk,full,42.3,False,,eliminated
P04484,Кирилл,Иванов,M,Жетысуская область,Северный район,Школа №2,ru,full,63.3,False,,eliminated
P04485,Алина,Тулегенов,F,Карагандинская область,Северный район,Школа №4,kk,full,54.5,False,,eliminated
P04486,Шынгыс,Бекенов,M,Актюбинская область,Северный район,Школа №5,kk,full,31.1,False,,eliminated
P04487,Анна,Иванова,F,г. Астана,Северный район,Школа №4,ru,single,55.3,False,,eliminated
P04488,Меруерт,Абилов,F,Северо-Казахстанская область,Северный район,Школа №3,kk,single,40.3,False,,eliminated
P04489,Ержан,Жумабеков,M,Костанайская область,Западный район,Школа №2,kk,full,68.2,True,59.2,finalist
P04490,Динара,Маратов,F,Западно-Казахстанская область,Северный район,Школа №1,kk,full,55.0,False,,eliminated
P04491,Бауыржан,Сатпаев,M,Костанайская область,Южный район,Школа №1,kk,full,60.9,False,,eliminated
P04492,Гульнара,Бекенов,F,Актюбинская область,Северный район,Школа №1,kk,full,40.6,False,,eliminated
P04493,Айгерим,Абилов,F,Абайская область,Северный район,Школа №1,kk,full,46.2,False,,eliminated
P04494,Камила,Абилов,F,Карагандинская область,Заречный район,Школа №1,kk,single,42.1,False,,eliminated
P04495,Максим,Лебедев,M,Восточно-Казахстанская область,Центральный район,Школа №4,ru,single,61.9,False,,eliminated
P04496,Дана,Касенов,F,Атырауская область,Восточный район,Школа №5,kk,full,80.2,True,50.5,finalist
P04497,Айдар,Нурланов,M,г. Астана,Южный район,Школа №2,kk,full,42.9,False,,eliminated
P04498,Жансая,Тулегенов,F,г. Шымкент,Северный район,Школа №1,kk,full,71.2,True,73.7,finalist
P04499,Сабина,Тулегенов,F,г. Шымкент,Центральный район,Школа №5,kk,single,16.5,False,,eliminated
P04500,Алихан,Нурланов,M,Костанайская область,Западный район,Школа №5,kk,full,37.1,False,,eliminated
P04501,Дария,Жумабеков,F,Павлодарская область,Южный район,Школа №2,kk,full,40.6,False,,eliminated
P04502,Алина,Кадыров,F,Восточно-Казахстанская область,Южный район,Школа №5,kk,full,34.7,False,,eliminated
P04503,Наргиз,Темирбеков,F,Актюбинская область,Западный район,Школа №4,kk,full,31.2,False,,eliminated
P04504,Данияр,Нурланов,M,Северо-Казахстанская область,Центральный район,Школа №5,kk,full,61.2,False,,eliminated
P04505,Ерасыл,Темирбеков,M,Атырауская область,Западный район,Школа №1,kk,single,45.8,False,,eliminated
P04506,Рамазан,Маратов,M,Акмолинская область,Сельский район,Школа №2,kk,full,60.7,False,,eliminated
P04507,Гульнара,Сериков,F,Павлодарская область,Центральный район,Школа №3,kk,full,65.4,False,,eliminated
P04508,Алина,Нурланов,F,Западно-Казахстанская область,Южный район,Школа №2,kk,full,59.0,False,,eliminated
P04509,Санжар,Маратов,M,Жамбылская область,Сельский район,Школа №5,kk,single,58.9,False,,eliminated
P04510,Ксения,Петрова,F,Кызылординская область,Заречный район,Школа №4,ru,full,54.0,False,,eliminated
P04511,Меруерт,Сериков,F,Костанайская область,Южный район,Школа №4,kk,full,37.2,False,,eliminated
P04512,Тимур,Жумабеков,M,Акмолинская область,Западный район,Школа №2,kk,full,70.9,True,52.8,finalist
P04513,Тимур,Кадыров,M,Костанайская область,Центральный район,Школа №1,kk,single,40.2,False,,eliminated
P04514,Ерасыл,Нурланов,M,Жамбылская область,Северный район,Школа №3,kk,single,35.0,False,,eliminated
P04515,Эльмира,Нурланов,F,Актюбинская область,Западный район,Школа №2,kk,full,52.3,False,,eliminated
P04516,Данияр,Тулегенов,M,Мангистауская область,Западный район,Школа №3,kk,full,41.3,False,,eliminated
P04517,София,Лебедева,F,Жамбылская область,Центральный район,Школа №2,ru,full,48.7,False,,eliminated
P04518,Дамир,Маратов,M,Жамбылская область,Восточный район,Школа №2,kk,full,60.2,False,,eliminated
P04519,Алихан,Нурланов,M,Западно-Казахстанская область,Северный район,Школа №1,kk,full,60.2,False,,eliminated
P04520,Адильхан,Сериков,M,Туркестанская область,Восточный район,Школа №1,kk,single,35.5,False,,eliminated
P04521,Кирилл,Кузнецов,M,Северо-Казахстанская область,Заречный район,Школа №5,ru,full,47.7,False,,eliminated
P04522,Александр,Лебедев,M,Атырауская область,Северный район,Школа №4,ru,full,71.1,True,88.8,finalist
P04523,Ержан,Абилов,M,Северо-Казахстанская область,Южный район,Школа №3,kk,full,62.4,False,,eliminated
P04524,Алина,Темирбеков,F,Карагандинская область,Центральный район,Школа №1,kk,full,86.1,True,91.1,finalist
P04525,Айгерим,Бекенов,F,Атырауская область,Южный район,Школа №2,kk,single,66.7,True,53.9,finalist
P04526,Кирилл,Кузнецов,M,Костанайская область,Северный район,Школа №2,ru,single,66.2,True,55.2,finalist
P04527,Сауле,Тулегенов,F,Атырауская область,Центральный район,Школа №5,kk,full,34.2,False,,eliminated
P04528,София,Попова,F,Улытауская область,Заречный район,Школа №2,ru,full,66.5,True,70.3,finalist
P04529,Алина,Маратов,F,Алматинская область,Центральный район,Школа №2,kk,full,54.2,False,,eliminated
P04530,Шынгыс,Темирбеков,M,Жамбылская область,Заречный район,Школа №4,kk,full,46.7,False,,eliminated
P04531,Никита,Соколов,M,Туркестанская область,Северный район,Школа №2,ru,full,57.5,False,,eliminated
P04532,Сабина,Жумабеков,F,Костанайская область,Центральный район,Школа №4,kk,full,69.2,True,79.8,finalist
P04533,София,Соколова,F,Абайская область,Сельский район,Школа №3,ru,full,62.5,False,,eliminated
P04534,Алтынай,Касенов,F,Жамбылская область,Северный район,Школа №3,kk,full,41.8,False,,eliminated
P04535,Ксения,Лебедева,F,Северо-Казахстанская область,Сельский район,Школа №3,ru,full,66.1,True,74.8,finalist
P04536,Екатерина,Иванова,F,Кызылординская область,Восточный район,Школа №5,ru,full,45.4,False,,eliminated
P04537,Камила,Кадыров,F,Атырауская область,Южный район,Школа №5,kk,full,58.3,False,,eliminated
P04538,Жансая,Алиев,F,г. Шымкент,Западный район,Школа №5,kk,single,44.4,False,,eliminated
P04539,Анна,Попова,F,Алматинская область,Южный район,Школа №4,ru,full,51.7,False,,eliminated
P04540,Жаныбек,Маратов,M,Актюбинская область,Восточный район,Школа №4,kk,full,66.5,True,61.4,finalist
P04541,Аян,Алиев,M,Мангистауская область,Центральный район,Школа №3,kk,full,39.4,False,,eliminated
P04542,Айгерим,Алиев,F,г. Астана,Южный район,Школа №3,kk,full,84.2,True,58.1,finalist
P04543,Дмитрий,Попов,M,Северо-Казахстанская область,Восточный район,Школа №4,ru,single,21.7,False,,eliminated
P04544,Михаил,Морозов,M,Павлодарская область,Южный район,Школа №1,ru,single,40.0,False,,eliminated
P04545,София,Петрова,F,Кызылординская область,Западный район,Школа №4,ru,single,54.6,False,,eliminated
P04546,Балжан,Сатпаев,F,Кызылординская область,Сельский район,Школа №2,kk,full,63.8,False,,eliminated
P04547,Данияр,Сериков,M,Атырауская область,Заречный район,Школа №4,kk,full,53.5,False,,eliminated
P04548,Гульнара,Нурланов,F,Акмолинская область,Заречный район,Школа №5,kk,full,54.1,False,,eliminated
P04549,Аружан,Темирбеков,F,Жетысуская область,Заречный район,Школа №5,kk,single,55.2,False,,eliminated
P04550,Адильхан,Сатпаев,M,г. Шымкент,Восточный район,Школа №4,kk,full,51.5,False,,eliminated
P04551,Адильхан,Бекенов,M,Северо-Казахстанская область,Северный район,Школа №3,kk,full,75.9,True,69.3,finalist
P04552,Малика,Абилов,F,Абайская область,Восточный район,Школа №5,kk,full,67.6,True,65.9,finalist
P04553,Ерасыл,Абилов,M,Карагандинская область,Сельский район,Школа №2,kk,full,68.1,True,71.7,finalist
P04554,Дана,Нурланов,F,Северо-Казахстанская область,Северный район,Школа №1,kk,full,40.5,False,,eliminated
P04555,Динара,Жумабеков,F,Павлодарская область,Западный район,Школа №4,kk,single,47.8,False,,eliminated
P04556,Иван,Морозов,M,Улытауская область,Восточный район,Школа №1,ru,single,44.5,False,,eliminated
P04557,Артём,Волков,M,Восточно-Казахстанская область,Восточный район,Школа №4,ru,full,39.9,False,,eliminated
P04558,Санжар,Темирбеков,M,Акмолинская область,Западный район,Школа №1,kk,full,60.4,False,,eliminated
P04559,Мария,Петрова,F,Костанайская область,Западный район,Школа №1,ru,full,46.9,False,,eliminated
P04560,Айдар,Темирбеков,M,Северо-Казахстанская область,Северный район,Школа №3,kk,full,64.8,False,,eliminated
P04561,Владислав,Соколов,M,Туркестанская область,Южный район,Школа №4,ru,single,32.9,False,,eliminated
P04562,Айдар,Тулегенов,M,г. Шымкент,Южный район,Школа №1,kk,full,80.8,True,55.4,finalist
P04563,Рамазан,Сериков,M,Улытауская область,Северный район,Школа №2,kk,single,35.6,False,,eliminated
P04564,Темирлан,Касенов,M,Западно-Казахстанская область,Заречный район,Школа №2,kk,full,58.3,False,,eliminated
P04565,Тимур,Касенов,M,Акмолинская область,Северный район,Школа №5,kk,full,66.9,True,70.6,finalist
P04566,Аяна,Касенов,F,г. Астана,Южный район,Школа №2,kk,full,46.4,False,,eliminated
P04567,Тимур,Темирбеков,M,Жетысуская область,Сельский район,Школа №2,kk,full,67.8,True,53.2,finalist
P04568,Ольга,Лебедева,F,Павлодарская область,Центральный район,Школа №4,ru,single,30.6,False,,eliminated
P04569,Динара,Сериков,F,Жамбылская область,Сельский район,Школа №3,kk,full,76.8,True,90.9,finalist
P04570,Рамазан,Тулегенов,M,Жамбылская область,Западный район,Школа №3,kk,full,55.2,False,,eliminated
P04571,Алтынай,Тулегенов,F,Жамбылская область,Восточный район,Школа №5,kk,full,46.1,False,,eliminated
P04572,Ольга,Иванова,F,Восточно-Казахстанская область,Восточный район,Школа №2,ru,full,50.5,False,,eliminated
P04573,Жансая,Жумабеков,F,г. Алматы,Центральный район,Школа №1,kk,full,67.1,True,59.1,finalist
P04574,Наргиз,Тулегенов,F,Павлодарская область,Центральный район,Школа №4,kk,full,46.2,False,,eliminated
P04575,Арман,Маратов,M,г. Алматы,Западный район,Школа №1,kk,single,37.8,False,,eliminated
P04576,Олжас,Кадыров,M,Северо-Казахстанская область,Южный район,Школа №5,kk,full,51.7,False,,eliminated
P04577,Айгерим,Бекенов,F,Павлодарская область,Центральный район,Школа №4,kk,full,37.3,False,,eliminated
P04578,Артём,Соколов,M,г. Шымкент,Восточный район,Школа №2,ru,full,82.3,True,74.0,finalist
P04579,Андрей,Кузнецов,M,Мангистауская область,Южный район,Школа №4,ru,full,46.5,False,,eliminated
P04580,Данияр,Кадыров,M,Жетысуская область,Восточный район,Школа №2,kk,full,67.5,True,60.9,finalist
P04581,Елена,Морозова,F,г. Алматы,Северный район,Школа №3,ru,full,58.1,False,,eliminated
P04582,Никита,Волков,M,Акмолинская область,Заречный район,Школа №5,ru,full,40.2,False,,eliminated
P04583,Андрей,Попов,M,Павлодарская область,Восточный район,Школа №2,ru,full,54.9,False,,eliminated
P04584,Нурлан,Жумабеков,M,Павлодарская область,Восточный район,Школа №3,kk,full,66.8,True,68.2,finalist
P04585,Михаил,Иванов,M,г. Шымкент,Западный район,Школа №2,ru,single,46.2,False,,eliminated
P04586,Малика,Кадыров,F,Акмолинская область,Северный район,Школа №3,kk,full,72.9,True,46.1,finalist
P04587,Данияр,Маратов,M,Кызылординская область,Восточный район,Школа №2,kk,single,64.3,False,,eliminated
P04588,Гульнара,Жумабеков,F,г. Шымкент,Южный район,Школа №3,kk,full,68.8,True,72.0,finalist
P04589,Ерасыл,Маратов,M,Туркестанская область,Сельский район,Школа №2,kk,full,48.1,False,,eliminated
P04590,Балжан,Алиев,F,Западно-Казахстанская область,Заречный район,Школа №2,kk,full,38.8,False,,eliminated
P04591,Кирилл,Смирнов,M,Улытауская область,Заречный район,Школа №4,ru,single,39.8,False,,eliminated
P04592,Аян,Бекенов,M,Туркестанская область,Центральный район,Школа №5,kk,full,57.9,False,,eliminated
P04593,Меруерт,Маратов,F,Восточно-Казахстанская область,Восточный район,Школа №5,kk,single,57.2,False,,eliminated
P04594,Шынгыс,Алиев,M,Восточно-Казахстанская область,Заречный район,Школа №3,kk,full,22.4,False,,eliminated
P04595,Екатерина,Смирнова,F,Улытауская область,Сельский район,Школа №4,ru,full,54.9,False,,eliminated
P04596,Алмат,Тулегенов,M,Кызылординская область,Южный район,Школа №3,kk,full,57.4,False,,eliminated
P04597,Сауле,Тулегенов,F,Жетысуская область,Центральный район,Школа №1,kk,full,50.8,False,,eliminated
P04598,Адильхан,Бекенов,M,Восточно-Казахстанская область,Западный район,Школа №4,kk,full,74.4,True,64.5,finalist
P04599,Анастасия,Соколова,F,Северо-Казахстанская область,Западный район,Школа №5,ru,single,55.3,False,,eliminated
P04600,Санжар,Сатпаев,M,Павлодарская область,Заречный район,Школа №2,kk,full,74.7,True,61.1,finalist
P04601,Сабина,Нурланов,F,Восточно-Казахстанская область,Сельский район,Школа №5,kk,full,51.8,False,,eliminated
P04602,Данияр,Абилов,M,Мангистауская область,Центральный район,Школа №5,kk,single,63.1,False,,eliminated
P04603,Айгерим,Сатпаев,F,Восточно-Казахстанская область,Сельский район,Школа №4,kk,full,79.5,True,67.3,finalist
P04604,Елена,Лебедева,F,Северо-Казахстанская область,Заречный район,Школа №2,ru,full,74.7,True,60.4,finalist
P04605,Темирлан,Жумабеков,M,Мангистауская область,Центральный район,Школа №2,kk,single,32.6,False,,eliminated
P04606,Айгерим,Бекенов,F,Жамбылская область,Заречный район,Школа №3,kk,full,51.2,False,,eliminated
P04607,Ольга,Соколова,F,г. Астана,Центральный район,Школа №4,ru,single,43.8,False,,eliminated
P04608,Владислав,Иванов,M,Жетысуская область,Центральный район,Школа №1,ru,full,62.3,False,,eliminated
P04609,Аян,Алиев,M,Улытауская область,Южный район,Школа №3,kk,full,65.3,False,,eliminated
P04610,Ерасыл,Абилов,M,г. Шымкент,Сельский район,Школа №2,kk,full,42.4,False,,eliminated
P04611,Алтынай,Касенов,F,Абайская область,Западный район,Школа №4,kk,full,56.0,False,,eliminated
P04612,Кирилл,Иванов,M,Акмолинская область,Северный район,Школа №1,ru,full,24.7,False,,eliminated
P04613,Меруерт,Жумабеков,F,г. Шымкент,Заречный район,Школа №5,kk,single,70.6,True,59.0,finalist
P04614,Мария,Смирнова,F,Карагандинская область,Южный район,Школа №1,ru,full,47.3,False,,eliminated
P04615,Дария,Кадыров,F,Туркестанская область,Сельский район,Школа №2,kk,single,49.8,False,,eliminated
P04616,Аян,Касенов,M,Западно-Казахстанская область,Северный район,Школа №5,kk,full,50.4,False,,eliminated
P04617,Александр,Новиков,M,Актюбинская область,Сельский район,Школа №1,ru,full,72.2,True,77.2,finalist
P04618,Жансая,Темирбеков,F,Восточно-Казахстанская область,Северный район,Школа №1,kk,single,6.4,False,,eliminated
P04619,Мария,Лебедева,F,Северо-Казахстанская область,Центральный район,Школа №3,ru,full,54.8,False,,eliminated
P04620,Алмат,Абилов,M,Актюбинская область,Южный район,Школа №3,kk,full,53.4,False,,eliminated
P04621,Томирис,Тулегенов,F,Восточно-Казахстанская область,Южный район,Школа №5,kk,full,48.2,False,,eliminated
P04622,Михаил,Морозов,M,Актюбинская область,Южный район,Школа №2,ru,full,80.9,True,58.9,finalist
P04623,Ксения,Смирнова,F,Алматинская область,Сельский район,Школа №4,ru,full,41.7,False,,eliminated
P04624,Кирилл,Волков,M,Павлодарская область,Северный район,Школа №1,ru,single,60.6,False,,eliminated
P04625,Гульнара,Маратов,F,Атырауская область,Южный район,Школа №5,kk,full,60.3,False,,eliminated
P04626,Айдана,Бекенов,F,Восточно-Казахстанская область,Южный район,Школа №2,kk,full,73.9,True,56.8,finalist
P04627,Екатерина,Морозова,F,Жетысуская область,Западный район,Школа №3,ru,full,45.0,False,,eliminated
P04628,Екатерина,Новикова,F,Мангистауская область,Южный район,Школа №5,ru,full,44.0,False,,eliminated
P04629,Михаил,Попов,M,Улытауская область,Центральный район,Школа №1,ru,full,71.4,True,54.6,finalist
P04630,Елена,Морозова,F,Павлодарская область,Заречный район,Школа №2,ru,full,61.4,False,,eliminated
P04631,Адильхан,Кадыров,M,Акмолинская область,Сельский район,Школа №5,kk,single,25.8,False,,eliminated
P04632,Айгерим,Кадыров,F,Алматинская область,Западный район,Школа №2,kk,full,46.9,False,,eliminated
P04633,Айдар,Абилов,M,Западно-Казахстанская область,Южный район,Школа №5,kk,full,60.8,False,,eliminated
P04634,Ольга,Петрова,F,Туркестанская область,Южный район,Школа №1,ru,full,67.6,True,56.7,finalist
P04635,Сабина,Касенов,F,Улытауская область,Заречный район,Школа №5,kk,full,44.8,False,,eliminated
P04636,Балжан,Абилов,F,Карагандинская область,Сельский район,Школа №4,kk,full,11.3,False,,eliminated
P04637,Гульнара,Нурланов,F,Мангистауская область,Заречный район,Школа №3,kk,single,56.8,False,,eliminated
P04638,Аружан,Темирбеков,F,г. Алматы,Центральный район,Школа №2,kk,full,36.7,False,,eliminated
P04639,Аружан,Кадыров,F,Атырауская область,Сельский район,Школа №5,kk,full,24.7,False,,eliminated
P04640,Бекжан,Кадыров,M,Алматинская область, Восточный район ,Школа №4,kk,full,12.5,False,,eliminated
P04641,Меруерт,Кадыров,F,Атырауская область,Заречный район,Школа №4,kk,full,67.2,True,44.6,finalist
P04642,Екатерина,Петрова,F,Павлодарская область,Северный район,Школа №5,ru,full,56.9,False,,eliminated
P04643,Темирлан,Сериков,M,Жетысуская область,Южный район,Школа №4,kk,single,45.6,False,,eliminated
P04644,Михаил,Кузнецов,M,г. Шымкент, Северный район ,Школа №5,ru,single,69.8,True,65.8,finalist
P04645,Арман,Маратов,M,Мангистауская область,Центральный район,Школа №5,kk,single,58.6,False,,eliminated
P04646,Темирлан,Абилов,M,Жетысуская область,Южный район,Школа №1,kk,full,79.2,True,61.5,finalist
P04647,Максим,Соколов,M,Северо-Казахстанская область,Южный район,Школа №4,ru,full,34.1,False,,eliminated
P04648,Меруерт,Темирбеков,F,Западно-Казахстанская область,Сельский район,Школа №5,kk,full,54.5,False,,eliminated
P04649,Алина,Сатпаев,F,Карагандинская область,Южный район,Школа №4,kk,single,24.7,False,,eliminated
P04650,Олжас,Бекенов,M,г. Шымкент,Восточный район,Школа №1,kk,full,51.6,False,,eliminated
P04651,Динара,Абилов,F,Жамбылская область,Восточный район,Школа №5,kk,full,51.3,False,,eliminated
P04652,Александр,Соколов,M,Алматинская область,Заречный район,Школа №3,ru,full,64.4,False,,eliminated
P04653,Анастасия,Новикова,F,Восточно-Казахстанская область,Сельский район,Школа №5,ru,full,55.7,False,,eliminated
P04654,Анна,Лебедева,F,г. Астана,Западный район,Школа №3,ru,full,64.4,False,,eliminated
P04655,Данияр,Сериков,M,Алматинская область,Центральный район,Школа №3,kk,full,65.6,False,,eliminated
P04656,Ольга,Петрова,F,Атырауская область,Восточный район,Школа №4,ru,full,87.3,True,80.7,finalist
P04657,Аружан,Сатпаев,F,Алматинская область,Северный район,Школа №5,kk,full,50.3,False,,eliminated
P04658,Аяна,Жумабеков,F,г. Астана,Заречный район,Школа №5,kk,single,34.9,False,,eliminated
P04659,Алмат,Маратов,M,Кызылординская область,Заречный район,Школа №3,kk,single,52.7,False,,eliminated
P04660,Александр,Соколов,M,Жамбылская область,Восточный район,Школа №2,ru,full,43.0,False,,eliminated
P04661,Рамазан,Темирбеков,M,Туркестанская область,Сельский район,Школа №5,kk,single,71.2,True,64.4,finalist
P04662,Андрей,Соколов,M,Карагандинская область, Центральный район ,Школа №3,ru,full,50.8,False,,eliminated
P04663,Арман,Бекенов,M,Алматинская область,Центральный район,Школа №3,kk,single,40.5,False,,eliminated
P04664,Никита,Новиков,M,Восточно-Казахстанская область,Западный район,Школа №2,ru,full,47.9,False,,eliminated
P04665,Ксения,Соколова,F,Атырауская область,Восточный район,Школа №3,ru,full,65.8,False,,eliminated
P04666,Эльмира,Алиев,F,Кызылординская область,Центральный район,Школа №5,kk,full,52.6,False,,eliminated
P04667,Ерасыл,Жумабеков,M,Северо-Казахстанская область,Заречный район,Школа №5,kk,single,39.4,False,,eliminated
P04668,Бекжан,Касенов,M,Туркестанская область,Центральный район,Школа №3,kk,full,80.0,True,60.4,finalist
P04669,Ксения,Волкова,F,Акмолинская область,Сельский район,Школа №4,ru,full,42.2,False,,eliminated
P04670,Камила,Темирбеков,F,Алматинская область,Восточный район,Школа №2,kk,single,49.5,False,,eliminated
P04671,Артём,Попов,M,Мангистауская область,Сельский район,Школа №3,ru,full,64.8,False,,eliminated
P04672,Камила,Абилов,F,Северо-Казахстанская область,Южный район,Школа №1,kk,full,30.5,False,,eliminated
P04673,София,Новикова,F,Алматинская область,Восточный район,Школа №3,ru,full,62.2,False,,eliminated
P04674,Дарья,Новикова,F,Восточно-Казахстанская область,Западный район,Школа №1,ru,full,39.2,False,,eliminated
P04675,Алмат,Абилов,M,Павлодарская область,Восточный район,Школа №2,kk,single,61.3,False,,eliminated
P04676,Ержан,Жумабеков,M,Жетысуская область,Центральный район,Школа №2,kk,full,40.6,False,,eliminated
P04677,Нурлан,Жумабеков,M,Туркестанская область,Северный район,Школа №1,kk,single,59.4,False,,eliminated
P04678,Санжар,Алиев,M,Акмолинская область,Заречный район,Школа №5,kk,full,71.6,True,84.1,finalist
P04679,Жансая,Темирбеков,F,Восточно-Казахстанская область,Восточный район,Школа №2,kk,full,67.9,True,68.4,finalist
P04680,Ольга,Кузнецова,F,Актюбинская область,Сельский район,Школа №1,ru,single,52.8,False,,eliminated
P04681,Малика,Нурланов,F,Костанайская область,Южный район,Школа №3,kk,full,51.5,False,,eliminated
P04682,Алтынай,Маратов,F,Павлодарская область,Западный район,Школа №3,kk,full,46.4,False,,eliminated
P04683,Кирилл,Петров,M,Северо-Казахстанская область,Западный район,Школа №3,ru,full,77.1,True,76.9,finalist
P04684,Михаил,Иванов,M,Костанайская область,Восточный район,Школа №1,ru,full,44.5,False,,eliminated
P04685,Сауле,Касенов,F,г. Алматы,Восточный район,Школа №3,kk,single,33.4,False,,eliminated
P04686,Алмат,Темирбеков,M,Северо-Казахстанская область,Центральный район,Школа №3,kk,full,65.0,False,,eliminated
P04687,Аяна,Сатпаев,F,Кызылординская область,Центральный район,Школа №5,kk,full,43.1,False,,eliminated
P04688,Аружан,Бекенов,F,Костанайская область,Заречный район,Школа №5,kk,full,40.7,False,,eliminated
P04689,Ксения,Морозова,F,Мангистауская область,Западный район,Школа №4,ru,full,33.3,False,,eliminated
P04690,Аян,Кадыров,M,Кызылординская область,Центральный район,Школа №4,kk,single,41.8,False,,eliminated
P04691,Ольга,Попова,F,Актюбинская область,Сельский район,Школа №4,ru,single,47.8,False,,eliminated
P04692,Алихан,Алиев,M,Северо-Казахстанская область,Сельский район,Школа №3,kk,single,52.6,False,,eliminated
P04693,Алихан,Сатпаев,M,Туркестанская область,Восточный район,Школа №1,kk,full,69.3,True,95.4,finalist
P04694,Кирилл,Соколов,M,Мангистауская область,Центральный район,Школа №4,ru,single,56.9,False,,eliminated
P04695,Артём,Соколов,M,Северо-Казахстанская область,Центральный район,Школа №5,ru,full,52.1,False,,eliminated
P04696,Сабина,Маратов,F,Алматинская область,Северный район,Школа №4,kk,full,52.0,False,,eliminated
P04697,Сауле,Сатпаев,F,Западно-Казахстанская область,Северный район,Школа №3,kk,full,62.7,False,,eliminated
P04698,Анна,Смирнова,F,Мангистауская область,Западный район,Школа №5,ru,full,74.1,True,72.4,finalist
P04699,Айгерим,Кадыров,F,Улытауская область,Западный район,Школа №5,kk,single,50.9,False,,eliminated
P04700,Михаил,Иванов,M,г. Алматы,Центральный район,Школа №2,ru,full,48.0,False,,eliminated
P04701,Айдана,Тулегенов,F,Алматинская область,Заречный район,Школа №1,kk,full,40.1,False,,eliminated
P04702,Ксения,Морозова,F,Павлодарская область,Сельский район,Школа №5,ru,full,33.3,False,,eliminated
P04703,Бекжан,Сериков,M,Алматинская область,Восточный район,Школа №5,kk,full,65.0,False,,eliminated
P04704,Алихан,Алиев,M,Карагандинская область,Восточный район,Школа №4,kk,single,57.7,False,,eliminated
P04705,Ержан,Сатпаев,M,Улытауская область,Сельский район,Школа №2,kk,full,63.7,False,,eliminated
P04706,Сабина,Тулегенов,F,Западно-Казахстанская область,Западный район,Школа №3,kk,full,53.1,False,,eliminated
P04707,Томирис,Алиев,F,Абайская область,Северный район,Школа №3,kk,single,70.1,True,83.7,finalist
P04708,Иван,Новиков,M,Алматинская область,Сельский район,Школа №3,ru,full,47.7,False,,eliminated
P04709,Алтынай,Бекенов,F,Абайская область,Южный район,Школа №5,kk,full,69.3,True,48.9,finalist
P04710,Санжар,Сатпаев,M,Мангистауская область,Южный район,Школа №4,kk,full,54.4,False,,eliminated
P04711,Тимур,Кадыров,M,Жамбылская область,Сельский район,Школа №2,kk,single,39.9,False,,eliminated
P04712,Дмитрий,Морозов,M,Туркестанская область,Восточный район,Школа №2,ru,full,63.9,False,,eliminated
P04713,София,Попова,F,Кызылординская область,Восточный район,Школа №5,ru,full,61.1,False,,eliminated
P04714,Динара,Тулегенов,F,Жамбылская область,Западный район,Школа №1,kk,full,60.4,False,,eliminated
P04715,Дамир,Алиев,M,Туркестанская область,Западный район,Школа №5,kk,full,56.2,False,,eliminated
P04716,Айгерим,Нурланов,F,г. Шымкент,Восточный район,Школа №5,kk,full,54.4,False,,eliminated
P04717,Кирилл,Смирнов,M,Северо-Казахстанская область,Восточный район,Школа №2,ru,full,90.8,True,68.1,finalist
P04718,Аяна,Абилов,F,Костанайская область,Северный район,Школа №1,kk,full,72.8,True,52.2,finalist
P04719,Жансая,Кадыров,F,Туркестанская область,Сельский район,Школа №1,kk,full,65.8,False,,eliminated
P04720,Дарья,Морозова,F,Абайская область,Центральный район,Школа №4,ru,full,56.7,False,,eliminated
P04721,Томирис,Жумабеков,F,Кызылординская область,Сельский район,Школа №2,kk,single,64.1,False,,eliminated
P04722,Дана,Абилов,F,Жетысуская область,Сельский район,Школа №2,kk,full,62.8,False,,eliminated
P04723,Елена,Кузнецова,F,г. Шымкент,Центральный район,Школа №2,ru,full,55.4,False,,eliminated
P04724,Михаил,Лебедев,M,Павлодарская область,Восточный район,Школа №1,ru,single,44.4,False,,eliminated
P04725,Дамир,Абилов,M,Туркестанская область,Заречный район,Школа №1,kk,single,47.8,False,,eliminated
P04726,Александр,Соколов,M,Абайская область,Западный район,Школа №3,ru,full,7.4,False,,eliminated
P04727,Жаныбек,Темирбеков,M,Актюбинская область,Заречный район,Школа №4,kk,single,52.2,False,,eliminated
P04728,Екатерина,Кузнецова,F,Карагандинская область,Северный район,Школа №2,ru,full,47.7,False,,eliminated
P04729,Дана,Алиев,F,Кызылординская область,Сельский район,Школа №4,kk,single,72.9,True,59.4,finalist
P04730,Олжас,Касенов,M,Костанайская область,Центральный район,Школа №1,kk,full,55.3,False,,eliminated
P04731,Дарья,Петрова,F,Алматинская область,Южный район,Школа №4,ru,single,31.2,False,,eliminated
P04732,Санжар,Бекенов,M,г. Астана,Сельский район,Школа №5,kk,full,54.3,False,,eliminated
P04733,Дарья,Иванова,F,Карагандинская область,Восточный район,Школа №5,ru,single,33.3,False,,eliminated
P04734,Никита,Соколов,M,Северо-Казахстанская область,Сельский район,Школа №4,ru,full,62.1,False,,eliminated
P04735,София,Смирнова,F,Улытауская область,Южный район,Школа №1,ru,full,59.4,False,,eliminated
P04736,Малика,Сериков,F,Павлодарская область,Заречный район,Школа №4,kk,full,69.4,True,63.3,finalist
P04737,Максим,Новиков,M,Улытауская область,Заречный район,Школа №5,ru,single,37.1,False,,eliminated
P04738,Екатерина,Лебедева,F,Актюбинская область,Сельский район,Школа №5,ru,full,55.5,False,,eliminated
P04739,Ксения,Волкова,F,Атырауская область,Заречный район,Школа №1,ru,single,28.5,False,,eliminated
P04740,Бекжан,Касенов,M,Костанайская область,Заречный район,Школа №5,kk,full,65.5,False,,eliminated
P04741,Нурлан,Алиев,M,Мангистауская область,Заречный район,Школа №5,kk,full,62.8,False,,eliminated
P04742,Томирис,Сатпаев,F,Туркестанская область,Заречный район,Школа №1,kk,single,56.4,False,,eliminated
P04743,Аружан,Темирбеков,F,Акмолинская область,Западный район,Школа №1,kk,full,55.0,False,,eliminated
P04744,Артём,Морозов,M,Павлодарская область,Заречный район,Школа №1,ru,full,61.2,False,,eliminated
P04745,Ерасыл,Сатпаев,M,Костанайская область,Центральный район,Школа №5,kk,single,73.1,True,71.9,finalist
P04746,Камила,Абилов,F,Алматинская область,Заречный район,Школа №1,kk,full,50.7,False,,eliminated
P04747,Иван,Морозов,M,Туркестанская область,Северный район,Школа №2,ru,full,57.1,False,,eliminated
P04748,Томирис,Нурланов,F,Павлодарская область,Южный район,Школа №2,kk,full,38.7,False,,eliminated
P04749,Айдана,Кадыров,F,Алматинская область,Восточный район,Школа №4,kk,full,42.0,False,,eliminated
P04750,Бауыржан,Жумабеков,M,Жамбылская область,Сельский район,Школа №3,kk,full,56.5,False,,eliminated
P04751,Олжас,Касенов,M,Туркестанская область,Восточный район,Школа №3,kk,single,65.6,False,,eliminated
P04752,Динара,Тулегенов,F,Туркестанская область,Южный район,Школа №1,kk,full,51.2,False,,eliminated
P04753,Эльмира,Сериков,F,Западно-Казахстанская область,Центральный район,Школа №4,kk,full,51.5,False,,eliminated
P04754,Сабина,Темирбеков,F,Павлодарская область,Центральный район,Школа №5,kk,full,48.9,False,,eliminated
P04755,Камила,Нурланов,F,Павлодарская область,Западный район,Школа №3,kk,full,47.0,False,,eliminated
P04756,Анна,Новикова,F,Алматинская область,Сельский район,Школа №3,ru,single,53.4,False,,eliminated
P04757,Бекжан,Маратов,M,Акмолинская область,Северный район,Школа №2,kk,full,32.5,False,,eliminated
P04758,Ксения,Смирнова,F,Кызылординская область,Южный район,Школа №4,ru,full,74.2,True,59.1,finalist
P04759,Темирлан,Сериков,M,Акмолинская область,Заречный район,Школа №5,kk,full,45.0,False,,eliminated
P04760,Меруерт,Нурланов,F,Западно-Казахстанская область,Заречный район,Школа №1,kk,full,65.8,False,,eliminated
P04761,Шынгыс,Бекенов,M,Мангистауская область,Заречный район,Школа №1,kk,single,30.0,False,,eliminated
P04762,Максим,Попов,M,Мангистауская область,Заречный район,Школа №2,ru,full,65.0,False,,eliminated
P04763,Алина,Касенов,F,г. Шымкент,Сельский район,Школа №4,kk,full,65.1,False,,eliminated
P04764,Владислав,Лебедев,M,Атырауская область,Заречный район,Школа №1,ru,full,60.8,False,,eliminated
P04765,Олжас,Тулегенов,M,Северо-Казахстанская область,Сельский район,Школа №1,kk,single,34.1,False,,eliminated
P04766,Алина,Бекенов,F,Кызылординская область,Сельский район,Школа №2,kk,single,52.7,False,,eliminated
P04767,Гульнара,Сатпаев,F,Павлодарская область,Южный район,Школа №4,kk,single,31.3,False,,eliminated
P04768,София,Попова,F,г. Астана,Заречный район,Школа №4,ru,full,51.2,False,,eliminated
P04769,Дария,Тулегенов,F,г. Астана,Западный район,Школа №1,kk,full,70.4,True,73.4,finalist
P04770,София,Лебедева,F,г. Шымкент,Сельский район,Школа №1,ru,full,67.0,True,43.7,finalist
P04771,Наргиз,Темирбеков,F,Акмолинская область,Заречный район,Школа №2,kk,full,55.2,False,,eliminated
P04772,Аружан,Нурланов,F,Улытауская область,Западный район,Школа №3,kk,full,40.4,False,,eliminated
P04773,Темирлан,Тулегенов,M,Карагандинская область,Центральный район,Школа №4,kk,full,64.7,False,,eliminated
P04774,Алихан,Тулегенов,M,Западно-Казахстанская область,Северный район,Школа №3,kk,full,55.3,False,,eliminated
P04775,Анна,Новикова,F,Павлодарская область,Заречный район,Школа №3,ru,full,20.2,False,,eliminated
P04776,Жансая,Кадыров,F,Атырауская область,Заречный район,Школа №5,kk,full,66.7,True,84.0,finalist
P04777,Кирилл,Кузнецов,M,Абайская область,Сельский район,Школа №2,ru,full,54.6,False,,eliminated
P04778,Гульнара,Бекенов,F,Кызылординская область,Северный район,Школа №4,kk,full,73.0,True,67.0,finalist
P04779,Балжан,Кадыров,F,г. Шымкент,Заречный район,Школа №4,kk,single,32.6,False,,eliminated
P04780,Максим,Соколов,M,Павлодарская область,Южный район,Школа №3,ru,full,7.3,False,,eliminated
P04781,Екатерина,Петрова,F,Абайская область,Центральный район,Школа №3,ru,single,53.2,False,,eliminated
P04782,Темирлан,Абилов,M,Костанайская область,Восточный район,Школа №3,kk,single,53.4,False,,eliminated
P04783,Алтынай,Касенов,F,Абайская область,Южный район,Школа №1,kk,full,29.6,False,,eliminated
P04784,Малика,Абилов,F,г. Шымкент,Восточный район,Школа №3,kk,full,40.3,False,,eliminated
P04785,Олжас,Тулегенов,M,г. Алматы,Восточный район,Школа №4,kk,single,90.3,True,46.4,finalist
P04786,Владислав,Кузнецов,M,Жетысуская область,Южный район,Школа №4,ru,full,50.4,False,,eliminated
P04787,Екатерина,Новикова,F,г. Астана,Сельский район,Школа №4,ru,single,60.0,False,,eliminated
P04788,Алихан,Кадыров,M,Абайская область,Северный район,Школа №3,kk,full,45.2,False,,eliminated
P04789,Дария,Кадыров,F,Акмолинская область,Южный район,Школа №1,kk,full,23.6,False,,eliminated
P04790,Александр,Соколов,M,Туркестанская область,Северный район,Школа №1,ru,full,52.4,False,,eliminated
P04791,Малика,Алиев,F,г. Шымкент,Центральный район,Школа №5,kk,full,51.0,False,,eliminated
P04792,Кирилл,Иванов,M,г. Астана,Западный район,Школа №3,ru,full,49.0,False,,eliminated
P04793,Дария,Абилов,F,Жетысуская область,Восточный район,Школа №2,kk,full,53.3,False,,eliminated
P04794,Сабина,Абилов,F,Карагандинская область,Западный район,Школа №3,kk,single,53.0,False,,eliminated
P04795,Гульнара,Сериков,F,г. Шымкент,Западный район,Школа №3,kk,full,52.7,False,,eliminated
P04796,Камила,Сериков,F,Павлодарская область,Северный район,Школа №3,kk,full,36.0,False,,eliminated
P04797,Рамазан,Жумабеков,M,Жетысуская область,Восточный район,Школа №1,kk,full,62.3,False,,eliminated
P04798,Меруерт,Кадыров,F,Мангистауская область,Сельский район,Школа №5,kk,full,25.8,False,,eliminated
P04799,Сабина,Абилов,F,Костанайская область,Южный район,Школа №5,kk,single,18.2,False,,eliminated
P04800,Никита,Иванов,M,Абайская область,Центральный район,Школа №1,ru,full,66.1,True,50.8,finalist
P04801,Бекжан,Нурланов,M,Костанайская область,Западный район,Школа №1,kk,full,62.6,False,,eliminated
P04802,Дана,Жумабеков,F,Восточно-Казахстанская область,Южный район,Школа №4,kk,full,54.1,False,,eliminated
P04803,Бекжан,Темирбеков,M,Павлодарская область,Южный район,Школа №3,kk,single,28.1,False,,eliminated
P04804,Никита,Новиков,M,Костанайская область,Сельский район,Школа №5,ru,full,44.4,False,,eliminated
P04805,Михаил,Смирнов,M,Алматинская область,Западный район,Школа №1,ru,full,51.1,False,,eliminated
P04806,Ксения,Новикова,F,Улытауская область,Заречный район,Школа №2,ru,single,25.1,False,,eliminated
P04807,Ольга,Лебедева,F,Жетысуская область,Центральный район,Школа №4,ru,full,43.9,False,,eliminated
P04808,Екатерина,Лебедева,F,Мангистауская область, Восточный район ,Школа №4,ru,full,64.8,False,,eliminated
P04809,Динара,Кадыров,F,Абайская область,Сельский район,Школа №1,kk,full,76.4,True,40.1,finalist
P04810,Александр,Новиков,M,Атырауская область,Западный район,Школа №5,ru,single,42.7,False,,eliminated
P04811,Анастасия,Петрова,F,Абайская область,Восточный район,Школа №2,ru,full,66.3,True,58.2,finalist
P04812,Олжас,Тулегенов,M,Восточно-Казахстанская область,Южный район,Школа №2,kk,full,26.3,False,,eliminated
P04813,Ксения,Лебедева,F,Туркестанская область,Центральный район,Школа №4,ru,full,64.9,False,,eliminated
P04814,Ольга,Смирнова,F,Западно-Казахстанская область,Сельский район,Школа №5,ru,full,42.9,False,,eliminated
P04815,Полина,Новикова,F,Акмолинская область,Западный район,Школа №3,ru,full,59.6,False,,eliminated
P04816,Бауыржан,Маратов,M,г. Алматы, Сельский район ,Школа №2,kk,single,45.3,False,,eliminated
P04817,Арман,Нурланов,M,Улытауская область,Северный район,Школа №3,kk,full,74.8,True,66.4,finalist
P04818,Александр,Попов,M,Актюбинская область,Сельский район,Школа №1,ru,full,41.9,False,,eliminated
P04819,Арман,Тулегенов,M,Алматинская область,Южный район,Школа №2,kk,full,64.4,False,,eliminated
P04820,Дарья,Новикова,F,Улытауская область,Южный район,Школа №5,ru,single,44.8,False,,eliminated
P04821,Дария,Маратов,F,г. Астана,Северный район,Школа №2,kk,full,52.6,False,,eliminated
P04822,Нурлан,Маратов,M,Жамбылская область,Западный район,Школа №5,kk,full,52.2,False,,eliminated
P04823,Дамир,Касенов,M,Улытауская область,Северный район,Школа №4,kk,single,36.3,False,,eliminated
P04824,Мария,Новикова,F,Восточно-Казахстанская область,Северный район,Школа №4,ru,full,54.8,False,,eliminated
P04825,Максим,Новиков,M,Кызылординская область,Южный район,Школа №4,ru,single,48.1,False,,eliminated
P04826,Ксения,Соколова,F,Алматинская область, Сельский район ,Школа №4,ru,full,58.6,False,,eliminated
P04827,Айгерим,Жумабеков,F,Акмолинская область,Северный район,Школа №5,kk,full,56.3,False,,eliminated
P04828,Айгерим,Касенов,F,г. Алматы,Южный район,Школа №5,kk,full,67.0,True,57.8,finalist
P04829,Данияр,Кадыров,M,Туркестанская область,Заречный район,Школа №5,kk,full,68.9,True,71.3,finalist
P04830,Данияр,Сериков,M,Кызылординская область,Центральный район,Школа №3,kk,full,39.2,False,,eliminated
P04831,Санжар,Касенов,M,Алматинская область,Восточный район,Школа №1,kk,full,68.0,True,52.8,finalist
P04832,Малика,Сериков,F,Жетысуская область,Заречный район,Школа №3,kk,full,37.2,False,,eliminated
P04833,Айдана,Жумабеков,F,Костанайская область,Западный район,Школа №5,kk,full,63.8,False,,eliminated
P04834,Жаныбек,Сатпаев,M,г. Шымкент,Заречный район,Школа №4,kk,full,64.3,False,,eliminated
P04835,Динара,Нурланов,F,Кызылординская область,Заречный район,Школа №5,kk,single,20.3,False,,eliminated
P04836,Камила,Бекенов,F,г. Алматы,Северный район,Школа №4,kk,full,56.4,False,,eliminated
P04837,Санжар,Маратов,M,Алматинская область,Восточный район,Школа №2,kk,full,48.0,False,,eliminated
P04838,Дмитрий,Смирнов,M,Западно-Казахстанская область,Южный район,Школа №5,ru,full,43.6,False,,eliminated
P04839,Гульнара,Касенов,F,г. Шымкент,Центральный район,Школа №1,kk,full,75.3,True,53.0,finalist
P04840,Михаил,Иванов,M,Западно-Казахстанская область,Заречный район,Школа №5,ru,single,39.2,False,,eliminated
P04841,Ольга,Смирнова,F,Костанайская область,Центральный район,Школа №5,ru,full,42.9,False,,eliminated
P04842,Томирис,Тулегенов,F,Северо-Казахстанская область,Северный район,Школа №1,kk,single,50.1,False,,eliminated
P04843,Камила,Нурланов,F,г. Алматы,Западный район,Школа №1,kk,full,65.3,False,,eliminated
P04844,Эльмира,Сериков,F,Восточно-Казахстанская область,Западный район,Школа №1,kk,full,52.9,False,,eliminated
P04845,Нурлан,Нурланов,M,Атырауская область,Южный район,Школа №1,kk,full,72.5,True,59.8,finalist
P04846,Арман,Абилов,M,Мангистауская область,Западный район,Школа №4,kk,full,63.0,False,,eliminated
P04847,София,Попова,F,Туркестанская область,Сельский район,Школа №5,ru,single,16.3,False,,eliminated
P04848,Сауле,Темирбеков,F,г. Астана,Заречный район,Школа №4,kk,full,47.1,False,,eliminated
P04849,Анна,Попова,F,Туркестанская область,Центральный район,Школа №1,ru,single,40.6,False,,eliminated
P04850,Андрей,Соколов,M,Западно-Казахстанская область,Восточный район,Школа №4,ru,full,62.2,False,,eliminated
P04851,Алтынай,Кадыров,F,Восточно-Казахстанская область,Восточный район,Школа №3,kk,full,15.6,False,,eliminated
P04852,Эльмира,Нурланов,F,г. Шымкент,Южный район,Школа №3,kk,full,93.2,True,63.1,finalist
P04853,Анна,Кузнецова,F,Северо-Казахстанская область,Западный район,Школа №5,ru,full,63.0,False,,eliminated
P04854,Эльмира,Бекенов,F,г. Алматы,Сельский район,Школа №2,kk,full,57.2,False,,eliminated
P04855,Елена,Смирнова,F,Туркестанская область,Заречный район,Школа №4,ru,full,72.7,True,58.2,finalist
P04856,Дана,Жумабеков,F,Абайская область,Сельский район,Школа №1,kk,full,90.2,True,72.1,finalist
P04857,Ержан,Кадыров,M,Мангистауская область,Центральный район,Школа №2,kk,single,62.1,False,,eliminated
P04858,Алихан,Бекенов,M,г. Алматы,Южный район,Школа №3,kk,full,69.2,True,60.4,finalist
P04859,Жансая,Жумабеков,F,Атырауская область,Сельский район,Школа №3,kk,single,51.0,False,,eliminated
P04860,Жансая,Нурланов,F,г. Алматы,Западный район,Школа №5,kk,single,46.9,False,,eliminated
P04861,Аяна,Маратов,F,Абайская область,Восточный район,Школа №1,kk,full,47.9,False,,eliminated
P04862,Аян,Касенов,M,г. Шымкент,Северный район,Школа №1,kk,single,36.6,False,,eliminated
P04863,Аян,Абилов,M,Жетысуская область,Северный район,Школа №4,kk,full,44.7,False,,eliminated
P04864,Максим,Соколов,M,Павлодарская область,Западный район,Школа №5,ru,single,28.7,False,,eliminated
P04865,Дария,Нурланов,F,г. Алматы,Восточный район,Школа №4,kk,single,47.9,False,,eliminated
P04866,Томирис,Жумабеков,F,Западно-Казахстанская область,Западный район,Школа №1,kk,full,29.7,False,,eliminated
P04867,Наргиз,Алиев,F,Мангистауская область,Восточный район,Школа №5,kk,single,51.9,False,,eliminated
P04868,Владислав,Лебедев,M,Павлодарская область,Восточный район,Школа №2,ru,single,48.5,False,,eliminated
P04869,Алмат,Маратов,M,Жамбылская область,Сельский район,Школа №4,kk,full,57.2,False,,eliminated
P04870,Бауыржан,Тулегенов,M,г. Алматы,Северный район,Школа №1,kk,full,47.2,False,,eliminated
P04871,Анна,Морозова,F,Абайская область,Центральный район,Школа №3,ru,full,100.0,True,65.7,finalist
P04872,Арман,Тулегенов,M,Акмолинская область,Сельский район,Школа №5,kk,full,75.4,True,50.3,finalist
P04873,София,Попова,F,Жамбылская область,Центральный район,Школа №3,ru,single,30.3,False,,eliminated
P04874,Наргиз,Тулегенов,F,Алматинская область,Южный район,Школа №3,kk,single,52.5,False,,eliminated
P04875,Алина,Темирбеков,F,Мангистауская область,Сельский район,Школа №5,kk,full,45.9,False,,eliminated
P04876,Иван,Иванов,M,Карагандинская область,Восточный район,Школа №2,ru,full,39.8,False,,eliminated
P04877,Аружан,Жумабеков,F,Туркестанская область,Западный район,Школа №2,kk,full,34.9,False,,eliminated
P04878,Сауле,Маратов,F,Атырауская область,Сельский район,Школа №4,kk,single,55.5,False,,eliminated
P04879,Владислав,Попов,M,Акмолинская область,Восточный район,Школа №1,ru,full,44.8,False,,eliminated
P04880,Рамазан,Сатпаев,M,г. Астана,Восточный район,Школа №1,kk,full,69.5,True,85.6,finalist
P04881,Анна,Иванова,F,г. Астана,Западный район,Школа №3,ru,full,69.9,True,65.6,finalist
P04882,Малика,Кадыров,F,Акмолинская область,Западный район,Школа №5,kk,full,75.6,True,62.1,finalist
P04883,Артём,Петров,M,Карагандинская область,Центральный район,Школа №2,ru,full,42.2,False,,eliminated
P04884,Олжас,Сериков,M,Западно-Казахстанская область,Сельский район,Школа №1,kk,full,62.1,False,,eliminated
P04885,Артём,Иванов,M,Акмолинская область,Южный район,Школа №4,ru,full,64.5,False,,eliminated
P04886,Аяна,Касенов,F,Карагандинская область,Восточный район,Школа №3,kk,single,41.9,False,,eliminated
P04887,Темирлан,Тулегенов,M,г. Шымкент,Северный район,Школа №2,kk,full,43.4,False,,eliminated
P04888,Дарья,Смирнова,F,г. Шымкент,Сельский район,Школа №2,ru,full,79.1,True,61.0,finalist
P04889,Иван,Соколов,M,Акмолинская область,Центральный район,Школа №2,ru,full,58.4,False,,eliminated
P04890,Ольга,Попова,F,Карагандинская область,Северный район,Школа №5,ru,full,64.5,False,,eliminated
P04891,Дана,Абилов,F,г. Алматы,Центральный район,Школа №5,kk,full,42.7,False,,eliminated
P04892,Екатерина,Лебедева,F,Павлодарская область,Западный район,Школа №2,ru,full,36.7,False,,eliminated
P04893,Иван,Иванов,M,Западно-Казахстанская область,Сельский район,Школа №5,ru,full,46.5,False,,eliminated
P04894,Наргиз,Маратов,F,Северо-Казахстанская область,Центральный район,Школа №1,kk,single,47.1,False,,eliminated
P04895,Андрей,Петров,M,Жетысуская область,Сельский район,Школа №5,ru,single,33.0,False,,eliminated
P04896,Бекжан,Сериков,M,Кызылординская область,Заречный район,Школа №4,kk,full,54.9,False,,eliminated
P04897,Жаныбек,Темирбеков,M,Актюбинская область,Западный район,Школа №2,kk,full,29.7,False,,eliminated
P04898,Артём,Смирнов,M,Мангистауская область,Центральный район,Школа №2,ru,full,38.2,False,,eliminated
P04899,Жаныбек,Нурланов,M,Жетысуская область,Северный район,Школа №1,kk,full,65.1,False,,eliminated
P04900,Екатерина,Петрова,F,Абайская область,Центральный район,Школа №4,ru,full,64.1,False,,eliminated
P04901,Меруерт,Маратов,F,Западно-Казахстанская область,Центральный район,Школа №1,kk,full,49.1,False,,eliminated
P04902,Сауле,Сериков,F,г. Шымкент, Заречный район ,Школа №3,kk,full,39.7,False,,eliminated
P04903,Иван,Смирнов,M,Павлодарская область,Северный район,Школа №3,ru,full,39.6,False,,eliminated
P04904,Аяна,Жумабеков,F,Алматинская область,Северный район,Школа №1,kk,full,49.4,False,,eliminated
P04905,Михаил,Лебедев,M,Туркестанская область,Центральный район,Школа №4,ru,full,64.7,False,,eliminated
P04906,Тимур,Алиев,M,Жамбылская область,Южный район,Школа №4,kk,full,68.9,True,49.9,finalist
P04907,Айдар,Кадыров,M,Туркестанская область,Центральный район,Школа №2,kk,full,47.6,False,,eliminated
P04908,София,Волкова,F,Туркестанская область,Заречный район,Школа №3,ru,full,37.7,False,,eliminated
P04909,Меруерт,Тулегенов,F,г. Шымкент,Заречный район,Школа №5,kk,full,59.0,False,,eliminated
P04910,Сауле,Бекенов,F,Алматинская область,Восточный район,Школа №3,kk,single,36.6,False,,eliminated
P04911,Аян,Маратов,M,Западно-Казахстанская область,Центральный район,Школа №5,kk,full,47.2,False,,eliminated
P04912,Нурлан,Абилов,M,Жамбылская область,Центральный район,Школа №2,kk,full,74.9,True,76.6,finalist
P04913,Дана,Сериков,F,г. Астана,Центральный район,Школа №4,kk,full,67.4,True,56.4,finalist
P04914,Александр,Морозов,M,Кызылординская область,Восточный район,Школа №1,ru,full,57.4,False,,eliminated
P04915,Алихан,Абилов,M,Мангистауская область,Центральный район,Школа №4,kk,full,35.9,False,,eliminated
P04916,Алтынай,Касенов,F,Атырауская область,Восточный район,Школа №2,kk,single,52.2,False,,eliminated
P04917,Алина,Абилов,F,Восточно-Казахстанская область,Центральный район,Школа №3,kk,full,70.9,True,80.8,finalist
P04918,Кирилл,Соколов,M,Абайская область,Центральный район,Школа №1,ru,full,49.4,False,,eliminated
P04919,Ксения,Соколова,F,Атырауская область,Сельский район,Школа №1,ru,single,69.3,True,62.8,finalist
P04920,Аружан,Жумабеков,F,Актюбинская область,Центральный район,Школа №3,kk,full,74.4,True,66.1,finalist
P04921,Алина,Сериков,F,Западно-Казахстанская область,Восточный район,Школа №3,kk,full,80.0,True,52.6,finalist
P04922,Сабина,Алиев,F,Атырауская область,Северный район,Школа №1,kk,full,59.6,False,,eliminated
P04923,Дарья,Петрова,F,Актюбинская область,Восточный район,Школа №3,ru,full,63.8,False,,eliminated
P04924,Никита,Попов,M,Алматинская область,Заречный район,Школа №5,ru,full,76.2,True,77.6,finalist
P04925,Кирилл,Попов,M,Атырауская область,Центральный район,Школа №4,ru,full,61.7,False,,eliminated
P04926,Бекжан,Сериков,M,Павлодарская область,Сельский район,Школа №5,kk,single,41.5,False,,eliminated
P04927,Ерасыл,Касенов,M,Карагандинская область,Центральный район,Школа №2,kk,full,48.3,False,,eliminated
P04928,Екатерина,Соколова,F,Павлодарская область,Заречный район,Школа №2,ru,full,58.6,False,,eliminated
P04929,Наргиз,Тулегенов,F,г. Шымкент,Сельский район,Школа №4,kk,full,35.6,False,,eliminated
P04930,Ксения,Новикова,F,Мангистауская область,Центральный район,Школа №5,ru,full,52.9,False,,eliminated
P04931,Ерасыл,Касенов,M,Западно-Казахстанская область,Заречный район,Школа №3,kk,single,65.4,False,,eliminated
P04932,Бекжан,Кадыров,M,г. Шымкент,Восточный район,Школа №5,kk,full,22.1,False,,eliminated
P04933,Ержан,Алиев,M,Кызылординская область,Сельский район,Школа №4,kk,single,72.0,True,72.9,finalist
P04934,Адильхан,Сатпаев,M,Жамбылская область, Восточный район ,Школа №1,kk,full,71.8,True,56.3,finalist
P04935,Меруерт,Жумабеков,F,Абайская область,Заречный район,Школа №2,kk,full,48.1,False,,eliminated
P04936,Иван,Иванов,M,г. Шымкент,Южный район,Школа №5,ru,full,63.2,False,,eliminated
P04937,Арман,Нурланов,M,Мангистауская область,Западный район,Школа №2,kk,single,49.0,False,,eliminated
P04938,Аяна,Жумабеков,F,Актюбинская область,Восточный район,Школа №1,kk,full,73.4,True,75.3,finalist
P04939,Жаныбек,Алиев,M,Туркестанская область,Западный район,Школа №5,kk,full,69.7,True,49.8,finalist
P04940,Анастасия,Лебедева,F,Улытауская область,Сельский район,Школа №1,ru,full,34.0,False,,eliminated
P04941,Томирис,Кадыров,F,г. Шымкент,Северный район,Школа №2,kk,single,57.8,False,,eliminated
P04942,Алина,Алиев,F,Костанайская область,Восточный район,Школа №2,kk,full,51.9,False,,eliminated
P04943,Екатерина,Морозова,F,Кызылординская область,Сельский район,Школа №1,ru,full,56.2,False,,eliminated
P04944,Елена,Петрова,F,Жамбылская область,Южный район,Школа №4,ru,full,44.1,False,,eliminated
P04945,Динара,Касенов,F,Туркестанская область,Северный район,Школа №3,kk,full,81.2,True,62.7,finalist
P04946,Елена,Смирнова,F,Абайская область,Западный район,Школа №1,ru,full,70.6,True,43.6,finalist
P04947,Алмат,Кадыров,M,Улытауская область,Восточный район,Школа №5,kk,full,43.9,False,,eliminated
P04948,Иван,Волков,M,Атырауская область,Заречный район,Школа №3,ru,full,35.0,False,,eliminated
P04949,Айгерим,Сатпаев,F,Кызылординская область,Южный район,Школа №5,kk,full,49.2,False,,eliminated
P04950,София,Кузнецова,F,Мангистауская область,Южный район,Школа №2,ru,full,61.5,False,,eliminated
P04951,Арман,Бекенов,M,Улытауская область,Заречный район,Школа №4,kk,single,52.6,False,,eliminated
P04952,Томирис,Алиев,F,Актюбинская область,Северный район,Школа №1,kk,full,73.8,True,67.7,finalist
P04953,Балжан,Темирбеков,F,Алматинская область,Центральный район,Школа №2,kk,full,66.8,True,54.3,finalist
P04954,Дана,Нурланов,F,г. Астана,Южный район,Школа №3,kk,single,63.5,False,,eliminated
P04955,Аружан,Маратов,F,Атырауская область,Северный район,Школа №2,kk,single,53.9,False,,eliminated
P04956,Полина,Попова,F,Туркестанская область,Центральный район,Школа №5,ru,full,34.2,False,,eliminated
P04957,Екатерина,Новикова,F,Абайская область,Западный район,Школа №5,ru,single,46.1,False,,eliminated
P04958,Эльмира,Алиев,F,Алматинская область,Северный район,Школа №1,kk,full,70.9,True,52.6,finalist
P04959,Аружан,Нурланов,F,Акмолинская область, Западный район ,Школа №5,kk,full,54.2,False,,eliminated
P04960,Бекжан,Сериков,M,Северо-Казахстанская область,Сельский район,Школа №3,kk,single,56.5,False,,eliminated
P04961,Екатерина,Морозова,F,Абайская область,Северный район,Школа №3,ru,single,44.2,False,,eliminated
P04962,Владислав,Морозов,M,Алматинская область,Центральный район,Школа №2,ru,full,39.6,False,,eliminated
P04963,Камила,Алиев,F,Карагандинская область,Сельский район,Школа №3,kk,full,53.1,False,,eliminated
P04964,Анастасия,Иванова,F,Костанайская область,Северный район,Школа №3,ru,full,59.6,False,,eliminated
P04965,Балжан,Жумабеков,F,г. Алматы,Заречный район,Школа №1,kk,single,39.2,False,,eliminated
P04966,Аян,Сатпаев,M,Жетысуская область,Западный район,Школа №1,kk,single,45.5,False,,eliminated
P04967,Дмитрий,Новиков,M,Туркестанская область,Западный район,Школа №2,ru,single,34.9,False,,eliminated
P04968,Екатерина,Новикова,F,Актюбинская область,Южный район,Школа №3,ru,full,71.8,True,64.9,finalist
P04969,Екатерина,Кузнецова,F,Акмолинская область,Восточный район,Школа №4,ru,full,50.6,False,,eliminated
P04970,Камила,Бекенов,F,Жетысуская область,Центральный район,Школа №1,kk,single,70.8,True,56.3,finalist
P04971,София,Попова,F,Костанайская область,Заречный район,Школа №5,ru,full,77.9,True,54.0,finalist
P04972,Бауыржан,Жумабеков,M,Акмолинская область,Северный район,Школа №5,kk,full,53.8,False,,eliminated
P04973,Владислав,Новиков,M,г. Астана,Заречный район,Школа №1,ru,full,39.9,False,,eliminated
P04974,Айдана,Темирбеков,F,Карагандинская область,Южный район,Школа №1,kk,full,23.7,False,,eliminated
P04975,Дана,Абилов,F,Карагандинская область,Северный район,Школа №5,kk,full,32.9,False,,eliminated
P04976,Ерасыл,Темирбеков,M,Павлодарская область,Южный район,Школа №5,kk,full,34.4,False,,eliminated
P04977,Владислав,Лебедев,M,Северо-Казахстанская область,Западный район,Школа №2,ru,full,75.7,True,85.1,finalist
P04978,Айдар,Сатпаев,M,Кызылординская область,Восточный район,Школа №5,kk,full,56.7,False,,eliminated
P04979,Иван,Иванов,M,г. Алматы,Центральный район,Школа №4,ru,full,60.8,False,,eliminated
P04980,Елена,Соколова,F,Костанайская область,Восточный район,Школа №4,ru,single,15.7,False,,eliminated
P04981,Анна,Новикова,F,Западно-Казахстанская область,Южный район,Школа №1,ru,single,31.0,False,,eliminated
P04982,Иван,Петров,M,Кызылординская область,Заречный район,Школа №4,ru,full,68.3,True,59.0,finalist
P04983,Аяна,Темирбеков,F,Алматинская область,Заречный район,Школа №4,kk,single,53.3,False,,eliminated
P04984,Гульнара,Темирбеков,F,Абайская область,Центральный район,Школа №3,kk,single,46.8,False,,eliminated
P04985,Иван,Морозов,M,Акмолинская область,Восточный район,Школа №1,ru,full,63.5,False,,eliminated
P04986,Елена,Лебедева,F,Кызылординская область,Южный район,Школа №1,ru,single,73.5,True,60.3,finalist
P04987,Александр,Иванов,M,Карагандинская область,Заречный район,Школа №3,ru,full,51.7,False,,eliminated
P04988,Бауыржан,Жумабеков,M,г. Алматы,Сельский район,Школа №2,kk,full,56.0,False,,eliminated
P04989,Михаил,Волков,M,г. Шымкент,Северный район,Школа №4,ru,full,57.9,False,,eliminated
P04990,Алихан,Бекенов,M,Улытауская область,Центральный район,Школа №5,kk,full,90.9,True,55.8,finalist
P04991,Андрей,Смирнов,M,Алматинская область,Сельский район,Школа №3,ru,full,23.5,False,,eliminated
P04992,Алтынай,Кадыров,F,г. Астана,Южный район,Школа №3,kk,full,65.2,False,,eliminated
P04993,Алихан,Абилов,M,Западно-Казахстанская область,Центральный район,Школа №3,kk,full,53.3,False,,eliminated
P04994,Мария,Кузнецова,F,Алматинская область,Заречный район,Школа №2,ru,single,57.5,False,,eliminated
P04995,Тимур,Абилов,M,Мангистауская область,Восточный район,Школа №3,kk,full,45.1,False,,eliminated
P04996,Дамир,Жумабеков,M,Западно-Казахстанская область,Восточный район,Школа №3,kk,full,54.3,False,,eliminated
P04997,Аяна,Жумабеков,F,Карагандинская область,Центральный район,Школа №5,kk,full,65.7,False,,eliminated
P04998,Анна,Кузнецова,F,Северо-Казахстанская область,Заречный район,Школа №3,ru,single,95.7,True,56.5,finalist
P04999,Аяна,Сатпаев,F,Северо-Казахстанская область,Заречный район,Школа №5,kk,full,67.1,True,70.9,finalist
P05000,Елена,Морозова,F,г. Астана, Южный район ,Школа №1,ru,full,42.3,False,,eliminated
